Texto,Label
Lula fará radioterapia para tratar câncer de pele; entenda o carcinoma basocelular,True
Lula pediu ao TSE que retirasse das redes o vídeo em que Moro defende a Lava Jato,Fake
Flávio Dino desbloqueou “emendas de 100 anos” de Bolsonaro e descobriu roubo envolvendo metade dos deputados.,Fake
"GRAVE! De acordo com Ives Gandra, o Instituto V-DEM da Universidade de Gotemburgo, que avalia a qualidade das democracias no mundo, classificou o Brasil como uma democracia apenas eleitoral. Nestas democracias, após as eleições, o povo não apita mais nada. O Instituto levou também em consideração a censura no Brasil e a existência de presos políticos.",Fake
"O número que estava errado na publicação era o de registro da pesquisa. A candidata apagou o post com erro e publicou, minutos depois, um post com o número correto.",True
A gente acredita que o Brasil está apto a receber esse evento grandioso.,True
Você pode consultar sua situação eleitoral no Portal do TSE.,True
"Criado na Holanda, brasileiro defende cuidados no processo de adoção",True
Presidente Lula faz check-up em hospital de São Paulo,True
Prisão em flagrante de Alexandre de Moraes foi protocolada,Fake
Unicef mobiliza jovens de 16 e 17 anos a tirar título de eleitor,True
Jair Bolsonaro não foi preso por causa de falhas na tornozeleira.,Fake
Ciro Gomes já sabia que haveria uma fraude eleitoral,Fake
Lula pede mobilização a centrais sindicais para fim da escala 6x1,True
O Boulos perde para todo mundo no segundo turno. Eu sou a única que ganha de todo mundo no segundo turno.,Fake
Trump chama Lula de ‘desastre total’ em discurso,Fake
Governo Lula envia mantimentos vencidos a mais de 6 meses para o Rio Grande do Sul,Fake
Lula diz que cobrará Conselho de Segurança da ONU sobre guerra no Irã,True
Áudio: CAE adia para a tarde desta terça votação de projeto que renegocia dívidas rurais,True
Lula enviou R$ 25 milhões ao Hamas via decreto,Fake
O autor do conteúdo interpreta o documento de forma equivocada ao sugerir que o decreto seria resultante de poder especial conferido ao presidente.,True
"“Estamos imersos em uma crise”, admite presidente do Supremo",True
PGR defende eleições diretas para mandato-tampão de governador do Rio,True
Brasil e EUA anunciam acordo de combate ao tráfico de armas e drogas,True
Elon Musk declara apoio a Pablo Marçal e convoca brasileiros e paulistas para votarem no candidato a prefeito de São Paulo pelo PRTB,Fake
"Eleitores colocavam 17 na urna e aparecia nulo ou automaticamente 13. E quem queria votar 13, não aparecia 17 nem nulo",Fake
Mensagens divulgadas por Allan dos Santos mostram Juliana Dal Piva confessando plano de Moraes para prender Bolsonaro,Fake
OCDE chamou o STF de cúmplice da corrupção e vai reagir contra a Corte,Fake
"Após reunião com Lula, Motta diz que PEC do fim da escala 6x1 prevê jornada de 40 horas sem corte de salário e transição de 14 meses",True
"Brasil já tem 4,5 milhões de empreendedores da Economia Prateada",True
Zanin vota a favor de eleições diretas para governador do Rio,True
Cármen Lúcia diz que é aconselhada a deixar STF por ataques machistas,True
Vorcaro é transferido para superintendência da PF em Brasília,True
Apenas 3% de presos provisórios conseguiram votar nas últimas eleições,True
"Diferentemente do que afirma post, são registros deste ano as duas imagens usadas para comparar o público dos atos de 7 de Setembro de 2021 e de 2022.",True
Diretor-geral delegado da Polícia Federal acaba de afirmar quem mandou matar Jair Bolsonaro foi Lula com o STF. Entendeu agora porque querem controlar as redes sociais?,Fake
a fraude eleitoral casada com a fraude jornalística. 562 mil votos magicamente desviados de Donald Trump para Joe Biden e a imprensa cala! E ainda se arvoram em donos da verdade!,Fake
"Decisão judicial foi dada por juíza de Cuiabá em 23 de fevereiro de 2023, data anterior às visitas de Luciane ao ministério.",True
Elon Musk publicou gráfico que prova fraude nas eleições de 2022,Fake
"Outra forma de denunciar desinformação eleitoral é por meio do número 1491, o SOS Voto, disque-denúncia gratuito criado para receber relatos de mentiras sobre o processo eleitoral nas redes sociais.",True
"""Os evangélicos estão revoltados com o vídeo do Bolsonaro na Maçonaria ao lado de símbolos satânicos.""",Fake
Governo Lula expropriou terras no Rio Grande do Sul,Fake
Presidente da Câmara discursou na abertura de evento sobre proteção da infância no Brasil,True
Defesa pede autorização do STF para que Bolsonaro possa operar ombro,True
Temer faz criticas a Haddad em fevereiro de 2023,Fake
"Obras ocorrem normalmente e têm previsão de término para 2024, de acordo com o DNIT.",True
Deputada que fez blackface em SP declarou-se parda à Justiça Eleitoral,True
Não existe corte com o nome “Superior Tribunal Internacional” e não há registros de que Lula seja réu em julgamento fora do Brasil.,True
"Vídeo gerado por IA repercute supostos elogios, que não foram encontrados no discurso do líder japonês ou publicados pela imprensa do Brasil e Japão.",True
"Já o voto nulo é registrado quando o(a) eleitor(a) digita um número que não pertence a nenhum candidato ou partido e aperta o botão ""Confirma"".",True
"Em sabatina, Messias defende autocontenção do STF em pautas polêmicas",True
"""Esposa de Marcola é indicada para assumir o ministério de segurança pública.""",Fake
Denúncia sobre 21 mil mortos em cadastro de eleitores da Pensilvânia prova fraude na votação nos EUA,Fake
O TSE decidiu não utilizar a biometria nesta eleição para não usar o dedo por causa da pandemia.,Fake
"O funcionário do BB, Thiago Albuquerque, defecou no STF durante atos golpistas no domingo (8)",Fake
Conta de Alexandre de Moraes foi suspensa no X após briga com Musk,Fake
Ministro Flávio Dino criticou sistema eleitoral do país no passado. Só vale contra Bolsonaro?,True
"A assessoria de imprensa do parlamentar e o Procon-MG negaram a veracidade do conteúdo, aparentemente feito por IA a partir de um vídeo real.",True
Bolsonaro condecora e homenageia professora que salvou crianças de incêndio na creche como Heroína Nacional,Fake
Você pode acompanhar os processos que tramitam na Justiça Eleitoral pelo Portal do TSE .,True
"Como é que ele chegou? 29 de julho de 21. (...) E dizendo que eu difundi fake news. Eu difundi o que tinha dentro do inquérito [1.361, de 2018]. Se é fake news, o inquérito é mentiroso.",Fake
"Alguns querem tratar a questão como se vivêssemos no regime parlamentarista, onde a suspeição política de um presidente é condição necessária e suficiente para que ele seja afastado.",True
Nunes Marques toma posse na presidência do TSE; Mendonça será vice,True
Mesários podem anular seu voto na urna eletrônica,Fake
Flávio Bolsonaro usou camisa contra nordestinos,Fake
Este vídeo mostra Sergio Moro levando uma invertida em entrevista ao podcast Flow,Fake
Também destacou que os povos indígenas são fundamentais para o Brasil atingir a meta de zerar o desmatamento na Amazônia até 2030.,True
Sessão virtual do STF decidirá sobre regras de eleição indireta no Rio,True
Brasil terá Dia Nacional em Memória de Vítimas do Trânsito,True
"Apesar de haver um prestador de serviço de suporte e manutenção dos computadores do tribunal, quem controla os equipamentos são os próprios servidores do TSE.",True
"""Quem escolhe candidato é o poder judiciário... porque o povo é 'burro'. O povo só escolhe corrupto. O povo só escolhe bandido..."", disse o deputado Wadih Damous, provavelmente sem perceber que estava sendo gravado.",Fake
"Quando acabaram as últimas eleições, a última agora, em 2022, o meu partido peticionou no TSE. No dia seguinte, o ministro presidente do TSE, Alexandre de Moraes, não aceitou, mandou arquivar e nos deu uma multa de 22 milhões. Alguém já viu algum advogado ser multado aí, por peticionar o poder judiciário?",Fake
Lula visita fábrica que fornece 19 milhões de produtos ao SUS,True
Publicações usam informações falsas ou tiradas de contexto para afirmar que Lula teria morrido após procedimento médico realizado em 2022.,True
"Ocorreu no salve geral do PCC em 2006. Faixa escrita ""Alexandre de Moraes no STF""",Fake
Decisão do STF permite penduricalhos de até 70% acima do teto,True
"Em 2017, quando 50 terroristas da esquerda, devidamente identificados com bandeiras, atearam fogo em dois Ministérios, o da Agricultura e da Saúde. Alguém lembra se o STF mandou prender alguém por ato terrorista?",Fake
STF quer acabar com a aposentadoria no Brasil,Fake
"Barroso pagou R$ 9 milhões a partidos para derrubar a PEC do Voto Impresso, comprou microchips de Taiwan com milhões de votos para Lula e destruiu cerca de 200 mil urnas que escondiam provas da fraude eleitoral de 2022",Fake
Pedido de vista adia votação da PEC do fim da escala 6X1,True
Alckmin defende apuração rigorosa no caso Master,True
"O presidente Lula e a primeira-dama Janja Lula da Silva também foram homenageados pelas mãos de Raoni com um colar de conchas usado nas festividades do povo Kayapó, e com um cesto cargueiro, entregue por Kokonã Metyktire, filha do cacique.",True
"O boletim médico mais recente informa que o presidente está lúcido e orientado, alimentando-se normalmente e caminhando pelos corredores do hospital.",True
Estes advogados são ministros do TSE e decidiram pela cassação de Deltan Dallagnol,Fake
Vídeo mostra ex-presidente Lula confessando que o PT é uma organização criminosa.,Fake
Joe Biden convocou o Congresso para discutir sanções ao Brasil após falas de Lula em apoio à Venezuela,Fake
"Ao mesmo tempo que entra voto do Nordeste, entra do Sudeste, do Sul, entra voto de tudo que é lugar",Fake
O Aécio Neves foi afastado da presidência do partido. [...] Só fui eleito presidente do PSDB porque ele foi afastado.,Fake
Urnas não foram hackeadas em conferência e trecho de programa da GloboNews não prova que os equipamentos usados no Brasil são inseguros.,True
Serviços eleitorais 1- Como faço para receber certidão de quitação eleitoral?,True
"A alfabetização na idade certa, São Paulo caiu lá para trás, de segundo lugar para vigésimo primeiro lugar.",Fake
"Alerj escolhe hoje novo presidente, que irá assumir governo do RJ",True
Lula anunciou redução no salário mínimo em 2025,Fake
E lá vamos nós… STF decide incluir o termo ‘parturiente’ na Declaração de Nascidos Vivos do SUS,Fake
Randolfe Rodrigues afirma que governo deve indicar outro nome para STF,True
"Governo destina mais R$ 75,3 milhões para atingidos por chuvas em MG",True
"Lula e Macron tratam de defesa, ciência e tecnologia e comércio",True
População no Brasil cresce em ritmo menor e está envelhecendo,True
Lula determina apoio federal para cidades atingidas por chuvas em PE,True
Lula autoriza Rio a trocar regime fiscal por novo programa,True
"Em mensagem ao Congresso, Lula defende fim da escala 6x1",True
"Boulos ultrapassa Marçal às 18:45; Dilma ultrapassa Aécio às 18:45; Lula ultrapassa Bolsonaro às 18:45. Tudo ""coincidência""",Fake
Você pode consultar sua situação eleitoral no site do TSE.,True
afirmação de que mesários e eleitores estariam proibidos de votar com a camisa da Seleção Brasileira.,Fake
"""Tarcísio deleta post no Instagram em que aparecia com o boné do MAGA de Donald Trump""",Fake
Governo pagou hospedagem de Bolsonaro em hotel de luxo em Abu Dhabi,Fake
Foto mostra protesto de 1° de agosto de 2021 pelo voto impresso em Copacabana,Fake
O presidente Lula reverenciou a importância do cacique Raoni como líder e referência mundial e falou do compromisso da atual gestão com os povos indígenas.,True
Brasil e Colômbia confirmam presença em evento sobre democracia,True
Carlos Bolsonaro publicou foto com arma e vaso de flores minutos após o assassinato de Marielle Franco,Fake
Agência Brasil completa 36 anos ampliando acesso com credibilidade,True
"Via Projeto de Decreto Legislativo, proposto pelo PT e apoiado por quase todos, dois ou três votaram contra, resolveram tornar inexistente a sessão de 2 abril de 1964",Fake
Twitter suspendeu conta de Michelle Bolsonaro por causa de intolerância religiosa,Fake
Postagem foi feita por perfil que tentava copiar a página real do político e foi suspenso pelo Twitter,True
Boulos alugava quartos em prédios abandonados no centro de São Paulo,Fake
"""Trump escolhe Corina Machado como nova presidente venezuelana""",Fake
"Carlos Bolsonaro compartilha vídeo em que aparece Flavio Dino, e pergunta se a CPI investigará também o governador por apoio à cloroquina",Fake
"O Código Eleitoral estabelece que a não expedição do boletim de urna imediatamente após o encerramento da votação, ressalvados os casos de defeito da urna, constitui crime.",True
"""AQUI É BOLSONARO!"" Foi com essa frase, aos gritos de uma multidão em Copacabana, que Shakira teria protagonizado um dos momentos mais explosivos da história dos shows no Brasil. Enquanto a plateia ia ao delírio, bastidores ferviam com tentativas de interrupção e revolta de setores da mídia.",Fake
"Video mostra montanha de dinheiro apreendida na casa de Cristina Kirchner, vice-presidente da Argentina",Fake
O Tribunal Superior Eleitoral não envia e-mails a eleitores para comunicar cancelamento de título eleitoral.,True
"Jornalistas noticiaram que Donald Trump mandou projetar bandeiras do Brasil na Times Square, em Nova York, em apoio a Jair Bolsonaro",Fake
"A pior pontuação foi em 2019, durante o governo Bolsonaro. Desde a eleição de Lula, em 2022, houve leve melhora no índice.",True
"Os envolvidos negam o conteúdo do áudio e o nome Ricardo Certi não consta na lista de servidores estaduais do Ceará nem foi encontrado em outros sistemas de busca. O único nome semelhante encontrado pelo Comprova é Riccardo Certi, um barítono italiano de Bréscia",True
"Zanin, do STF, suspende eleição indireta para governo do Rio",True
Vocês nunca ouviram da minha boca falar em privatização.,Fake
"Número de eleitores com mais de 60 anos cresceu 74%, aponta pesquisa",True
"Morre mãe do ativista brasileiro Thiago Ávila, preso em Israel",True
Alexandre de Moraes disse que ele vai corroer a democracia,Fake
TSE publica acórdão que condenou Castro à inelegibilidade até 2030,True
"Lula diz que vai combater o neo-nazismo com a nova Guarda Nacional e que vai desarmar, desmilitarizar e despolitizar as polícias.",Fake
Quadrilha tentou sacar R$ 68 milhões na Bahia para beneficiar Fernando Haddad,Fake
"Dilma Rousseff: “A lua é muito mais importante do que o sol, porque ela aparece à noite, quando está tudo escuro. Já o sol, aparece de dia quando já está tudo claro, ou seja, não tem utilidade nenhuma.”

Famosa Micheque me larga essa pérola: “A lua é muito mais importante do que o sol, porque ela vem à noite, quando está escuro. Já o sol aparece de dia, quando já está tudo claro, ou seja, não tem utilidade nenhuma.”",Fake
"A montagem descontextualiza parte de uma frase da ministra do STF em 2018, sobre a Lei da Ficha Limpa.",True
Nós estamos pagando o dobro para as empresas de ônibus. E o que as empresas de ônibus estão nos entregando de volta? 20% menos viagens.,Fake
"De acordo com a legislação eleitoral, primeiro você digita o voto para vereador(a) e, depois, para prefeito(a).",True
"Dados de mortes por covid-19 no Japão, Taiwan e Austrália não mostram ineficácia da vacinação, diferentemente do que afirma deputado.",True
Alexandre de Moraes pede retirada de vídeo em que Bolsonaro aparece emocionado,Fake
Parlamentares pedem a Alcolumbre nulidade de votação em CPMI do INSS,True
4 - Como faço para saber onde fica o cartório eleitoral mais próximo?,True
Brasil tem menor taxa de homicídios da série histórica em 2024,True
"Governo decretou aposentadoria por invalidez para quem tem diabetes, hérnia de disco ou depressão",Fake
A carteira de trabalho digital não é documento válido de identificação na Justiça Eleitoral.,True
Trump vai conceder cidadania americana a Bolsonaro e nomeá-lo como embaixador dos EUA no Brasil,Fake
Zanin mantém presidente do TJRJ no cargo de governador interino do Rio,True
Ministro Kassio Nunes Marques mudou opinião dos ministros do TSE sobre o voto impresso,Fake
Governo federal endurece regras de acesso ao aplicativo SouGov.br,True
Conteúdo verificado: publicação sugere que ponte sobre o rio Madeira foi construída apenas na gestão Bolsonaro,Fake
Debate dos candidatos ao governo de SP na TV Globo,Fake
STF suspende julgamento sobre mandato-tampão para governo do Rio,True
Código-fonte das urnas será aberto por conta de eleição do Conselho Tutelar,Fake
Polícia Civil PC - AM acaba de realizar a prisão em flagrante de cabos eleitorais do candidato David Almeida com uma quantia de 46 mil reais fazendo compra de votos no bairro Jorge Teixeira.,Fake
Urnas autocompletavam o voto em Fernando Haddad,Fake
"O aplicativo do TSE , denominado de Pardal, criado para denúncias de propaganda eleitoral irregular e outras afrontas a lei eleitoral não permite denúncias contra o PT.",Fake
Fotografia mostra o presidente Lula ao lado do “chefe do Hamas”,Fake
Homicídios de jovens caem um terço no Brasil entre 2014 e 2024,True
Mendonça envia ao plenário do STF decisão que prorroga CPMI do INSS,True
"Amostragem ""pequena"" e resultados diferentes provam que pesquisas eleitorais não são confiáveis",Fake
TV Brasil estreia animação infantil Portão Mágico nesta segunda-feira,True
Eleitor tem um mês para regularizar pendências e ficar apto a votar,True
Alexandre de Moraes cometeu crime ao invadir as fronteiras americanas para emitir um mandado de prisão contra um cidadão americano.,Fake
IBGE atualiza limites territoriais do Brasil; veja o que mudou,True
"Julgamento de Bolsonaro vai demorar só quatro meses, enquanto o do mensalão levou 7 anos.",Fake
Lula fará cirurgia de catarata no olho esquerdo nesta sexta,True
"que Nikolas Ferreira teve em 2025, 185 presenças, 103 dias de folga, 55 dias de férias e 22 faltas",Fake
Estabilidade de percentuais de voto prova fraude na eleição para prefeito de São Paulo no Brasil,Fake
"Quando o governo terminou em 2014, o balanço do Estado apontou um déficit de cerca de R$ 2 bilhões",True
Fique atento a eventuais convocações para revisão de eleitorado.,True
"Donald Trump: ""o Papa não fará o Lula ser mais respeitado, mas o Lula fará o Papa perder o respeito""",Fake
STF é evacuado após suspeita de vazamento de gás,True
"Lula disse ""nunca que eu ia ganhar eleição""",Fake
"""O Dr. Rui Rio, quando foi perguntado sobre o que pensava da governação da austeridade, o que ele disse é que teria feito igual e pior.""",Fake
Ala no Planalto defende indicação de ministra do STJ após rejeição de Messias para vaga no STF,True
Diretor-presidente da Anvisa admite que população corre risco grave ao tomar a vacina,Fake
"A ANSN nasce com a missão de zelar pela segurança nuclear e radiológica no Brasil, assumindo o papel regulador que antes era desempenhado pela Comissão Nacional de Energia Nuclear (CNEN).",True
Urnas estão estão programadas de acordo com o horário de verão.,Fake
g1 publicou no X que Lulinha tem relação com Jair Bolsonaro,Fake
"""Sem STF, fica pior"", diz Dino sobre atuação da Corte",True
Eleições 2026: prazo para regularizar pendências termina em uma semana,True
"Pablo Marçal gastou R$ 0,00 na campanha à Prefeitura de São Paulo",Fake
Só votos em papel podem ser anulados,Fake
"Ao citar perigos da IA, Lula chama Erika Hilton de ""ele""",Fake
Governo dos EUA cancela visto de general Tomás Paiva,Fake
3 - Por que o TSE não fiscaliza os candidatos eleitos?,True
Sabe qual é o déficit habitacional só da cidade de São Paulo? 400 mil [domicílios].,True
Pesquisa aponta que fake news sobre eleições miram urnas eletrônicas,True
Primeira Turma do STF decide acabar com aposentadoria compulsória remunerada como maior punição a magistrados,True
"Após a reunião com o presidente Lula e o ministro do Esporte, André Fufuca, Gianni Infantino, Samir Xaud e Carlo Ancelotti demonstraram confiança de que o Brasil realizará, em 2027, a melhor edição de todos os tempos da Copa do Mundo Feminina de Futebol.",True
STF e AGU discutem reação após Moraes ser notificado por processo movido nos EUA contra ele,True
Lula assina MPs de apoio às vítimas das enchentes em Minas Gerais,True
Lula: assessor de Trump só entrará no país se Padilha entrar nos EUA,True
"Brigada Militar de Serafina Corrêa apreendeu quatro urnas eletrônicas no carro de um homem chamado Thiago Feronato e 3 delas já tinham votos para Lula (PT), que correspondia a 81%",Fake
Durigan: Brasil discutirá guerra e minerais em reuniões do Brics e G7,True
Alegação é sustentada em uma fala do ex-deputado Wadih Damous tirada de contexto no qual ele criticava a Lei da Ficha Limpa e a Operação Lava Jato e não se referia ao processo eleitoral.,True
Brasil propõe pacto contra feminicídio ao Mercosul para combater violência contra as mulheres,True
Passeata pró-Lula na Bahia zombou de evangélicos,Fake
"Bolsonaro venceu votação popular na internet, o que é diferente da escolha feita pelos editores. Capas que circulam com a suposta conquista são falsas.",True
"Urnas eletrônicas são utilizadas em 15 países além do Brasil. Em Cuba, votações usam cédulas de papel",True
Deputado Leur Lomanto Júnior é o novo presidente da CCJ,True
"Imagem que circula em publicações e vídeos em redes sociais foi manipulada digitalmente para representar uma votação que a candidata a vereadora em Palmas, no Tocantins, na realidade não obteve",True
"Segundo o TSE, não havia prazo específico para as respostas.",True
"""Lista de ministros criminosos do governo criminoso, mas Bolsonaro era questionado por colocar militares sem nem um processo contra eles! Vejam o quão ridículo é o posicionamento de quem vota do PT! O silêncio deles me envergonha!""",Fake
Vídeo mostra governo Milei removendo mural de Che Guevara,Fake
Militantes de esquerda atacam carro com adesivo de Bolsonaro,Fake
Vídeo mostra pessoas armadas celebrando vitória de Lula nas eleições de 2022,Fake
1 - Como faço para solicitar segunda via do meu título de eleitor(a)?,True
Bolsonaro é o meu candidato ideal? Não. Mas vou votar nele? Vou. Como eu classificaria o meu voto? Voto útil. — Arnaldo Jabor,Fake
Vídeo mostra que urnas têm vulnerabilidades e que TSE não fez testes de segurança,Fake
Jair Bolsonaro está internado porque foi envenenado por algo em sua cela na Papudinha,Fake
Como denunciar a urna em caso de erro,Fake
Alexandre de Moraes suspende direito de Bolsonaro contar com seguranças e carros oficiais,Fake
Vídeo mostra produção agrícola destruída pelo governo Lula em 2023,Fake
"Lula disse em tweet que existem ditongo, tritongo e quadritongo",Fake
Alexandre de Moraes é o verdadeiro líder do PCC,Fake
"Se mais de 50% votarem nulo, a eleição é cancelada e suspende candidatos",Fake
Lula sanciona Lei Antifacção e defende prisão de magnatas do crime,True
Ex-presidente Dilma tem foto com fuzil ao lado,Fake
"Boulos sobre 6x1: se houver demora, governo envia projeto com urgência",True
Lula aparece bêbado em vídeo após decisão do STF,Fake
Trechos de vídeo gravado por Drauzio Varella antes do alastramento da pandemia de covid-19 na Europa e no Brasil foram tirados de contexto por Marcos do Val,True
Aí o traidor Moro foi num jantar em Fortaleza e o sanfoneiro fez uma surpresa pra ele kkkk ...?,Fake
Diretor-geral da PF tuitou que STF e Lula mandaram matar Bolsonaro,Fake
Banqueiros se reuniram em um jantar com Lula em reação à inclusão bancária gerada por Jair Bolsonaro com o Auxílio Emergencial e o Pix.,Fake
TV Brasil Internacional lança boletim jornalístico ‘Conecta Brasil’,True
Tiraram de mim o poder de conduzir essas medidas [de isolamento] na pandemia,Fake
"A foto original foi mostra os atores pornô Jordi El Niño Polla e Eva Notty. A frase ""Bolsonaro 2022"", escrita no boné do jovem, foi inserida através de edição.",True
"Título de artigo omite que uma pesquisa foi feita apenas em Santa Catarina, que representa 3,5% do eleitorado brasileiro.",True
Ao vivo Avenida Paulista lotada em protesto contra o STF: adeus Gilmar Mendes!,Fake
Bolsonaro apresentou provas de que ministros do STF receberam propina para favorecer Lula nas eleições de 2022,Fake
Prazos diferentes dados por Alexandre de Moraes mostram favoritismo de Lula em relação a Bolsonaro,Fake
"Posts que viralizaram com trecho de entrevista ao podcast Flow em que o candidato à presidência Luiz Inácio Lula da Silva (PT) diz que ""político tem que mentir"" são falsos. No conteúdo de desinformação, ele afirma: ""Tenho que mentir. É preciso mentir. O político tem que mentir. Porque é sempre mais fácil acreditar numa mentira. Uma mentira, minha mãe dizia, uma mentira voa, a verdade engatinha"".",Fake
"Vídeos mostram atos pró-Bolsonaro realizados em São Paulo, Rio de Janeiro e Brasília no dia 1º de maio de 2022",Fake
"""Bolsonaro se aposentou aos 33 anos""",Fake
"No governo Temer, a gasolina passou de 4 para 5 reais",True
Brasil é o 6º país que mais vacinou,Fake
Não há evidência de que a eleição de 2022 tenha sido fraudada. O TSE e observadores internacionais apontaram a lisura do processo eleitoral brasileiro.,True
Moraes cobra ação do governo brasileiro para extradição de Zambelli,True
"""Até em Portugal, as autoridades e a população não entendem como é que uma pessoa sem crime algum, está a ser prejudicado por corruptos das autoridades partidários (ministros) e um condenado é Presidente do Brasil.""",Fake
STF desobrigou governo de fornecer remédio indispensável,Fake
Arroz importado pelo governo Lula tem agrotóxicos proibidos no Brasil,Fake
"Prefeito de Canoas contou a Paulo Pimenta que nove pessoas haviam morrido. No dia seguinte, ele corrigiu a informação, dizendo que haviam sido duas vítimas.",True
The Intercept Brasil pediu desculpas e disse não ter provas que liguem família Bolsonaro ao caso Master,Fake
2022: Ministros do TSE consideram crime diminuir preço de combustível em ano eleitoral. 2026: Entenda o pacote de Lula para reduzir o preço do diesel,Fake
Governo lança protocolo para investigar crimes contra jornalistas,True
"Uma busca no Jusbrasil mostrou 83 processos no CPF da ministra. Dois são criminais, mas ela não é ré em nenhuma das ações.",True
Moraes marca depoimento de Eduardo Bolsonaro em processo no STF,True
"Quando chegam ao computador que faz a totalização, eles passam por uma verificação de confiabilidade, que assegura que o resultado está íntegro e provém de uma urna eletrônica preparada pela Justiça Eleitoral.",True
Lula e Fátima seguram livro e revista de ponta cabeça,Fake
Lula pede que governador do RJ trabalhe para prender milicianos,True
Governo do Rio é autorizado a entrar no Propag para reduzir dívida,True
"Força de Segurança do Ministro Flávio Dino, combatendo os traficantes nos morros do Rio",Fake
Michelle Bolsonaro ao lado de cadeira com foto de Jair Bolsonaro na posse de Trump,Fake
Mesários bolsonaristas não vão entregar aos eleitores os comprovantes de votação e nem exigir assinatura no livro de registro,Fake
Moraes e Gilmar criticam vazamento de conversas do celular de Vorcaro,True
"Datafolha 2º turno: Lula tem 47% e Flávio Bolsonaro, 43%",True
"Tuíte mistura dados corretos com outros imprecisos, exagerados ou não consolidados para criticar medidas de isolamento tomadas por estados brasileiros",True
Alckmin e Moraes são hostilizados ao saírem de restaurante em Brasília,Fake
Lula defende educação para o combate à violência contra mulher,True
CNN desmente fala de Lula sobre mercado de trabalho,Fake
Milton Friedman criou Bolsa Família e Lula e FHC sequestraram programa e fizeram com que 50% da população dependa do Estado para sobreviver,Fake
TRE-RJ promove mutirão para eleitores regularizarem título,True
Sobrinho do ministro do STF Flávio Dino era um dos traficantes mortos pelo Bope na Vila Cruzeiro em 2022.,Fake
Caixa já renegociou R$ 820 milhões no novo Desenrola Brasil,True
Americanas vão sair do Brasil por causa de medidas econômicas de Haddad,Fake
"Brasil: Ministro da justiça Flávio Dino diz ser fã de ""primeira dama"" do CV em vídeo que circula nas redes sociais nesta terça (14)",Fake
"Saiu uma lista de CPFs que vão receber R$ 7,1 mil do Bolsa Família.",Fake
"Governo anunciou o ""fim"" do Bolsa Família",Fake
STF manda SP indenizar fotógrafo que ficou cego após ação da PM,True
"O Google lança uma votação para lançar o nome ""Israel"" ou ""Palestina"" em seu mapa no Google Earth",Fake
Desenrola Brasil: uso do FGTS para pagar dívidas começa nesta segunda,True
Acidente em Toronto tem relação com política de igualdade de gênero da Delta,Fake
Relatório mostra que Bolsonaro teve 51% dos votos no segundo turno,Fake
video mostra comício de candidato a deputado federal no dia 8 de setembro,True
Pesquisa IBAPESQ mostra presidente Jair Bolsonaro com 65% das intenções de voto para as eleições de 2022,Fake
Lula alerta sobre risco de bets e big techs para famílias e democracia,True
STF mantém reoneração gradual da folha de pagamento até 2027,True
A GCM não [está] fazendo ronda escolar.,Fake
Súmula 99 do STF aponta que a reforma tributária é inconstitucional.,Fake
Lula e o presidente do Brasil.,True
"Tudo de ruim nos últimos três anos é culpa de Bolsonaro, diz Haddad em evento do BTG",Fake
Nunes Marques toma posse na presidência do TSE e vai comandar eleições,True
Hacker VANDATHEGOD afirma que foi fácil invadir o sistema do TSE,Fake
"Pablo Marçal e Nikolas Ferreira divulgam programa ""Indeniza Brasil""",Fake
Banqueiros definem apoio à Lula em troca da revogação do Pix. Sistema foi criado no governo Bolsonaro e fez com que banqueiros perdessem bilhões.,Fake
Ministro Alexandre de Moraes grava áudio ameaçando Davi Alcolumbre e Hugo Motta para não pautarem anistia e seu impeachment,Fake
Auxílio Gás tem inscrição online para interessados,Fake
"Shakira declarou apoio a Bolsonaro durante show em Copacabana, no Rio",Fake
Brasil promulga acordo para facilitar comércio no Mercosul,True
Pedro Pinto - deputado do Chega - e Juan Jose García - deputado do VOX. Ou foram separados à nascença ou o projeto europeu de extrema direita envolve a a colocação de deputados clone.,Fake
Lula assina acordo bilionário na Italia,Fake
Moraes está bloqueado na Justiça americana e impedido de realizar transações internacionais,Fake
Queiroz é pai de Flávio Bolsonaro. Agora está explicado o empenho nas rachadinhas.,Fake
O Comprova não encontrou registros de pesquisas que apontem apoio quase unânime dos brasileiros ao ministro do STF Alexandre de Moraes.,True
"Um comitê independente formado pelo Facebook, de fato, solicitou a restauração de um post feito por um usuário na França, mas o Facebook informou que não ""admitiu erro"" como fazem crer publicações nas redes sociais.",True
A incidência de casos raros de coágulos em imunizados não é um segredo. A informação está disponível na bula da vacina desde 2021.,True
STF suspende julgamento sobre uso de imóveis públicos para salvar BRB,True
Moraes assinou mandado de busca e apreensão na casa de Carlos Bolsonaro depois da 'superlive',Fake
Transparência Internacional apontou Lula como o líder mais corrupto da história,Fake
"Urna eletrônica não é tecnologia, nem é confiável, é malandragem, ocorre fraude",Fake
"Brasil abriga mais de 2 milhões de imigrantes, refugiados",True
Ipec fica no mesmo endereço do Instituto Lula?,Fake
"Temos o melhor sistema eleitoral do mundo. Temos 16 auditorias. E se faz uma ‘auditoria quente’, como vocês sabem, de 54% das mesas.",Fake
"Explosão: apuração vai revelar o que deu errado, diz diretor da Comgás",True
"Ué, não foi esse tal de Glauber Braga que chamou Moro de LADRÃO? Então, quer dizer que além de bater em mulher, ele ameaçava liberar fotos íntimas, segundo a feminazi lelis Patricia??",Fake
Haddad anunciou fim do Real,Fake
Lula destaca importância de terras raras do Brasil para América do Sul,True
"Números de Taiwan, Austrália e Japão mostram que vacinas são ineficazes",Fake
O eleitor ou eleitora convocado(a) que não quiser ser mesário(a) deverá dirigir-se ao cartório eleitoral até cinco dias após a convocação e apresentar justificativa.,True
"Lula tem plano de criar nova CPMF, tributar o PIX, congelar poupança e criar a moeda ‘Peso Real’",Fake
"""Deputada Claudia Perestrelo, eleita pelo PS, enfermeira e que estava em confinamento, furou essa regra para poder ir fazer campanha""",Fake
Vídeo mostra manifestação pró-Bolsonaro em 29 de março de 2023,Fake
"Lula mandou retirar por medo das vaias, e não resolveu...",Fake
Eis a foto postada por Carlos Bolsonaro. Minutos após o assassinato de Marielle Franco. DEU PRA ENTENDER PORQUE ELE APAGOU TODAS AS REDES SOCIAIS? Só que a galera já havia guardado as imagens.... A CHAPA TÁ ESQUENTANDO!!,Fake
"O boletim de urna é criptografado de forma segmentada, assinado digitalmente e transmitido.",True
"Weintraub, como diretor do Banco Mundial, terá livre acesso às contas bancárias dos ministros do STF",Fake
"Governo quer enviar TVs 4K, óculos de realidade virtual e computadores para internos do Complexo de Bangu.",Fake
Lucro do Banco do Brasil cai 54% com avanço da crise no agro,True
A urna e segura.,True
Lula sanciona programa Gás do Povo; saiba como funciona,True
Bolsonaro esta em prisao domiciliar humanitaria.,True
"Brasil tem menor taxa de mortalidade infantil em 34 anos, diz Unicef",True
Os dois primeiros anos do governo Lula foi o momento em que mais se aprovou projetos de lei e medidas provisórias na história do país,Fake
"Em ofício, ministro da Defesa dá 72 horas para Alexandre de Moraes explicar fraude eleitoral",Fake
"As mesárias e os mesários são nomeados, de preferência, entre eleitoras ou eleitores do mesmo local de votação, com prioridade para as pessoas voluntárias.",True
LULA PODE TER FORJADO SUA VACINAÇÃO E COMEMORADO 'RÔLA NO POVO' No teatro da vacina. Vejam algumas cenas assustadoras num único eventos,Fake
"Estamos todos juntos: FIFA, CBF, Governo do Brasil, para a gente trazer e fazer a melhor Copa do Mundo.",True
"Vorcaro, Careca do INSS e Flávio Bolsonaro em festa do Master",Fake
Dino está envolvido em esquema que desviou R$ 1 bilhão da Saúde do Maranhão,Fake
"Equador avançou com prisão perpétua para violadores, assassinos e políticos corruptos.",Fake
Bolsonaro tem câncer e não levou facada,Fake
Primeira colheita de trigo no Nordeste aconteceu no governo Bolsonaro,Fake
Guilherme Boulos posou para foto na Faixa de Gaza ao lado de membros do Hamas.,Fake
"Cartão de vacinação de Bolsonaro tem email com nome de Lula, o que mostra armação da operação da PF",Fake
Lula desativou a Transposição do São Francisco na Barragem de Jati,Fake
Protesto contra a prisão definitiva de Bolsonaro,Fake
Chuvas: Governo envia Defesa Civil para Pernambuco e Paraíba,True
PT entrou com ação no TSE para cassar os mandatos de todos os deputados do PL,Fake
"Ao fim de 8 anos de governo socialista, a taxa de pobreza aumentou 17% em 2022 e prevê-se mais em 2023.",Fake
Trump disse que vai prender Alexandre de Moraes na primeira semana como presidente dos EUA,Fake
Sergio Moro é investigado por enriquecimento ilícito.,Fake
"Reforma Casa Brasil: programa será detalhado em breve, diz ministro",True
Fernando Haddad defende o incesto,Fake
"Em entrevista à revista InfoMoney, Flávio Bolsonaro (PL-RJ) propõe o fim do salário mínimo e diz que pagamento prejudica patrões",Fake
Brasil defende inclusão dos pobres no orçamento público,True
"“Na habitação, o Governo desistiu de cumprir as 26 mil casas prometidas até 2024 e já só depende de financiamento europeu para fazer o pouco que conseguir”",True
"Não é possível usar enquetes como pesquisas eleitorais nem como prévias confiáveis, uma vez que não há uso de metodologias estatísticas",True
STF tem maioria para derrubar lei de SC que proibiu cotas raciais,True
"Tais arquivos são verificados quanto à sua assinatura digital e, no caso de boletins de urna, decifrados com a chave de propriedade do software de totalização.",True
"""Polícia federal do Brasil perdeu bebé por causa de um ex-deputado federal"".",Fake
Governo cria Cadastro Geral das Comunidades Quilombolas,True
"Diferente de outros políticos, Lula não enriqueceu.",True
Diferença entre resultados de pesquisa e de eleição implica fraude,Fake
STF forma maioria para tornar réus acusados de obstruir caso Marielle,True
"Publicações usam, fora de contexto, trechos de uma entrevista do vice-presidente Geraldo Alckmin, concedida em novembro de 2022.",True
No Brasil quem paga mais imposto proporcionalmente à sua renda é o pobre.,True
"No Brasil, o voto é obrigatório para brasileiros(as) alfabetizados(as) maiores de 18 anos e menores de 70 anos.",True
"Não foi falado em Pinochet, ditadura, nada no Chile. Me aponte um áudio, um vídeo nesse sentido. Não teve nada disso",True
Lula critica ameaças de Trump ao mundo e defende papa Leão XIV,True
​​Museu Histórico Nacional colocou tarja em nome de Lula,True
Dispositivo chupa-cabra muda votos registrados na urna eletrônica,Fake
"As porcentagens de votos válidos para cada candidato permaneceram estáveis durante a apuração porque não houve grande variação nos votos de cada zona eleitoral, como mostra a apuração do Comprova",True
TSE foi hackeado por uma criança de 14 anos que filiou Lula ao PL,Fake
"Deve ter de 3,5 milhões a 4 milhões de pessoas em situação de periferia, favela e comunidade [na capital paulista].",Fake
Pesquisa mostra Bolsonaro com 88% das intenções de voto,Fake
Governo federal anuncia recursos para o Pronaf Mais Leite,True
Lula foi recebido com gritos de “o ladrão chegou” no aeroporto de Recife,Fake
Snoop Dogg apoia Bolsonaro,Fake
Vorcaro surtou na prisão e admitiu pagamentos a ministros do STF e para o governo Lula,Fake
"Esse país, nós herdamos ele com 14 mil obras paralisadas",Fake
"A zerésima assegura que a urna está “zerada”, ou seja, que não há nenhum voto registrado nela.",True
Vídeo mostra prefeito bolsonarista agradecendo Lula,Fake
Lula disse que pobre e negro não tem que aprender,Fake
STF inicia julgamento sobre prorrogação da CPMI do INSS,True
Alexandre de Moraes assume que teve fraude nas eleições presidenciais de 2022,Fake
"O presidente Jair Bolsonaro já elogiou o ex-policial militar Adriano da Nóbrega, apontado como chefe de milícia",True
Cidadania propõe pré-candidatura de Aécio Neves à Presidência em federação com PSDB,True
Nunca se falou de contagem manual em discussão sobre voto impresso,True
Moraes foi condenado por corte dos Estados Unidos por violar direitos humanos na corte internacional,Fake
Urnas em Serafina Corrêa tinham 81% dos votos previamente computados para Lula,Fake
O benefício para indenizar quem teve seus dados vazados já está ativo,Fake
Tabata e Boulos votam contra a isenção do Imposto de Renda para quem ganha até 5 mil reais,Fake
"Utilização de urnas de contingência Na fase de preparação das urnas, na audiência de carga e lacre, algumas são preparadas para essa finalidade, são as urnas de contingência.",True
"Vídeo mostra governo Lula destruindo máquinas de garimpo ilegal em Boa Vista, Rondônia",Fake
Governo libera R$ 330 milhões para segurar preço do gás de cozinha,True
Funcionário do Banco do Brasil é homem que defeca no STF,Fake
PF realiza operação contra acusados de vazar dados de ministros do STF,True
Eu não difundi nenhum tipo de fake news [nas eleições de 2018].,Fake
"Brasil fecha 2025 com mais de 1,3 milhão de trabalhadores domésticos",True
Governo recorre de liminar que barra imposto na exportação de petróleo,True
Pesquisa Datafolha não tem registro no TSE,Fake
Lula é capa da revista Time nesta semana,Fake
"O homem no vídeo não é embaixador, e sim um jornalista argentino.",True
Caso Master: Advogado deixa defesa de ex-presidente do BRB,True
"Se eleitor votar somente para presidente, o voto é invalidado",Fake
Banco do Brasil lança conta digital para uso em Portugal,True
Toffoli é eleito para cargo de ministro efetivo do TSE,True
"Deputados da oposição que espalharam desinformação sobre o Pix, como Nikolas Ferreira (PL-MG), votaram pela taxação das blusinhas",Fake
STF pagou R$ 50 milhões à Unesco sem registro contábil,Fake
No jornal italiano saiu que o filho de Alexandre de Moraes agrediu Roberto Mantovani,Fake
Magnitsky fecha aeroporto Brasília. Começou ação americana. Toffoli e Moraes barrados pelos EUA,Fake
Entidades denunciam à ONU omissão do Brasil nos Crimes de Maio de 2026,True
Determinações partiram da Justiça Federal após longa briga judicial. Processo de demarcação das regiões começou em 1993.,True
"Contingências de apuração Esses procedimentos fazem uso de dois aplicativos desenvolvidos pelo TSE para esse fim: O Recuperador de Dados (RED) e o Sistema de Apuração (SA), também conhecido como Sistema de Voto Cantado (SVC).",True
Fim da escala 6x1: pedido de vista adia votação de PEC que prevê redução de jornada para 40 horas,True
Motta diz que há acordo com governo para votar PL Antifacção,True
Bolsonaro mandou vice-governadora de Santa Catarina se afastar,True
"Aquelas 1.500 pessoas, pobres, coitadas, que até foi levantada por um dos que me antecederam agora há pouco aqui. Cem ônibus chegaram na região do setor ambiental urbano, na madrugada de domingo. E o pessoal foi embora logo depois da baderna e sobrou para quem estava acampado aqui. Quem realmente fez foi embora.",Fake
"Eu tenho um histórico de seis anos de Brasília em que aprovei Pé de Meia, absorvente na escola, ensino técnico, mudanças climáticas, Marco das Startups.",Fake
Moraes abre ação contra Flávio Bolsonaro por suposta calúnia a Lula,True
Alexandre de Moraes pediu a prisão de Jair Bolsonaro,Fake
"""Você não sabe porra nenhuma"", diz Lula a Janja",Fake
Trump concederá imunidade total a Bolsonaro por meio de cargo internacional,Fake
"O conteúdo verificado destaca trecho revogado da Lei 10.408, que dispõe sobre um mecanismo da urna que permite a impressão do voto.",True
Presidente da EBC busca parcerias em visita institucional à China,True
"Mas o Brasil vai sim colocar sua candidatura para 2029”, definiu.",True
Lula quer anular leilão da Petrobras por vender gás acima da tabela,True
Nikolas Ferreira estava certo quando falou sobre monitoramento do Pix em 2025,Fake
"A moção de censura é apresentada por Assunção Cristas, ex-ministra dos eucaliptos, que teve a tutela da política florestal durante quatro anos. É chocante evocar responsabilidades dos outros a mesma deputada que, enquanto ministra, foi responsável pela liberalização total da expansão do eucalipto",True
"De fato, desde 2022, houve aumento na importação de leite e derivados. Mas a compra é feita por empresas privadas e não pelo governo.",True
"Empresário é acusado de pagar R$ 4,5 mil por dados de ministros do STF",True
Filho de Bolsonaro ofende nordestinos em vídeo,Fake
Câmara derruba decreto de armas de Lula,Fake
"Todos os imunizantes passaram por fases de testes, cujos dados são públicos, e, antes de serem aplicados, suas segurança e eficácia são analisadas pela autoridade sanitária de cada país.",True
"Lula (PT) foi recebido com gritos de “Lula, ladrão, seu lugar é na prisão” na entrega de casas do “Minha Casa, Minha Vida” no município de Viamão (RS)",Fake
Portaria do governo só permite doação internacional de produtos usados,Fake
"O oficial está detido por ter descumprido uma ordem que proibiu opiniões políticas em redes sociais no período eleitoral. O major usava a internet para fazer pré-campanha como pré-candidato a deputado federal, ferindo a Constituição.",True
"Música-tema do filme ‘Dark Horse’, sobre Bolsonaro, está entre as mais ouvidas nos EUA",Fake
Lula defende indústria brasileira de carros na América Latina e África,True
É importante enfatizar também que não é a urna eletrônica que faz a transmissão dos dados.,True
Governo já começou articulação por nova indicação de Jorge Messias ao STF após rejeição histórica no Senado,True
Lula recebe credenciais de nove novos embaixadores,True
"O Lula está dando um jeito de ""roubar"" os louros do governo Bolsonaro?",Fake
É maldoso quem fala que eu estou de férias.,Fake
"Élcio Queiroz, um dos acusados no assassinato da vereadora Marielle Franco e do motorista Anderson Gomes, usa camisa com foto do ex-presidente Lula",Fake
"Caso não apresente a justificativa no dia da votação, a eleitora ou o eleitor poderá justificar sua ausência em até 60 (sessenta) dias após cada turno da votação 2 - Quais as consequências para quem não votar, justificar ou pagar multa?",True
"Afastado da presidência pelo STF, Bacellar renova licença na Alerj",True
Exército invade a Polícia Federal e resgata ajudante de Bolsonaro,Fake
"Pela primeira vez, Brasil ingressa no grupo de países com muito alto desenvolvimento humano; avanços foram desiguais",True
Jair Bolsonaro declarou que a chegada de Hugo Chávez ao poder na Venezuela era esperança para AL,True
Vídeos mostram torcida brasileira xingando o ex-presidente Lula durante partida contra o Chile em 24 de março de 2022,Fake
Governo petista ataca produtores rurais,Fake
Suplente de vereador morto no dia da eleição foi vítima de vingança de facção; quatro são presos,True
"A votação será aberta a partir das 8h , considerando-se o horário de Brasília, com encerramento às 17h .",True
Eleições 2026: financiamento coletivo de campanha começa nesta sexta,True
"Foto de Vorcaro, Bolsonaro e Campos Neto juntos",Fake
"Lula deve visitar Recife, Salvador e Rio de Janeiro no Carnaval",True
O presidente Jair Bolsonaro gastou 0 reais com o cartão corporativo contra 102 milhões de Lula e 95 milhões de Dilma,Fake
Bolsonaro esta preso.,True
Ludmilla denuncia Jair Bolsonaro por caso de racismo,Fake
"A pedido do PT, STF decide que quem não quitar dívidas não poderá mais dirigir e nem sair do país",Fake
André Ventura vence em Portugal e afirma que vai proibir a entrada de Lula no país,Fake
Foram 400 km de faixas exclusivas e corredores entregues.,True
"A pedido do PT, Justiça proibiu o plantio de soja em Mato Grosso até dezembro, prejudicando os produtores. MST vai fiscalizar o agronegócio caso Lula seja eleito.",Fake
Assustador: vídeo mostra Lula beijando menina,Fake
"""Careca do INSS"" doou R$ 1 milhão para Jair Bolsonaro nas eleições de 2022",Fake
A transmissão dos dados após a votação também é segura.,True
"Aqui é o km 110 da Transamazônica. Aqui foi aterrado, ó. Isso aqui quando chovia, meu amigo, nem Dodge Ram subia isso aqui, ó. Na época do PT (…) Olha na época do Bolsonaro agora, ó",Fake
Presidentes da Infraero e da Anac confirmaram pouso de avião de Trump em Guarulhos para 25 de fevereiro de 2024,Fake
"A coleta biométrica é realizada apenas em atendimentos presenciais, portanto, v ocê deve se dirigir ao cartório eleitoral responsável pelo seu título (onde você vota) para fazer o seu cadastro biométrico.",True
TSE entregou código-fonte das urnas eletrônicas à Smartmatic,Fake
"Tata Werneck tentou zombar de Michelle Bolsonaro em seu programa na Globo, mas o que aconteceu deixou todos surpresos",Fake
Exato momento em que Alexandre de Moraes sai correndo e gritando,Fake
CNN desmente e desmascara Lula sobre empregos,Fake
Lembrando que o FIES é um programa que foi criado no governo Lula e beneficia milhares de estudantes,Fake
"Em vídeo atual, vice-presidente da AMB, Diogo Sampaio, critica projeto em tramitação que permite atuação de médicos que não foram aprovados no Revalida",Fake
Flávio Bolsonaro adquiriu 37 imóveis em quatro anos de Assembleia Legislativa do Rio de Janeiro (Alerj),Fake
Vídeo atribuiu exclusivamente ao governo Bolsonaro atos que também são da gestão estadual. E credita ao governo federal obras de pavimentação realizadas em governos anteriores.,True
A polícia achou os eleitores do Flavio Rachadinha e da Nikole!!!,Fake
Vídeos de 2023 de ex-ministro do TSE circulam sem contexto e como se fossem atuais em meio às denúncias da PGR contra Bolsonaro por tentativa de golpe de Estado.,True
"Combate ao crime, memes e visual: como governadores em busca de reeleição disputam atenção e votos nas redes sociais",True
Lula declarou apoio ao Irã no G7,Fake
Concedemos um auxílio emergencial de 800 dólares para 68 milhões de pessoas em 2020.,True
"Perdas materiais serão recuperadas, diz Lula em visita a Minas Gerais",True
"""Biden não vai chegar a ser eleito, vai cair na suprema corte dos EUA por fraude!""",Fake
Lula claramente bêbado em discurso oficial é interrompido por não dizer nada com nada,Fake
Foto mostra obra da transposição do São Francisco concluída por Bolsonaro em 18 meses.,Fake
"Não assumiríamos o comportamento do Pimentel, que foi flexibilizar a legislação ambiental logo após isso, foi votado na Assembleia e flexibilizado por esse governo",True
Delegado da Polícia Federal determina a prisão de Alexandre de Moraes,Fake
Esta gravação mostra Neymar declarando apoio a Jair Bolsonaro nas eleições de 2022,Fake
Este vídeo mostra presos comemorando a decisão do STF que derrubou a prisão em segunda instância,Fake
"“Nessa cadeira, semana passada, estava o seu Pablo Marçal que falou pra todos vocês aqui dos que estavam na banca que ele iria se afastar, pedir o afastamento do Avalanche. Que que ele fez? Logo em seguida apareceu com o Avalanche do lado.”",True
Lula exalta Copa Feminina e pede valorização das mulheres no futebol,True
"No dia da eleição, não há nenhum problema caso a digital não possa ser lida.",True
"Fernando Haddad tuitou elogiando a ""revolução"" venezuelana",Fake
O deputado Nikolas recebe auxílio-paletó de R$44.000,Fake
"Em meio à guerra no Irã, Brasil bate recorde de produção de petróleo",True
"Nikolas Ferreira pede doações para Alice, criança de 4 anos com câncer no cérebro",Fake
Base do governo pede indiciamento de Bolsonaro na CPMI do INSS,True
Não quer dizer que a eleitora ou o eleitor não possua débitos com a Justiça Eleitoral.,True
Eleitor votou em um candidato e urna mostrou foto de outro em Brasília,Fake
Plenário físico do STF vai julgar decisão que prorrogou CPMI do INSS,True
"Postagem no Facebook faz referência ao edifício Wilton Paes de Almeida, que desabou em 2018 após um incêndio causado por um curto-circuito, mas o imóvel era ocupado pelo Movimento Luta por Moradia Digna (MLMD), que não tem ligação com o Movimento dos Trabalhadores sem Teto (MTST), do qual Boulos era coordenador",True
Café a 82% é prova de que Lula destrói a economia,Fake
TSE admite falhas na contagem de votos,Fake
É enganosa a afirmação de que o governo de Lula tenha desviado “R$ 716 bilhões do BNDES” entre 2008 e 2014 ao promover alterações no estatuto social do banco.,True
Segunda Turma do STF tem 2 votos para manter prisões de pai e primo de Vorcaro; Gilmar pediu vista,True
"Novidade da pior espécie. O STF liberou um “gabinete” dentro da PF para o presidiário poder despachar. Parem o Brasil, pois eu quero descer.",Fake
Ministérios repudiam ato de machismo contra árbitra no Brasileirão,True
STF mantém decisão que rejeitou revisão da vida toda do INSS,True
Haddad disse que vai extinguir Rota e criar rede social para monitorar PMs em tempo real,Fake
"Cláudio Castro diz que sai do governo do Rio ""de cabeça erguida""",True
PASMEM! Janja assumirá agenda presidencial após cirurgia de Lula,Fake
Deputados comemoram derrota de proposta para transformar bens e heranças em patrimônio do governo,Fake
O TSE estava sim dificultando o acesso para com esses códigos,Fake
Comparação da liberdade de expressão nos Estados Unidos e Brasil e embate entre Musk e Moraes,True
Quem não tiver condição de pagar medicamento não pode mais pedir na Justiça,Fake
Lula disse que planeja estender o atual mandato presidencial,Fake
Lula pediu ao STF para passar lua de mel em Dubai,Fake
"Vídeos do deputado Osmar Terra defendendo o isolamento vertical circulam nas redes atribuídos erroneamente ao cardiologista Adib Jatene, falecido em 2014",True
Lula veta lei que reconhece estágio como experiência profissional,True
Brasil ultrapassa EUA pela 1ª vez em ranking de liberdade de imprensa,True
Nikolas Ferreira divulga lista de pessoas com direito a receber indenização da Serasa,Fake
Lula cita preocupação com conflito no Irã e fala em ampliar defesa,True
"Dado como morto por Israel, ex-presidente do Irã Ahmadinejad aparece vivo",Fake
Diferenças nos logs das urnas mostram que foram usados dois software e dois códigos-fonte diferentes,Fake
Eduardo Bolsonaro doou R$ 160 mil de dinheiro público para a campanha de Trump,Fake
"Pacto contra o feminicídio busca colocar leis em prática, diz Lula",True
Tabela com logs das urnas mostra em quem os eleitores votaram,Fake
Filho de Lula analfabeto critica caminhoneiros,Fake
"Vídeo utiliza fatos da ação para dizer, erroneamente, que há uma organização criminosa dentro do STF. Os apontamentos não têm fundamento.",True
Criminalização de críticas ao governo de Israel preocupa especialistas,True
A identificação biométrica é um serviço eleitoral obrigatório e gratuito.,True
Lula inaugura novas áreas de hospital universitário de São Carlos,True
"O Papa não fará Lula ser mais respeitado, mas o Lula fará o Papa perder o respeito",Fake
Lula é o primeiro presidente alvo de uma moção de repúdio na Câmara,Fake
Gilmar Mendes viajou 40 vezes a Portugal em 2024 com dinheiro público,Fake
Lula disse: “Mesmo o político ladrão é mais digno que um funcionário público concursado”,Fake
Também é possível fazer denúncias e conhecer as ações desenvolvidas pelo TSE para combater a desinformação .,True
Matéria publicada nos EUA mostra que houve fraude nas eleições do Brasil e que Bolsonaro é o verdadeiro eleito,Fake
STM peitou STF e liberou todos os patriotas da Papuda,Fake
"Quatro vídeos que circulam nas redes sociais mostram eleitores tentando acessar os dados da votação de suas respectivas seções eleitorais no site do TSE. No entanto, o número de nenhuma das seções aparece na plataforma. Os casos são de dois eleitores que votaram no exterior (em Toronto, no Canadá, e em Miami, nos Estados Unidos) e dois que votaram no Brasil (em Colíder, em Mato Grosso, e Passos, em Minas Gerais). Nos vídeos, os cidadãos alegam que os votos não foram computados e que, portanto, teria havido fraude no pleito.",Fake
"Principal desafio da Venezuela é fortalecer democracia, diz Lula",True
Deolane Bezerra é advogada de Lula,Fake
Rede Globo em clima de velório foram obrigados a noticiar que nunca houve encontro entre Bolsonaro e o hacker,Fake
Publicação mostra uma pessoa chamada Paulo Seara e mente ao dizer que ele é dono da empresa. A Seara não possui nenhum sócio com esse nome.,True
"Ação do governo freia alta de passagem aérea, diz presidente da Anac",True
"Esse gráfico mostra a involução do Brasil, ao longo dos anos, no ranking mundial de ensino do Pisa. Haddad foi Min. da Educação entre 2005 e 2012, período em que TODAS as áreas avaliadas sofreram um colapso.",Fake
"Público gritou ""Lula ladrão, seu lugar é na prisão"" na abertura da Copa de 2022",Fake
Congresso derruba veto de Lula e mantém PL da Dosimetria,True
"O governador de São Paulo, João Doria, foi votar nas eleições municipais com máscara da bandeira da China.",Fake
Michelle Bolsonaro foi condenada por tráfico de drogas,Fake
"TSE foi hackeado por um adolescente de 14 anos, que filiou Lula (PT) ao PL, partido de Jair Bolsonaro.",Fake
Reportagem da TV Brasil conquista 2º lugar no Prêmio MOL de Jornalismo,True
Afirmação de que é possível retirar a segunda via do Título de Eleitor no Distrito Federal até esta quinta-feira (22),True
Justiça americana decretou prisão de Moraes,Fake
Lula cria programa de R$ 30 bilhões para motoristas de aplicativos,True
"No dia 6 de outubro, data do primeiro turno das Eleições Municipais 2024, estarão em disputa os cargos de prefeito(a), vice-prefeito(a) e vereador(a).",True
Encontro de ministros do STF com influenciadores foi financiado com dinheiro público,Fake
"No primeiro turno das eleições 2022, a cada 12% de apuração, Lula subiu 1% e Bolsonaro desceu 0,5%, portanto houve fraude",Fake
STF foi incluído em uma investigação do Congresso dos Estados Unidos,Fake
Eleições: Lula promete vetar PL sobre envio em massa de mensagens,True
Protestos contra a violência de gênero tomam o Brasil neste 8 de março,True
Lula abraçou líderes mundiais e levou tombo na Cúpula do G7,Fake
Governo cria política de combate ao abuso de crianças e adolescentes,True
"Software Dominion deletou 2,7 milhões de votos em Donald Trump.",Fake
Bolsonaro aprovou a lei que criou o Dia Nacional da Proclamação do Evangelho e acabou com o Dia das Bruxas no Brasil.,Fake
bolsonaro levou uma facada,True
Revista Forbes revelou que Lula é bilionário,Fake
"CPI do INSS: após revés no STF, Viana quer votar relatório nesta sexta",True
Eleição para novo presidente da Alerj será nesta sexta-feira,True
"""No caminho de volta de Kyiv, jornalistas entraram inesperadamente na cabine dos líderes. O assessor alemão Merz escondeu uma colher usada para coc4ína, enquanto o presidente francês Emmanuel Macron ocultou um pacote que parecia conter uma substância ilegal""",Fake
Eleições: prazo para obter ou regularizar título termina nesta quarta,True
Vídeo mostra Luciano Hang comemorando indicação de Flávio Bolsonaro para disputar eleição presidencial de 2026,Fake
"Post no Instagram diz que o governo Bolsonaro zerou impostos sobre o gás de cozinha, mas que o produto não teve uma ?redução significativa? porque os governadores não realizaram nenhuma redução no Imposto sobre Circulação de Mercadorias e Serviços (ICMS).",Fake
Ministro do Supremo Tribunal Federal (STF) Alexandre de Moraes assinou documento falso que prendeu Filipe Garcia Martins.,Fake
"Urgente. Vaza vídeo do 08/01 que Flávio Dino disse ter sido ""apagado""!",Fake
"""Bispo de Fátima condena André Ventura. Se és cristão nunca poderás votar no Chega (...)""",Fake
Alguns governos estaduais tentam negociar a forma de pagar suas dívidas com a União. Mas um post sobre o assunto omite esse contexto.,True
Os alimentos colocados em sacolas com a logomarca da gestão atual fazem parte da compra de cestas básicas feita pelo governo federal.,True
Lula acha que o papel do pobre é esperar ajuda do governo,Fake
Conta de luz aumentou 50% no atual governo Lula,Fake
Lula defende fim da 6x1 e diz que ganhos não podem valer só para ricos,True
NYT revelou delação de Nicolás Maduro de cita Lula 17 vezes e menciona Alexandre de Moraes,Fake
"Você pega dez anos atrás, o orçamento da cidade de São Paulo era de R$ 56 bilhões. Ano que vem é o quê? Mais que o dobro.",Fake
Vídeo mostra manifestação pró-Bolsonaro na avenida Paulista,Fake
"Hackers expuseram dados administrativos antigos do TSE em links para download. Os bancos de dados acessados não têm, portanto, nenhuma relação com as eleições. Além disso, o sistema das urnas eletrônicas não funciona em rede",True
Foto publicada há 6 anos é postada como se fosse de ato pró-voto impresso,Fake
“A gente está vivendo um momento ímpar com esse grande evento que vai ter no Brasil.,True
"Sete em cada dez homicídios no Brasil foram cometidos com arma de fogo em 2024, diz Atlas da Violência",True
"Fernando Haddad foi vaiado em Campinas com gritos de ""Fora, Haddad""",Fake
"Ex-presidente do BRB acertou propina de R$ 146 mi, diz Polícia Federal",True
Geraldo Alckmin e Alexandre de Moraes quase linchados em Brasília em 2022,Fake
Governo do Reino Unido divulgou um relatório confirmando que os totalmente vacinados agora representam 9 em cada 10 mortes por Covid-19 na Inglaterra,Fake
STF tem placar de 4 a 1 para eleições indiretas no Rio,True
TSE condena Cláudio Castro e ex-governador fica inelegível até 2030,True
Brasil quer aumentar produção e importação de gás da Bolívia,True
Governo publica MP que destina R$ 30 bi a taxistas e motoristas de app,True
Lula diz que Brasil seria melhor sem mentiras e alerta para uso da IA,True
"A USAID e o TSE não estão envolvidos na criação do Comprova, no seu financiamento ou na orientação do seu trabalho, que segue metodologia descrita em seu site e evidenciada em cada verificação.",True
"Nikolas Ferreia disse que ""Faremos o dólar chegar a 7 reais""",Fake
Ele [Boulos] mostrou um exame [toxicológico] fajuto.,Fake
Ministro Alexandre de Moraes libera passaporte de Jair Bolsonaro,Fake
TSE confirma eleições indiretas para o governo do Rio de Janeiro,True
Elon Musk baniu Alexandre de Moraes do X,Fake
As urnas eletronicas sao seguras.,True
[Ricardo Nunes] é recordista em obras sem licitação,True
Cida Borghetti disse que deputados do Paraná já aprovaram nova lei sobre a previdência pública,Fake
Olhe para os orçamentos da Proteção Civil e acho que fica muito envergonhado. Em 2016 e 2017 tiveram um orçamento para o combate [aos incêndios] inferior aos anos do anterior governo. E repare que 2018 tem um Orçamento previsto abaixo do orçamento para 2012. São os dados oficiais dos orçamentos.,True
"Cancelar Enviar feedback Carregando formulário Política de privacidade O Portal do TSE coleta dados (IP, acesso a links, sistema operacional e navegador), por meio de cookies ou dos navegadores.",True
"Ao contrário do que afirma o post, o TSE não empossou secretamente o militar como presidente do Brasil “após fevereiro” de 2024.",True
Veto de Lula suspendeu pensão concedida a crianças vítimas da Zika,Fake
Lula diz que governo apresentará solução para famílias endividadas,True
"Torcida do Atlético-MG xinga Lula no estádio. Lula foi assistir Atlético MG x América, domingo em BH. O estádio inteiro começou a gritar pelo seu nome.",Fake
"MUNDIAL DE CLUBES 2029 – Apesar de ressaltar que este tema não foi debatido no encontro com o presidente Lula, Samir Xaud confirmou que o Brasil irá trabalhar para tentar trazer ao país a Copa do Mundo de Clubes, em 2029.",True
Aos partidos políticos e às coligações é permitida a obtenção de cópias dos arquivos de RDV de todas as urnas que julgarem necessárias.,True
STF inicia julgamento sobre eleições para mandato-tampão no Rio,True
Jair Bolsonaro foi esfaqueado durante a campanha eleitoral de 2018.,True
Bolsonaro decretou estado de sítio no Brasil,Fake
TSE proibiu alerta sobre vacinação da poliomielite,Fake
Urnas descartadas ilegalmente em Porto Alegre,Fake
Terceirizados do governo têm redução de jornada e auxílio para creche,True
Imagens mostram como Bolsonaro recebeu obras da transposição do rio São Francisco,Fake
José Sarney ameaçou Jair Bolsonaro,Fake
Flavio Dino defende desmilitarizar a polícia no X,Fake
"Se você quiser uma via impressa do seu título, pode solicitá-la no Cartório Eleitoral, imprimir pelo sistema Autoatendimento Eleitoral - Título Net , ou pelo aplicativo e-Título (disponível para smartphone e tablet nas plataformas iOS ou Android) .",True
Chacina do Tapanã: Brasil é notificado por condenação internacional,True
Moraes suspende aplicação da Lei da Dosimetria até decisão do STF,True
Governo vai subir a idade mínima de aposentadoria para 78 anos,Fake
Erika Hilton foi convidada a ser ministra do governo Lula,Fake
George Soros declarou que Bolsonaro não ganha as eleições em 2022,Fake
Bolsonaro pode se tornar inelegível por causa de ação relaciona a compra de vacinas contra a covid-19,Fake
TSE cassa mandato do governador de Roraima e determina novas eleições,True
Governo Lula acabou com a aposentadoria por tempo de contribuição,Fake
Governo do Rio diz que entregou imagens da Operação Contenção à PF,True
PL da Dosimetria anistia Bolsonaro e condenados pelo 8 de Janeiro,Fake
Que tal estimular relação sexual entre pai e filha? Espanto? Esta é a leitura que foi disponibilizada pelo Ministro de Educação Haddad enquanto esteve à frente deste ministério.,Fake
CCJ do Congresso dos EUA aprovou cancelamento dos vistos dos ministros do STF,Fake
A via digital do título eleitoral que contenha fotografia pode ser utilizada como documento de identificação para votar.,True
"STF deve receber essa semana pedido do PT e PSOL para derrubar venda de livros de Bolsonaro no Instagram, diz manchete",Fake
Bolsonaro desmaia na cadeia e é levado às pressas para hospital 12/12/2025,Fake
4 - Onde posso checar se uma notícia sobre o processo eleitoral é falsa?,True
Aloysio Nunes comandou embaixada dos EUA durante governo do PT,Fake
Título eleitoral tem propaganda para Lula,Fake
Não há qualquer evidência de que as eleições de 2022 tenham sido fraudadas. Vídeo viral volta a circular com uma falsa troca de mensagens entre o ministro Alexandre de Moraes e um engenheiro da Oracle.,True
Médico francês não faz mais parte de grupo consultivo europeu da OMS e contraria evidências científicas ao sugerir que as pessoas imunizadas têm mais problemas e são perigosas para os outros.,True
Janja pediu para tirar foto com Bolsonaro no Rio,Fake
Rede Amazônica define datas de entrevistas com candidatos ao governo na eleição suplementar de Roraima,True
Bolsonaro foi preso por ato terrorista e expulso do Exército,Fake
Operação mostra que há organização criminosa dentro do STF,True
O Bolsonaro é o maior financiador do Nunes. O partido do Bolsonaro botou R$ 15 milhões na campanha do Nunes.,True
Chefe do tráfico envia áudio de agradecimento ao ministro do STF Edson Fachin,Fake
"Atlas da Violência: Brasil tem menor taxa de homicídios em 11 anos, mas ainda registra 42,6 mil casos",True
Presidente da Câmara diz que proposta tem apoio para ser votada ainda nesta semana no Plenário,True
Foto mostra homem com tatuagem do ex-presidente Lula e tornozeleira eletrônica,Fake
R$ 164 milhões foram gastos em 2023 para pagar despesas de viagens internacionais do presidente Lula,Fake
Lula é xingado ao se entregar à PF em 2018,Fake
Bolsonaro foi aposentado aos 33 anos por insanidade mental e preso em 1987 por planejar atentado contra o Exército,Fake
"Os vídeos sem legenda clara fazem parecer que os protestos são atuais, mas o ato retratado ocorreu em 2018, quando Lula circulava por cidades do Sul do país.",True
CNU 2025: governo divulga hoje reclassificação de candidatos,True
"Nicolao Dino, irmão de Flávio Dino, está envolvido na fraude do INSS",Fake
Governo de SP aplica multa recorde de R$ 1 bilhão contra Fast Shop,True
Globo admite que motociata de Bolsonaro é a maior do mundo,Fake
O Brasil possui membros do Congresso sendo presos por suas opiniões,Fake
"Tenha sempre em mãos seu título eleitoral, já que nele constam informações sobre a zona e a seção eleitoral.",True
Portal Transparência mostra que gestão Bolsonaro tem o maior orçamento para educação da história,Fake
Eleições com urna eletrônica não são limpas,Fake
Alexandre de Moraes fugiu correndo de pessoas que entraram no prédio do STF,Fake
"Foto mostra a mascote ""Pilili"", do TSE, fazendo o L",Fake
Os dados do Banco de Portugal sobre o investimento estrangeiro não demonstram uma debandada do investimento estrangeiro por falta de confiança no Governo. Pelo contrário.,True
"Aos Fatos entrou em contato com a PF, que afirmou que “monitora toda e qualquer situação potencialmente perigosa” e que “não havia sido identificada qualquer ameaça concreta a algum dos candidatos”. Diante do ocorrido ontem, um inquérito policial foi instaurado para investigar todas as circunstâncias do fato. A PF, no entanto, por política de comunicação, informou que não comenta investigações em andamento.",Fake
População de Passo Fundo bloqueia entrada de Lula na cidade,Fake
Títulos de eleitor de quem tem mais de 70 anos estão sendo cancelados,Fake
Lula defende que luta contra feminicídio deve ser sobretudo dos homens,True
Tarcísio disse: NÃO IREI A POSSE DE LULA PORQUE ELE NUNCA TOMARÁ POSSE,Fake
"No caso de utilização do Requerimento de Justificativa Eleitoral (RJE) , é necessário apresentar também um documento oficial de identificação com foto.",True
"A coleta biométrica é feita durante as operações de alistamento eleitoral (primeiro título), revisão de dados ou transferência de domicílio.",True
Barroso confessou em tuíte q o voto físico é democrático,Fake
Senador apresenta relatório favorável à indicação de Messias ao STF,True
"""Bolsonaro levou para casa a réplica do estádio do Qatar avaliada em 96 milhões.""",Fake
"Se Hitler matou 6 milhões, Stalin matou mais de 100 milhões de pessoas.",Fake
Caminhos da Reportagem debate impactos da escala 6x1 no Brasil,True
"Não há registro de aumento ou redução de ICMS sobre o gás de cozinha desde o início deste ano, mas não há garantias de que essa alteração provocasse mudança significativa no preço final ao consumidor.",True
“Bolsonaro e Trump sempre tiveram razão a respeito da OMS. A OMS alerta sobre máscara ser desnecessária para pessoas saudáveis”,Fake
Suíça monitorou e perseguiu brasileiros contrários à ditadura,True
"“Sem a proteção dos povos indígenas, o cuidado com a floresta e os rios, a crise climática traria eventos ainda mais extremos – de secas a inundações – para toda a população brasileira, sem exceção.",True
Edição foi feita a partir de uma gravação de 2015 de uma emissora ligada à Fox e a reportagem falava sobre um crime. A pesquisa na tela é antiga.,True
Governo revoga decreto sobre concessão de hidrovias na Amazônia,True
"E deixar a Copa do Mundo aqui no Brasil”, destacou Samir Xaud.",True
É de arrepiar apoiadores de Bolsonaro na Agrishow em 01/05/2023,Fake
Primeiro-ministro húngaro escapa de um atentado. A arma falhou no momento do disparo,Fake
Flávio Dino diz que vai usar balas de verdade em manifestantes contrários a Lula,Fake
Tabela mostra que ministros de Lula acumulam centenas de processos judiciais,Fake
Brasil é denunciado à OEA por ações policiais do governo de SP,True
"Comigo, o programa será mantido. Vou deixar isso claro em um programa de governo. Quero combater essa fake news de que vou acabar com o programa.",Fake
Vídeo mostra parlamentar do PT brigando com atendente de aeroporto,Fake
STF suspende julgamento sobre direto a silêncio em abordagem policial,True
Vídeo mostra protesto de Marcelo Falcão contra o governo Lula,Fake
"O amigo do meio está foragido, procurado pelo assassinato da Marielle",Fake
Foto mostra tratoraço em apoio ao governo Bolsonaro,Fake
"O débito foi quitado em outubro de 2021, e não interferiu no preço do combustível, que segue a cotação internacional do barril, além de outras variáveis, como impostos e custos de distribuição e revenda.",True
Eleitores fluminenses podem regularizar título neste sábado,True
"Ao defender fim da 6x1, Lula diz que vida da mulher é mais 'grave' porque, além do trabalho, tem louça, banheiro e casa pra cuidar",True
BPC foi cancelado pelo governo,Fake
"Post sugere que apuração das eleições municipais deste ano foi secreta e que isso configura fraude, mas o processo é aberto e qualquer cidadão tem acesso aos resultados das seções eleitorais",True
Publicação que mostra manifestação contra Lula em Bagé (RS) dá a entender que são imagens recentes. Mas vídeo mostra protesto que aconteceu em 2018.,True
STF: julgamento sobre prisão de ex-presidente do BRB começa na quarta,True
"Morre frei Sérgio Görgen, liderança do movimento camponês no Brasil",True
"(1) A restrição prevista no § 1º não é aplicável à brasileira ou ao brasileiro residente no exterior que requeira novo passaporte para identificação e retorno ao Brasil, conforme disciplinado pelo § 4º do art.",True
Quando Bolsonaro precisou fazer contingenciamento foi uma gritaria; agora ele liberou 8 BILHÕES para educação ninguém dá um pio.,Fake
Ambos são votos inválidos e não são considerados na contagem final.,True
Bolsonaro publica direito de resposta a Lula sobre Auxílio Brasil,Fake
Gás do Povo: governo fixa data de pagamento no dia 10 de cada mês,True
Nikolas associa pretos e pardos a bandidos,True
"Bolsonaro foi eleito Personalidade do Ano pela revista ""Time""",Fake
"Publicação engana ao dizer que a fala foi feita na Páscoa deste ano, relacionando-a ao quadro atual do Congresso e ao governo Lula.",True
"Após vitória na eleição, Lula visita o chefe do PCC",Fake
João de Deus pode ser solto devido à decisão do STF que derrubou a prisão em segunda instância,Fake
"A norma de 2019 continua em vigor, mas sofreu alterações aprovadas pelo Congresso em 2022, quando o presidente ainda era Jair Bolsonaro.",True
STF derruba lei de SC que proibiu cotas raciais nas universidades,True
Boulos só não foi condenado porque não foi encontrado,Fake
Jornal Nacional noticiou nesta semana novos desdobramentos da ‘Vaza Toga’,Fake
O próprio responsável por postar as imagens limitou a visualização da publicação. Isso inviabiliza o compartilhamento e não há um suposto boicote.,True
Quero parabenizar o povo de Paraisópolis pela ação de hoje contra o candidato Tarcísio. É assim que se deve receber um fascista e o tráfico só recebe quem é parceiro #CPXQuero parabenizar o povo de Paraisópolis pela ação de hoje contra o candidato Tarcísio. É assim que se deve receber um fascista e o tráfico só recebe quem é parceiro #CPX,Fake
Governo muda prazo de cadastro biométrico para manter programa social,True
"* Os seguintes documentos podem ser utilizados para se identificar na seção eleitoral: carteira de identidade, carteira de categoria profissional reconhecida por lei, certificado de reservista, carteira nacional de habilitação e passaporte, além do e-título.",True
Foto mostra Bolsonaro com 'Careca do INSS' em motociata,Fake
Governo e ONU têm programação alusiva a 3 anos de emergência Yanomami,True
Lula quer incluir inadimplentes do FIES em pacote contra endividamento,True
Teori Zavascki criticou método Moro um dia antes de morrer em acidente,Fake
"O eleitor e a eleitora que souberem seu local de votação podem votar sem o título, levando apenas um documento oficial com foto.",True
"Paul McCartney dedicou música ""Michelle"" a Michelle Bolsonaro",Fake
Ministério repudia declaração de assessor de Trump sobre brasileiras,True
Governo lança programa de R$ 11 bilhões contra o crime organizado,True
"Se votar só em presidente, e votar em branco nos outros, o voto é tido como voto parcial. Logo, seu voto é anulado.",Fake
O aviso de “Confira seu voto” foi implementado nas últimas eleições gerais para permitir que o eleitor revise o voto antes da confirmação.,True
É fake news que Pablo Marçal saiu de ambulância do debate da TV Cultura após ter sido agredido por Datena,Fake
"A vantagem da identificação biométrica é ter a identidade confirmada pela impressão digital, para evitar que outro eleitor ou eleitora se passe por você.",True
"Flávio Bolsonaro: “Um elemento negro, andando perto de uma favela, com um guarda-chuva na mão. Queria o quê? Correu o risco. A culpa não é da polícia"".",Fake
Lula lidera comitiva à Europa para encontros políticos e comerciais,True
"Nikolas Ferreira retirou R$ 580 milhões do SUS, em um caso escandaloso de desvios de dinheiro público, revela o g1",Fake
Agora é oficial: Bolsonaro será candidato para a Presidência em 2026,Fake
‘The Washington Post’ classificou Bolsonaro como o melhor presidente do Brasil,Fake
"Indígenas protestam contra ""fraude eleitoral"" nas eleições presidenciais de 2022",Fake
Vídeo que mostra fala de advogado no STF em 2018 sobre a impressão de comprovantes de votação voltou a circular sem contexto e sem informar que falhas já foram corrigidas.,True
Governo anuncia repasse a prefeituras de MG para ajuda a desabrigados,True
Operações da PF em janeiro e fevereiro ocorreram logo após eventos promovidos pelo ex-presidente Bolsonaro,Fake
"Hélio Lopes, isso mesmo, o ?amigão? do Bolsonaro, deputado de EXTREMÍSSIMA DIREITA, resolveu convocar uma audiência pública sobre a chamada ?PEC do Fim dos Pardos?.",True
Documento revela que Bolsonaro venceu as eleições de 2018 no primeiro turno,Fake
Brasil tem quase 20 ‘presidentes da República’ ou vice com registro em carteira de trabalho,True
STF apura emenda parlamentar para produtora de filme sobre Bolsonaro,True
"""Segunda volta à vista! André Ventura: 20,3%""",Fake
Acesse o simulador de votação e treine para não errar!,True
"Vídeo mostra urna conduzida em uma picape cedida à Justiça Eleitoral pelo DNOCS, no Ceará. O equipamento é uma urna de contingência, utilizada para substituir unidade que apresentou defeitos no início da votação",True
"O deputado federal Glauber Braga quer salário mínimo, 13º e férias para presidiários.",Fake
"Monitoramento do Pix pelo governo Lula é quebra de sigilo e indica que o PT vai tirar 27,5% do que as pessoas ganham",Fake
Maduro envia vídeo desejando boa sorte para Lula nas eleições de 2022,Fake
A Justiça Eleitoral é responsável por organizar as eleições e garantir a lisura do pleito.,True
"""Todos têm de se lembrar que isto é um mundial de fantochada e muitos interesses políticos e outros demais que até já mataram um jornalista só por descobrir que o irmão era gay""",Fake
"O presidente Jair Bolsonaro gastou, sozinho, R$ 15 milhões com leite condensado em 2020",Fake
Governo melhora condições e dobra crédito para compra de caminhões,True
Governo lança sistema para aluno buscar instrutor e autoescola,True
"Após eleição de Trump, Gilmar Mendes diz que não houve tentativa de golpe",Fake
Dino pede vista e STF suspende julgamento sobre royalties do petróleo,True
PM relata ao STF troca do carregador da tornozeleira de Bolsonaro,True
"O número de imóveis abandonados na cidade de São Paulo chegou, segundo o IBGE, a 590 mil.",True
Malafaia chamou Michelle Bolsonaro de linguadura do Satanás e metida a crente,Fake
"Sem saber que estava sendo filmado, o presidente do Fórum Econômico Mundial, Klaus Schwab, disse ter políticos, mídia, especialistas e cientistas ""no bolso""",Fake
Lula disse ao UOL que vai extinguir Auxílio Brasil e limitar sua entrega,Fake
Que vídeo mostra greves no Nordeste por corte de verba do Governo Lula.,Fake
"Traduzindo do hebraico para português matéria do Jerusalém Post 31/06/2025. Abre aspas: ‘Serviço Secreto de Israel, Mossad, descobre e comprova envio de recursos do governo Lula para o Hamas, Hezbollah, Irã e compra de petróleo da Rússia",Fake
"No encontro, as autoridades debateram a realização da Copa do Mundo Feminina de Futebol de 2027, que será disputada no Brasil entre 24 de junho e 25 de julho, por 32 seleções, em oito cidades brasileiras.",True
Senadores e governo ajustam projeto de financiamento para produtores rurais,True
Mesário pode anular votos de eleitores com camisetas amarelas,Fake
Vídeo mostra diretor do X revelando pressão feita por Moraes,Fake
"Durante Lula, o país saiu de superávit de R$ 54 bi para rombo de R$ 1 tri",Fake
Brasil e Alemanha firmam acordo sobre minerais críticos e terras raras,True
TV Brasil: Datena recebe o senador e jornalista Jorge Kajuru,True
Posicionamentos da Petrobras e da sua contraparte boliviana indicam que a medida foi motivada por interesses comerciais.,True
STF articula resposta após Moraes ser notificado em processo dos EUA,True
"TSE vê crime em Bolsonaro querer baixar gasolina em ano eleitoral, mas não viu quando Dilma baixou energia a poucos meses das eleições.",Fake
O acesso ao aplicativo e-Título está disponível somente para quem está com o título eleitoral regular ou suspenso.,True
Ministro Dino ameaçando quem não votar favorável a ele,Fake
A urna eletronica e usada pela Justica Eleitoral nas votacoes oficiais.,True
Rádio Nacional FM começa 2026 com recorde de audiência em Brasília,True
Neymar declara voto em Lula nas eleições presidenciais de 2022,Fake
Os trechos selecionados não mostram que Mendes está citando situações que foram solucionadas com o avanço da biometria nas eleições.,True
Presidente da Câmara Municipal de Coruche foi agredido por um cidadão de etnia cigana depois de entrar numa reunião camarária.,Fake
O presidente da Republica e Luiz Inacio Lula da Silva.,True
"Lula instituiu o ""Terra da Gente"", que acaba com a propriedade privada",Fake
"""Quem são os sócios maioritários da Petrobras: Fernando Henrique, Michel Temer, Lula [da Silva]. Razão de o combustível estar tão alto. Empresa americana com sócios brasileiros"".",Fake
"""Após ?perseguição? da Anvisa, Flávio tira fotos com produtos Ypê e vendas disparam nos supermercados""",Fake
"Panfletos da campanha de Lula com propostas sobre aborto, drogas e armas",Fake
Gilmar Mendes admite a farsa no julgamento de Jair Bolsonaro,Fake
"Vídeo engana ao sugerir relação entre o ministro do STF Alexandre de Moraes e o acidente aéreo que vitimou o ministro Teori Zavascki. Também não há indícios de ligação entre o magistrado e o delegado de Angra dos Reis (RJ) Adriano Antônio Soares, que iniciou as investigações sobre a morte de Zavascki.",True
Especialista diz que a operação tem amparo legal. O que o momento eleitoral restringe é a prisão.,True
Lula destinou 15 milhões de reais a empresas do Oriente Médio afetadas pela guerra e esse dinheiro sai do bolso do povo brasileiro,Fake
Intercept admite não ter provas do pagamento do valor para o filme de Bolsonaro,Fake
"Atlas da Violência: Brasil registrou mais de 3,6 mil homicídios de mulheres em 2024; negligência e abuso sexual lideram ocorrências",True
Informação de que Flávia Arruda (PL) votou a favor da manutenção da prisão de Daniel Silveira após ofensas ao Supremo Tribunal Federal (STF).,True
"""Palocci afirmou que eleições eram decididas pela cúpula. Urnas foram encomendadas para fraudar eleições.""",Fake
"Entre os empossados, destaque para a primeira diretoria da recém-criada Autoridade Nacional de Segurança Nuclear (ANSN), marco histórico para o setor nuclear brasileiro.",True
O IBAMA recebia ordens do STF para por fogo na floresta amazônica e no Mato Grosso NA GESTÃO DO BOLSONARO E CULPÁ-LO,Fake
"O pai do presidente da Câmara, Hugo Motta (Republicanos-PB), foi alvo de uma operação da Polícia Federal",Fake
Gonzaguinha critica Bolsonaro em 1990,Fake
Leonel Brizola avisou há 22 anos sobre o governo de Jair Bolsonaro,Fake
Comprovante de vacinação contra a covid-19 está sendo exigido para regularizar título de eleitor em São Pedro da Aldeia (RJ),Fake
Lula afirma que mundo não dá direito a Trump ameaçar um país,True
Revista Time não publicou capa com ex-presidente Lula,Fake
"Na rede municipal são 43 mil [alunos com deficiência], se eu não me engano.",Fake
Lula vai a SP para tirar excesso de pele na cabeça e tratar tendinite,True
"""Fuck Trump"" diz o cara lixo comunista vagabundo terrorista que queima uma sacola cheia de votos para o Trump. Quantos outros casos deste podem ter acontecido?",Fake
"O valor de R$ 1 trilhão se refere ao faturamento, não ao lucro, das 47 companhias sob o controle do governo. O lucro líquido das estatais foi de R$ 187,7 bilhões em 2021.",True
STM deu 48h para Barroso explicar acusações contra as Forças Armadas,Fake
Vídeo mostra Flávio Dino com mandante da morte de Marielle,Fake
Nunca antes na história do País um presidente interferiu na escolha de comandos do Exército,Fake
"O ex-advogado de Flávio Bolsonaro, Frederik Wassef é o mesmo que defende Adélio Bispo, o homem que esfaqueou Jair Bolsonaro em 2018",Fake
"Após quatro tentativas, a pessoa será orientada a apresentar o documento oficial brasileiro de identificação com foto* e o mesário ou a mesária poderá fazer algumas perguntas para a confirmação da identidade.",True
Mesários podem interferir na contagem dos votos,Fake
O Ministro da Defesa Paulo Sérgio Nogueira se tornou alvo de notícia-crime no STF por causa do relatório das urnas. O STF desafiou as Forças Armadas,Fake
Bill Gates ordenou aos governos do mundo que substituam alimentos de verdade por geneticamente modificados,Fake
"Donald Trump diz: ""O mundo já entendeu que Alexandre de Moraes e seus cúmplices do Supremo Tribunal Federal nos últimos seis anos destruíram a Constituição, a democracia e as instituições e passaram a oprimir o povo brasileiro com o objetivo de instaurar, através do uso da força, o comunismo chinês no Brasil""",Fake
Posts nas redes sociais que alegam que o Supremo Tribunal Federal ataca a democracia ao contrapor decisão da Câmara dos Deputados.,Fake
"Hoje motoqueiros saindo de Porto Velho (Rondônia) para ver o presidente Jair Bolsonaro na inauguração da Ponte do Abunã, que liga o estado do Acre",Fake
Elon Musk publicou um vídeo da trama do golpe das urnas,Fake
"Lula expandiu o acesso ao Fies, mas não o criou. A iniciativa surgiu na gestão FHC, em 1999, após o fim do Crédito Educativo, programa similar criado em 1975, durante o governo de Ernesto Geisel.",True
"O ministro da Fazenda, Fernando Haddad, declarou a impossibilidade de o governo pagar funcionários públicos",Fake
Empresa investigada por roubar R$ 32 milhões dos aposentados do INSS pagava cartão de crédito de Michelle Bolsonaro,Fake
"Eu fiz uma prefeitura que foi avaliada a melhor prefeitura dos últimos 30 anos pela 'Folha de S.Paulo'. — Marta Suplicy (PMDB). Datafolha diz que 72% da população avalia mal o programa Braços Abertos. — João Doria (PSDB). O senhor [Fernando Haddad] tirou 3.000 ônibus de circulação na cidade de São Paulo. — Major Olímpio (SD). Fui o único prefeito a regularizar o Uber. — Fernando Haddad (PT). O plano diretor que aprovamos é considerado um dos mais ousados no pais pela ONU Habitat. — Fernando Haddad (PT). Dois terços dos beneficiários do Braços Abertos reduziram consumo de crack. — Fernando Haddad (PT). Precisa também dar atenção a outro segmento que presta esse servico [táxis]. São 35 mil taxistas. — Luiza Erundina (PSOL). Alguns dias atrás o senhor [João Doria] chamou essas pessoas de transgressores e invasores, foi isso que você considerou que são essas pessoas. E eu não estou falando de moradores de rua. Estou falando de pessoas que lutam pelo direito de moradia. — Luiza Erundina (PSOL)",True
Deputada italiana Sara Cunial denuncia Bill Gates coronavírus COVID-19,Fake
PL pede que governo tampão do RJ seja exercido por presidente da Alerj,True
"Flávio Bolsonaro diz: ""O Sistema Único de Saúde (SUS) será privatizado no mesmo dia em que eu tomar posse""",Fake
Bolsonaro entra com revisão criminal no STF para anular condenação,True
Presidente do Brasil recebendo muçulmanos que pediram refúgio. Irão receber 7 mil reais por mês por 6 meses pela Operação Acolhida,Fake
Silvio Almeida gravou vídeo pedindo votos para Boulos na eleição municipal de 2024,Fake
Você está pagando esse 'presentinho' do Lula! [...] Lula ganha carro 0km da BYD após visita de representantes da empresa,Fake
"Lula disse que pobres e negros não têm que aprender, mas trabalhar",Fake
Diálogo mostra atitude de Lula durante interrogatório feito por Sergio Moro,Fake
Distrito Federal aciona STF para derrubar entrave da União que pode impactar empréstimo de socorro ao BRB,True
Servidor do TSE que totaliza os votos fica nos Estados Unidos,Fake
Vídeo mostra Bolsonaro e apoiadores em Ribeirão Preto em outubro de 2023,Fake
Lula e Janja esbanjam e se hospedam em suíte que custa R$ 95 mil em Londres.,Fake
Votos para Bolsonaro em boletins de urna não são computados,Fake
autoridades públicas; agentes policiais; ocupantes de cargos de confiança do Poder Executivo; pertencentes ao serviço eleitoral; e eleitoras ou eleitores menores de 18 (dezoito) anos.,True
Alexandre de Moraes diz que transição de governo precisa ser feita com urgência,Fake
"Penalidades à empresa Diebold não envolvem as urnas eletrônicas usadas no Brasil, mas sim irregularidades em contratos em outros países",True
The New York Times informa que Donald Trump solicitou que Marco Rubio investigue Eduardo Bolsonaro por declarações relacionadas ao Brasil e a Jair Bolsonaro.,Fake
Essas urnas são utilizadas para substituir aquelas que apresentarem defeitos durante a votação.,True
Brasil fecha 2025 com aumento de 5% no estoque de empregos,True
Parecer da indicação de Jorge Messias ao STF é lido na CCJ do Senado,True
Governo Lula anuncia o fim do Bolsa Família,Fake
Lula xingado na entrada do Rock in Rio,Fake
Jair Bolsonaro disse que a cloroquina salvaria 100 mil vidas,Fake
Bolsonaro declara apoio à candidatura de Pablo Marçal em live,Fake
Pesquisa de avaliação do Governo Lula Genial/Quaest demonstrou que só dois grupos ainda apoiam o presidente: beneficiários do Bolsa Família e pessoas com escolaridade abaixo da quarta série.,Fake
"Moro participou de live com Boulos, Frota, Amoedo e Maia",Fake
PT está pedindo para fechar Jovem Pan,Fake
Vídeo em que o primeiro-ministro do Japão faz elogios a Lula e o chama de 'herói da vida humana',Fake
"Presidente do CNS, Fernando Pigatto, entrou com ação que suspendeu piso nacional da enfermagem",Fake
Melhor do dia! O #idiota inútil #BOLSONARO assistiu no Museu de Dallas imagem do melhor #Presidente do #Brasil: #LULA...olha a cara dele e do #PauloGuedes de inveja e despeito…,Fake
Lula compara pobres a papel higiênico,Fake
Polícia Federal descobre que Moraes prendeu Bolsonaro por dinheiro,Fake
Para dar artigo 142 precisa de 72 horas de manifestações públicas sem que haja excitação do presidente,Fake
Bolsonaro não recebeu votos em Itacoatiara (AM),Fake
Deputado Federal Zé Trovão (PL-SC) diz que caminhoneiros vão fechar estradas em 7 de setembro de 2023.,Fake
TSE tem maioria para condenar Castro à inelegibilidade até 2030,True
STF diz que Chiquinho Brazão não pode ser preso,Fake
É necessário pagar taxa ao governo federal para resgatar valores acima de R$ 1 mil.,Fake
"Após decisão do STF, ilhas do Pará passam a ser da União",Fake
"Barroso foi sancionado pelos EUA e perdeu visto, passaporte, contas bancárias e cartões de crédito",Fake
Flávio Dino disse que a cloroquina pode ser receitada pelos médicos em 2023,Fake
"A Lei 13.979, de iniciativa do governo federal e sancionada pelo presidente da República em 6 de fevereiro de 2020, prevê em seu artigo terceiro a vacinação como uma das medidas compulsórias que podem ser adotadas pelo governo",True
Lula defende exploração na Margem Equatorial com responsabilidade,True
Alerta! Aplicativo e-Título do TSE é espião,Fake
Rui Falcão chamou Nikolas Ferreira de ‘chupetinha’ durante audiência na CCJ,Fake
"Fraude eleitoral: USAID pagou US$ 500 mil à empresa Smartmatic, que forneceu urnas eletrônicas ao Brasil em 2022",Fake
"Alegação: Putin diz que, na Rússia, Bolsonaro teria sido condenado à morte por tentativa de golpe",Fake
"Governo Lula vai acabar com isenção do IR para quem tem câncer, HIV e tuberculose",Fake
TSE retomará julgamento que pode cassar governador do Rio,True
"A gravação foi feita, na verdade, em 7 de setembro de 2021, durante outra manifestação em apoio ao presidente.",True
Novo entendimento do STF põe fim à propriedade privada no Brasil,Fake
Saiba o que muda com a nova licença-paternidade no Brasil,True
Lula prometeu acabar com ‘trabalho por aplicativo’,Fake
O governo Lula não tem nada a ver com as emendas parlamentares,Fake
Chuvas em Belém: governo federal reconhece situação de emergência,True
"Governo propõe subvenção da gasolina em R$ 0,44 por litro",True
"Você sabia que nós tivemos déficit no ano passado? Mesmo com orçamento gigante, o maior da história, esse prefeito conseguiu fazer déficit de R$ 5,5 bilhões.",True
"Homem que atacou o Supremo Tribunal Federal (STF) jogou uma bomba contra a estátua da Justiça, mas o explosivo quicou, caiu em cima dele e o matou",Fake
STF julga nesta terça recurso contra decisão que acabou com aposentadoria compulsória como maior punição a magistrados,True
Ministro Fernando Haddad diz que governo analisa proposta para regulamentar casas noturnas de prostituição,Fake
Prefeito bolsonarista agradece Lula.,Fake
Governo Lula vai taxar influenciadores digitais em 4% do faturamento bruto,Fake
Lula e Janja são vaiados na Bahia em 09/2/25,Fake
Governo lança site Resgate Brasil para receber valores esquecidos,Fake
Governo Lula manda receita federal detonar o Brás,Fake
Tarcísio pediu intervenção federal no STF em reunião com 12 governadores,Fake
Eleitor não pode colocar o número do candidato em que votará no caderno de assinaturas das seções eleitorais para auditar a votação.,True
Vídeo mostra resultados diferentes no aplicativo e no boletim impresso da mesma zona eleitoral de Rio Branco,Fake
Lula inaugura emergência em hospital público do Rio de Janeiro,True
Lula faz novo procedimento de radioterapia no couro cabeludo,True
Brasil começa a importar queijo mais barato após acordo Mercosul–UE,True
"No ato da substituição, o flash card e o disquete de votação são transferidos da urna com defeito para essa urna, havendo dessa forma uma migração dos votos já registrados para a urna de contingência que é lacrada e passa a ser a urna da seção.",True
Recursos do governo federal foram usados apenas para pagar despesas de representantes da administração pública federal.,True
"Governo suspende 3,4 milhões de multas por não pagar pedágio",True
O perfil vocal da voz presente no vídeo não coincide com o de Bolsonaro. A similaridade verificada foi de apenas 6%.,True
"Post usa vídeo em que um homem, com prancheta e caneta em mãos, pergunta a outro na rua em quem ele vai votar para a Prefeitura de São Paulo. O entrevistado indica Pablo Marçal (PRTB). O homem, então, que se passa por um funcionário de instituto de pesquisa, diz que vai trocar a resposta para Guilherme Boulos (PSOL), por já ter pego muitas respostas em Marçal. Na tela do vídeo, é inserida a pergunta: “Você confia nos institutos de pesquisa?”. Já na legenda, está escrito: “Será que é assim que funcionam as pesquisas do Bananinha e do Comedor de Açúcar?”.",Fake
Feminicídio Nunca Mais: campanha internacional é lançada no Brasil,True
"Para CNC, bets agravam endividamento das famílias brasileiras",True
A autora da publicação confirmou ao Comprova que o vídeo se trata de uma montagem.,True
Presidente do México foi transferida para navio militar após onda de violência no domingo (22),Fake
"Eleitores de Bolsonaro, se Flávio Bolsonaro cair quem assume a vaga é Lindbergh Farias. Entenderam porque a tramoia sobre ele?",Fake
Fazenda Fortaleza foi comprada por Fábio Luís Lula da Silva por R$ 47 milhões,Fake
Em 2019 a Globo noticiou que hackers numa convenção em Las Vegas hackearam urnas do modelo brasileiro em poucos minutos,Fake
Quase 500 terras índigenas podem ser demarcadas,Fake
Também é sobre o RDV que o boletim de urna – relatório com a apuração dos votos da seção – é gerado.,True
Dia da eleição 1 - Quais documentos são necessários para votar?,True
"Mdic define regras para crédito de R$ 21,2 bi do Move Brasil",True
Flávio Dino diz ser fã da “primeira-dama” do Comando Vermelho em vídeo,Fake
Anteprojeto do código de ética do STF está em fase de elaboração,True
Ministro do STF Luiz Fux cancelou o julgamento que condenou Jair Bolsonaro a prisão,Fake
Donald Trump é oficialmente o primeiro ex-presidente dos Estados Unidos a ser preso,Fake
Motociata do Bolsonaro foi pro Guinness Book como a maior da história,Fake
Você também pode consultar a relação de portais dos tribunais regionais eleitorais .,True
Raio-X de Pablo Marçal mostra costela no sexto arco costal,Fake
"Ato em frente ao Santuário de Nossa Senhora Aparecida com a faixa ""Lula é um grande filho da puta"".",Fake
Novas imagens vazadas do 8 de janeiro vazadas por Eduardo Tagliaferro provam a farsa do golpe.,Fake
"É uma montagem a imagem que mostra uma suposta interação online entre o presidente Lula e Javier Milei, recém-eleito na Argentina.",True
STF debate valor do mínimo existencial para evitar superendividamento,True
Conteúdos enganosos omitem trecho em que Lula atribui pensamento ao que ele chama de “elite conservadora do Piauí”.,True
Elon Musk revela documentos sobre ajuda do Twitter para fraudar eleições no Brasil,Fake
"“Somos um governo que respeita os povos indígenas, reconhece seus direitos e trabalha dia e noite, noite e dia, para que eles sejam assegurados.",True
Haddad parabenizou Maduro pela revolução na Venezuela no Twitter,Fake
"Sem dinheiro, venezuelanos acampam às margens de rodovia na fronteira do Brasil: 'aqui pelo menos temos comida'",True
Lula mente sobre o dia do seu aniversário,Fake
Brasil pede à OMS inclusão de CID de feminicídio,True
Flávio Dino assumiu o caso dos respiradores em que ele mesmo é réu,Fake
O sistema de totalização é a consolidação do resultado publicado na seção eleitoral (boletim de urna).,True
"Bolsonaristas usaram 'erection"" em vez de 'election' em cartaz",Fake
Comparação grosseira e publicação em grupos de humor deixam clara a intenção das postagens.,True
PF encontra mensagens de violência em celular de deputado preso no RJ,True
"Por 8 votos a 2, STF derruba prorrogação da CPMI do INSS",True
Donald Trump; Jair Bolsonaro,Fake
"Governo Bolsonaro ""não conseguiu fazer nada"" na obra da ponte que liga o Pará ao Tocantins",Fake
Donald Trump estabelece prazo de 24 horas para que Alexandre de Moraes renuncie ao cargo de ministro do Supremo,Fake
Nos planos de governo de ambos não há nenhuma menção à proposta. Petro nunca a citou em manifestações públicas e Lula nega qualquer proposta com esse teor.,True
Este vídeo mostra o ex-presidente Lula dizendo que estava sendo tomado pelo demônio,Fake
Governo fará ajuste para proibir bets no Desenrola Fies,True
"Faxina na Petrobras: o presidente novo, um general, demitiu 300 funcionários do prédio central",Fake
Imagem de abraço de Lula em Suzane Von Richtofen,Fake
O cadastro eleitoral está fechado desde 9 de maio e será reaberto em 5 de novembro .,True
Novas medidas do governo reforçam proteção das mulheres na internet,True
Jornalistas da GloboNews falam que o STF estava mancomunado com Lula,Fake
"Do ponto de vista constitucional e político quem forma os governos são os partidos representados na AR e não as eventuais coligações pré-eleitorais, entretanto desaparecidas. Quando o PR tiver de decidir sobre a nomeação do PM, a sua única referência é a geografia parlamentar resultante das eleições",Fake
Tecla confirma não aparece na urna; urnas foram ligadas já com votos; urnas completam voto automaticamente,Fake
"No vídeo original, Lula fala o contrário do que sugere a versão manipulada e diz que no local não existem traficantes, vagabundos e bandidos.",True
"Para consultar pautas de julgamento, acesse https://www.tse.jus.br/servicos-judiciais/sessoes-de-julgamento/pautas-de-julgamento/pje 7 - Onde encontrar dados estatísticos sobre as eleições brasileiras?",True
Trump diz: Bolsonaro não é assunto da nossa conta,Fake
Ursal quer fraudar urnas na eleição brasileira,Fake
TSE define ministros que vão julgar processos de presidenciáveis,True
Polícia Federal tem dossiê contra Nikolas Ferreira e investiga irmão de Jair Bolsonaro,Fake
Médico diz que Lula retirou lesão deve repousar nos próximos dias,True
Câmara Legislativa convoca presidente do BRB para explicar rombo,True
Supremo Tribunal Federal (STF) condena Serasa a pagar indenização a todos os brasileiros que tiveram dados vazados,Fake
Republicanos em MG cogita Cleitinho para disputa presidencial após desgaste de Flávio Bolsonaro,True
"O ex-presidente Luiz Inácio Lula da Silva foi homenageado, nesta manhã de quarta-feira (12), em Roma, pelo prefeito da cidade, Ignazio Marino. Lula recebeu a Loba Capitolina, símbolo da cidade, na sala Júlio Cesar, no centro histórico da capital italiana.",Fake
"O que que o Lula fez no final do ano passado? Teve aqui reunião do G20, [ele] assinou 37 memorandos e acordos com a China. Entre esses acordos, entregou o nosso urânio para a China.",Fake
Guia de Direitos dos Povos de Matriz Africana é lançado em Brasília,True
Trump esmagou Lula na Casa Branca,Fake
Ministro Luiz Fux diz que Bolsonaro vai ser volto e será candidato à Presidência,Fake
"""Médico dá somente alguns de vida a Bolsonaro!!!""",Fake
"Para mais informações, acesse a página da biometria: https://www.justicaeleitoral.jus.br/biometria/ Voto 1 - Quem é obrigado a votar?",True
"Para saber mais, acesse https://www.justicaeleitoral.jus.br/eleicoes/mesario/ Biometria Atenção!",True
Lula cancelou anistia ao Fies,Fake
"Detenção de ativista brasileiro em Israel é injustificável, diz Lula",True
Governo Lula aprova lei que acaba com obrigatoriedade de aulas de autoescola,Fake
Lula será julgado pelo Supremo Tribunal Internacional,Fake
Lula passa por procedimento de radioterapia no couro cabeludo,True
Deputada do PSOL quer criar a profissão de ladrão: 'com direito a aposentadoria e tudo',Fake
Governo federal faz mais duas trocas em ministérios antes das eleições,True
"E eu tenho o poder e vou interferir em todos os ministérios, sem exceção.",Fake
"Mesmo com queda, Brasil é o país que mais mata trans e travestis",True
O documento apresenta uma série de inconsistências. Há registros de que Boulos estava em outro lugar no momento apontado como o de sua internação.,True
O incompetente nomeado pelo STF sendo recebido nos EUA...,Fake
Lula sanciona lei que amplia licença-paternidade,True
"O uso de IA pode ser constatado pela presença da marca d’água do Grok. Além disso, a mídia contém erros característicos da tecnologia.",True
3 - Como faço para consultar e quitar possíveis débitos eleitorais?,True
Boletim de Urna mostra Fernando Haddad com mais votos que total de eleitores,Fake
"Operações da PF não podem ser deflagradas no ápice do processo eleitoral, pois atos judiciários interferem diretamente na política local, o que coloca em xeque a seriedade das decisões",Fake
"Governo reconhece situação de emergência em cidades de MG, RJ e SP",True
Maior acordo da história pode render US$ 100 bi ao Brasil. Parabéns ao governo Bolsonaro por mais este importantíssimo acordo.,Fake
Gusttavo Lima anuncia apoio à candidatura de Flávio Bolsonaro a presidente,Fake
"O presidente esteve acompanhado de uma comitiva composta por diversas autoridades, entre elas a presidenta da Fundação Nacional dos Povos Indígenas (Funai), Joenia Wapichana.",True
Vídeo gravado antes de Alexandre de Moraes ser escolhido para o Supremo Tribunal Federal mostra o hoje ministro ameaçando a corte,Fake
Chanceleres de Brasil e EUA conversam sobre comércio e segurança,True
Guilherme Boulos aparece em foto ao lado de integrantes do Hamas,Fake
FUX DETONA MORAES E DIZ QUE ELE PERSEGUE BOLSONARO DURANTE SEU VOTO,Fake
"O outro lado podia tudo, até acusar de genocida",Fake
Estas mensagens fazem parte de diálogos revelados entre Moro e Dallagnol,Fake
"Durante os dois primeiros mandatos de Lula o superávit primário era de 4,25%, a inflação estava em 4,5% e o comércio varejista estava crescendo a 13%",Fake
tá aqui a prova sobre o boules,Fake
TSE faz novos testes de segurança na urna eletrônica,True
Brasil apresenta políticas para TV 3.0 em feira mundial de inovação,True
Vídeo mostra protesto recente contra a prisão de Jair Bolsonaro,Fake
"Se você completou 16 anos já pode votar, mas seu voto não é obrigatório; o mesmo vale para maiores de 70 anos e pessoas analfabetas.",True
Idade de Jair Bolsonaro impede que ele eventualmente possa cumprir pena de prisão se for condenado,Fake
Merval Pereira afirmou que STF colocou o país à disposição de Lula e comunistas,Fake
"O vídeo compartilhado é de uma motociata realizada em São Paulo, em 12 de junho de 2021, e não em Orlando, nos EUA, em 11 de junho de 2022.",True
É simples invadir o sistema eleitoral do TSE,Fake
"A Smartmatic, empresa acusada de fraude eleitoral que atuou nas eleições brasileiras de 2022, responsável pelas urnas eletrônicas e pela contagem dos votos, recebeu financiamento da USAID",Fake
"“Não podemos nos conformar com homens matando mulheres”, diz Lula",True
Delegado da PF mandou prender o ministro do STF Alexandre de Moraes,Fake
"Tuítes resgatam conteúdo antigo para atacar o senador Randolfe Rodrigues, que é critico do governo federal pelo atraso na compra das vacinas e pela promoção do “kit covid”.",True
Lula sanciona leis para fortalecer combate à violência contra mulheres,True
"Publicações distorcem o teor de um projeto de lei, de iniciativa parlamentar, que cria um cadastro nacional de animais de estimação.",True
Lula chamou Erika Hilton de ‘ele’ durante evento no Rio Janeiro,Fake
Posto de gasolina exibiu cartaz culpando Lula por aumento nos preços dos combustíveis,Fake
"Este vídeo mostra um confronto policial no Rio de Janeiro, após o Supremo Tribunal Federal (STF) suspender as operações policiais em favelas cariocas durante a pandemia de COVID-19",Fake
Log da urna viola sigilo de voto,Fake
E você sabe que eu fui absolvido em todos os 26 processos,Fake
Deputado pede auditoria de urnas eletrônicas que já são auditáveis,Fake
"O território passou por uma ação de desintrusão da terra, em cumprimento a um conjunto de decisões judiciais.",True
Dino abre apuração sobre emendas para produtora do filme de Bolsonaro,True
Sérgio Moro descobre doença grave e triste notícia abala o Brasil!,Fake
Lula lembra centenário de geógrafo brasileiro Milton Santos,True
"""Só o Brasil usa urna eletrônica"", ""Só países em desenvolvimento usam urna eletrônica""",Fake
"Em carta ao Senado, Dino diz que será técnico e imparcial que vai abandonar o comunismo",Fake
Bolsonaro visitou Lula no hospital,Fake
"""Lula da Silva pediu a advogados que apagassem vídeo seu nas redes sociais""",Fake
Candidata Mariana Carvalho divulgou pesquisa 'fake',Fake
STF mantém lei que limita compra de terras por empresas estrangeiras,True
Nikolas Ferreira grava vídeo pedindo doação para vítimas em Israel,Fake
Capturas de tela foram tiradas de contexto para sugerir apoio pró-Lula. O equipamento usado em 2022 foi totalmente fabricado no Brasil.,True
Votos de eleitores mortos de Camaçari foram computador para Lula no 2º turno das eleições de 2022,Fake
"Show de Madonna foi pago pelo governo Lula, enquanto Rio Grande do Sul não recebeu verbas federais",Fake
Presidente de Portugal falou que Lula [da Silva] não entra.,Fake
Governo inaugura alojamento estudantil do ITA Ceará,True
Foto de criança com homens vestidos de cães foi feita na parada LGBTQIA+ de São Paulo,Fake
"Paulo Guedes diz que Bolsonaro não mandava na presidência e dependia dos filhos Eduardo e Flávio para aprovar tudo. Guedes diz que “cansava de reclamar que os filhos queriam colocar o dinheiro dos negócios junto com o Queiroz no orçamento secreto, sendo que o presidente Bolsonaro não sabia de nada”.",Fake
Lula pediu antecipação da diplomação para conseguir passaporte diplomático e evitar prisão nos EUA,Fake
Vídeo mostra Fernandinho Beira-Mar sendo transferido do Rio Grande do Norte para o Rio de Janeiro a pedido de Flávio Dino,Fake
Agressor de Bolsonaro aparece em foto com Gleisi Hoffmann,Fake
Ministro do STF Luiz Fux disse que demais ministros querem implementar uma ditadura no país,Fake
Flavio Dino absolve a si próprio no STF,Fake
É falso que o presidente da Coreia do Sul teria feito uma oração e entregue presentes para Jair Bolsonaro. Imagens de encontro mostram um pastor sul-coreano.,True
Papa Leão 14 disse que Lula é o maior presidente do mundo e que o admira.,Fake
"Empire State, em Nova York, homenageou eleição de Bolsonaro com cores da bandeira brasileira",Fake
Janja exibiu cascata no mesmo dia que governo decidiu cortar Operação Carro-Pipa,Fake
Pesquisas mostram vitória de Pablo Marçal no 1º turno em São Paulo,Fake
"Analista política fala, na verdade, sobre como medidas do governo para redução do preço dos alimentos estão virando alvo de desinformação.",True
"E a gente está aqui, com o presidente Infantino, que apoia 100% o evento.",True
Vídeo mostra Bolsonaro sendo vaiado em Sergipe,Fake
Presidente da Alerj pede ao STF para assumir governo interino do Rio,True
PRE recomenda que igrejas não promovam propaganda eleitoral,True
STF tem placar de 4 a 1 contra novo recurso sobre revisão da vida toda,True
"Três vias são encaminhadas ao cartório eleitoral, juntamente com a ata da seção, e uma via é entregue aos representantes ou fiscais dos partidos políticos presentes.",True
"Lula reajustou auxílio reclusão para R$1.754,18,maior do que salário mínimo",Fake
Governo envia esta semana PL sobre fim da escala 6x1,True
"Na realidade, o STF não decidiu que o voto impresso era inconstitucional, mas sim um artigo da reforma eleitoral segundo o qual deveria ser feita a impressão de um comprovante após o voto nas urnas eletrônicas",True
Michelle Bolsonaro recebeu repatriados vindos de Israel,Fake
Ministro do STF acompanhar um presidente em jogo de futebol é algo estranho,Fake
"O elevador, sozinho, consegue colocar mais turistas internacionais do que Brasil inteiro",Fake
"É possível iniciar o atendimento pela internet, usando os serviços de Autoatendimento da Justiça Eleitoral.",True
"""URGENTE...
Exército solicita o código fonte do programa de centralização dos votos. Há uma suposição de erro considerando o voto de rebanho. O ITA é o IME irão fazer a auditoria. Entenda como funciona conforme o áudio que segue.""",Fake
"Vídeo com uma descrição alarmista sugere ameaça à soberania nacional, alegando que o suposto jornalista Mike Lindell disse numa emissora de TV americana que cerca de 5 milhões de votos de Bolsonaro foram roubados através das urnas eletrônicas.",Fake
TSE vai destruir 195 mil urnas para esconder provas de fraude,Fake
Vídeo mostra o presidente do Afeganistão fugindo do país em agosto de 2021,Fake
"Em primeiro lugar, antes de se iniciarem as votações, o presidente da mesa receptora de votos deverá emitir a chamada zerésima , relatório gerado após o procedimento de inicialização da urna em cada seção eleitoral.",True
Agora no início de fevereiro o governo Pimentel já privatizou 360 km em estradas que passarão a cobrar pedágios,True
"É de abril de 2019, não de 2020, a decisão do ministro do STF (Supremo Tribunal Federal) Alexandre de Moraes que bloqueou redes sociais e contas de WhatsApp de sete pessoas investigadas pela publicação de ofensas contra integrantes da corte. Uma notícia do ano passado sobre a determinação do magistrado tem circulado em posts no Facebook fora de contexto, como se fosse atual.",Fake
"Doses escalonadas são comuns em programas de vacinação e servem para reforçar a primeira dose. A taxa de eficácia global da CoronaVac, de 50,38%, não indica que metade dos vacinados vai pegar a doença e a outra metade, não.",True
Bolsonaro suspendeu implantação da placa do Mercosul e pediu estudo,Fake
Protesto de professores em Alagoas é contra o presidente Lula,Fake
Policiais da Lava Jato visitaram filho do Lula e encontraram recibo de cremação e dinheiro sem numeração,Fake
Lula desiste de ir para São Paulo e não votará em Boulos no segundo turno,Fake
Senador Cleitinho Azevedo divulga indenização para brasileiros nascidos entre 1960 e 2006,Fake
Lula recebe Michelle Bachelet e reafirma apoio para ela chefiar ONU,True
"Tagliaferro, ex-assessor de Moraes, diz em vídeo que havia infiltrados no 8 de Janeiro",Fake
Boulos teve candidatura cassada e Marçal vai para o segundo turno,Fake
"Multidão cerca a Suprema Corte do Estados Unidos exigindo um resultado ""justo"" para as eleições presidenciais",Fake
Nikolas Ferreira divulga pagamento de imposto para recebimento de indenização do Serasa,Fake
Vídeo mostra Guga Chacra chorando ao vivo quando soube da eleição de Javier Milei,Fake
Por meio do site Fato ou Boato é possível esclarecer informações duvidosas sobre as eleições que circulam na internet.,True
Bolsonaro disse ‘a Papuda lhe espera’ quando Lula foi preso em 2018,Fake
Urnas eletrônicas não são certificadas pelo Inmetro,Fake
Governo afirmou que beneficiários do Bolsa-Família são ‘vagabundos’,Fake
É difícil acreditar que o Globo faz um jornalismo sério,Fake
Isso aconteceu nos EUA e ninguém tá mostrando! Brasileiros e americanos juntos contra Trump e a favor do Lula!,Fake
Barroso sempre foi a favor do voto impresso,Fake
Alexandre de Moraes fez gesto obsceno em jogo do Corinthians,True
Polícia Federal enviou pen drive encontrado na casa de Bolsonaro para o ministro Alexandre de Moraes,Fake
Donald Trump disse que Lula é um 'escândalo ambulante',Fake
"""Fizeram conosco, a gente vai fazer com eles"", diz Lula sobre EUA",True
"Resumo das manifestações de hoje: 1% educação, 4% maconha, 5% Não sabem porque estão ali, 90% Lula livre.",Fake
Mendonça autoriza transferência de ex-presidente do BRB para Papudinha,True
"Brasil é motivo de chacota lá fora. O ex-presidente Lula, condenado em 3 instâncias, foi liberado da condenação e teve seus direitos políticos recuperados",Fake
Governo federal cortou R$ 5 bilhões de ajuda prometida ao Rio Grande do Sul,Fake
"Denúncia de fraude nas eleições foi baseada em coleta equivocada de dados. É falso também que as urnas eletrônicas sejam produzidas na China, como afirma um vídeo no YouTube",True
"“Brasil perde a oportunidade de ter um grande ministro”, diz Mendonça",True
"Em 18 meses, governo Bolsonaro supera os 14 anos do PT em obras e construções",Fake
"Um vídeo publicado no TikTok com imagens do presidente Luiz Inácio Lula da Silva (PT), do empresário Luciano Hang, das lojas Havan, e do coach Pablo Marçal usa imagem de um tuíte com a alegação de que “Neste momento, Luciano Hang tem o mesmo número de helicópteros que a FAB ajudando no RS”. A acusação no X foi feita em 4 de maio pelo ex-deputado estadual pelo Partido Novo em Santa Catarina Bruno Souza.",Fake
Intercept publicou denúncia de que o deputado Eduardo Bolsonaro doou R$ 160 mil em dinheiro público para a campanha de Donald Trump,Fake
"Você pode ver, no campo: nós aprovamos a posse estendida.",True
Venezuela e Argentina utilizam as mesmas urnas eletrônicas em eleições.,Fake
Quem não votou nem justificou a ausência no prazo de até 60 dias após o pleito pode emitir o boleto para quitação de multas nos sites do TSE ou dos TREs .,True
"Em áudio, médico diz que quadro de Lula é gravíssimo",Fake
Bolsonaro venceu as Eleições de 2022 na Nova Zelândia,Fake
Lula inaugura pronto-socorro do Hospital Federal Cardoso Fontes no Rio,True
"""O assassino da creche no comício de LULA e fazendo o L. Veja aí""",Fake
Girão critica condenação de casal por homeschooling e cobra votação de projeto,True
Aprovação de projeto que prevê benefícios a partidos teve discursos de apenas quatro deputados e uniu governo e oposição,True
a informação de que quatro deputados federais da bancada do Distrito Federal votaram contra ou se ausentaram da votação da Proposta de Emenda à Constituição (PEC) que visava estabelecer a adoção do voto impresso no país.,True
"Ministros do STF, parlamentares e desembargadores não precisam se vacinar contra a covid-19",Fake
"O conteúdo foi publicado por um personagem humorístico criado por um comediante mineiro, e não um advogado real.",True
"O RDV é utilizado somente no encerramento da votação para gerar o boletim de urna e, assim, realizar o somatório dos votos de cada candidato ou legenda e o cômputo de votos nulos e em brancos.",True
"O general Joaquim Silva e Luna ainda não assumiu o comando da petroleira, uma vez que sua indicação deve passar pela análise de órgãos internos da empresa. Ele não teria como, portanto, ter demitido ninguém.",True
"No vídeo, que é antigo, a jornalista Daniela Lima, então âncora na CNN Brasil, comentava uma postagem do ex-deputado federal Deltan Dallagnol.",True
Mesária mostra fraude da eleição passada para presidente,Fake
Conversa entre Alexandre de Moraes e engenheiro da Oracle confirma que houve fraude nas urnas,Fake
Lula foi hostilizado em Nova York depois do discurso na Assembleia Geral da ONU,Fake
"A situação REGULAR significa que a inscrição eleitoral (título) está disponível para o exercício do voto e habilitada para a transferência, a revisão e a segunda via.",True
"Não configura porque não tem esse pagamento, né? Eu nunca deixei de falar e propagar isso. Só que dentro do período eleitoral tanto de pré-campanha e campanha, não houve pagamento.",Fake
Vídeo mostra motociata a favor de Maduro após eleição presidencial de 2024,Fake
Padre Fábio de Melo gravou áudio favorável a Bolsonaro,Fake
Brasil e Espanha se unem por igualdade de gênero e fim da misoginia,True
Dilma e Aécio se revezaram 241 vezes na liderança das eleições de 2014,Fake
“Vai que alguém esqueceu! Só Pra Lembrar! STF afastou o presidente do controle da Covid-19 e deu a governadores e prefeitos. Não cobrem do presidente”.,Fake
"Para Alessandro Facure, diretor-Presidente da ANSN, a criação da Autoridade representa um marco de amadurecimento institucional do Estado brasileiro.",True
PDT aciona STF para anular eleição de Douglas Ruas na Alerj,True
Eu defendo as mulheres,Fake
Por esta e outras centenas de razões que este homem [Lula] nunca será meu presidente. Tá aí a ratazana [Lula] com o chefe do Hamas!!!,Fake
Governo rejeita desoneração para compensar redução de jornada,True
"Na Alemanha, Lula defende pioneirismo de biocombustíveis brasileiros",True
Alexandre de Moraes mandou prender deputado Ubiratan Sanderson,Fake
"Se eleito, Lula vai liberar o pequeno furto",Fake
Greve dos caminhoneiros em protesto contra a condenação de Bolsonaro,Fake
"Proposta apresentada na Câmara abre caminho para a anulação das eleições presidenciais de 2018, uma vez que a disputa poderia ocorrer apenas em 2020, quando haverá eleição para as prefeituras.",Fake
Michelle Bolsonaro se encontra pessoalmente com Donald Trump em frente à Casa Branca,Fake
Eleitores já votaram para segundo turno no Espírito Santo,Fake
New York Times diz que Moro corrompeu o sistema judicial e é responsável direto pelo caos que o Brasil vive hoje,Fake
TJ do Rio anula eleição de Douglas Ruas como presidente da Alerj,True
Eduardo Bolsonaro e André Porciúncula desfalcam R$600 milhões da Lei Rouanet e abrem empresa nos EUA,Fake
Jornalista Mírian Macedo que dividiu cela com a ex-presidente Dilma Rousseff revela que não houve tortura,Fake
PT criou o Movimento Sem Empresa,Fake
Lula manda evacuar arquibancada com medo de vaias,Fake
"O software usado nas urnas eletrônicas do Brasil foi integralmente desenvolvido e é mantido pela equipe técnica do TSE e não foi cedido para uso nas eleições presidenciais dos Estados Unidos, ao contrário do que afirma jornalista em vídeo publicado no YouTube",True
"O mundo já percebeu a ditadura do governo Lula. Por 23 votos a 3, o Brasil perdeu a vaga na eleição para a Comissão de Direitos Humanos da OEA",Fake
"Jornalista não tem o que comemorar em seu dia, diz presidente da Fenaj",True
Vídeo mostra recepção a Bolsonaro na Agrishow 2022 em Ribeirão Preto (SP),Fake
O governador Tarcísio de Freitas privatizou escolas públicas de São Paulo,Fake
Carlos Bolsonaro aprovou o Dia do Heterossexual,Fake
"Supremo diz que podem-se matar crianças, desde que ainda estejam sendo geradas até o terceiro mês.",Fake
TCU decidiu que Bolsonaro pode ficar com joias recebidas de presente,Fake
Trump disse que não fará negócios com o Brasil enquanto Lula for presidente,Fake
Lula recebe aposentadoria especial como anistiado desde 1993. Dilma recebeu indenização em parcela única no ano de 2023.,True
Governo define setores que podem acessar crédito de R$ 15 bilhões,True
"Perseguição contra os cristãos. Lula exclui projetos religiosos da Lei Rouanet. O segmento da arte sacra era contemplado desde 2021, durante o governo Bolsonaro",Fake
"ARGENTINA Majestosa manifestação contra as políticas comunistas do presidente Alberto Fernández, que você não verá em nenhuma mídia ou rede social da esquerda mundial. Esses Argentinos são malucos, votaram em comunistas que tinham arruinado o país e agora estão arrependidos.",Fake
"Lurian Lula da Silva, a filha mais velha do ex-presidiário Lula, foi nomeada como Assessora de Imprensa, salário de R$ 37 mil ajuda de custos R$ 21 mil total de 58 mil, incluso carro com motorista, plano de saúde ilimitado e apartamento funcional. A nomeação partiu do Senador Rogério Carvalho e foi publicada no diário oficial do senado. — em Senado Federal.",Fake
Dino dá 10 dias para governo mostrar plano de combate a incêndios,True
Nunes Marques assume presidência do TSE dia 12 de maio,True
Lula está com desaprovação de 88%,Fake
Governo e Câmara fecham acordo para fim da 6x1 e 40 horas semanais,True
Roberto Cidade é eleito governador do Amazonas em eleição indireta,True
"Há diversos mecanismos de auditoria e de verificação dos resultados que podem ser efetuados. Além disso, Ministério Público e Polícia Federal também têm a prerrogativa de investigar o processo eleitoral brasileiro e já realizaram auditorias independentes. Em 24 anos nenhum caso de fraude foi identificado e comprovado",True
Ex-PCC diz que facção ordenou voto em Lula,Fake
"Ônibus escolar com estudantes tomba na TO-010 e um morre, diz governo",True
Governo enviou alimentos vencidos aos afetados pelas enchentes no RS,Fake
Violência sexual na internet atinge 1 em cada 5 adolescentes no Brasil,True
Nikolas Ferreira diz em vídeo que usuários devem pagar taxa para serem ressarcidos por fraudes do INSS,Fake
"Crivella tem 55% das intenções de voto, contra 45% de Paes",Fake
STF inicia votação sobre suspensão do pagamento de penduricalhos,True
Influenciador bolsonarista que curtiu comentário de Elon Musk contra Alexandre de Moraes é multado em R$ 50 mil,Fake
"Eu, Eike Batista, vos chamo de ladrões de pátria corruptos, e sou capaz de provar. São todos juízes covardes, e quero ver coragem para mandarem me prender. “Eu paguei pro ministro Fachin, pra Rosa Weber, pro Toffoli, pro Lewandowski, pro Gilmar Mendes, pro Renan, pro Rodrigo Maia, pra Dilma Rousseff, pro Lula, pra Gleisi Hoffman e pro Michel Temer",Fake
Voto é perdido ao apertar a tecla ‘Confirma’ durante mensagem “Confira o seu voto”,Fake
"Os mecanismos de segurança impedem interceptações, alterações ou ataque de hackers , conferindo-se, portanto, total confiabilidade aos resultados das eleições.",True
Quadro da Globonews comprova a existência de fraudes na urna eletrônica.,Fake
Pedido de vista adia votação da PEC do fim da 6x1 na CCJ da Câmara,True
Soma de porcentagem de votos das regiões mostra a real quantidade de votos,Fake
"Donald Trump diz que acabará com o regime do presidente venezuelano, Nicolás Maduro",Fake
"Segundo a ciência, a vacinação garante proteção mais robusta do que a demonstrada pelos exames de anticorpos pós-infecção. E não há nenhum ensaio clínico que comprove a eficácia de medicamentos contra o novo coronavírus.",True
"Em vídeo postado no Facebook pelo portal britânico MW3.News, uma narração em voice-over acusa o presidente do Tribunal Superior Eleitoral (TSE), ministro Alexandre de Moraes, de ter instaurado uma “ditadura” no Brasil e forçado os cidadãos a aceitar a vitória de Lula nas eleições presidenciais de 2022. A gravação alega haver um conluio entre Moraes, Lula e uma organização criminosa internacional. O conteúdo diz também ter havido fraudes no pleito presidencial e que Moraes determinou a prisão de todos os indígenas que o critiquem. O vídeo mostra cenas dos atos de violência cometidos por bolsonaristas em Brasília, em 12 de dezembro, e os atribui a extremistas de esquerda infiltrados nos protestos de aliados do presidente Jair Bolsonaro (PL).",Fake
Parada do Orgulho LGBT+ de SP 2026 abordará importância do voto,True
"Reportagem do UOL se baseou somente na expressão ""moeda corrente nacional"" para atestar que 51 dos 107 imóveis comprados pela família do presidente Jair Bolsonaro (PL) nos últimos 30 anos foram pagos em dinheiro vivo",Fake
Bolsonaro elimina aparelhamento do Conselho Nacional de Políticas sobre Drogas,Fake
Rússia lidera venda de diesel ao Brasil durante guerra no Irã,True
"Dados usados na postagem são limitados, foram usados fora de contexto e as comparações feitas são desproporcionais.",True
"As negociações com o bloco europeu têm sido intermediadas por dois ministérios do governo atual, e não foram anuladas.",True
Oposição conseguem 41 assinaturas de senadores para pedir impeachment de Alexandre de Moraes,Fake
Equipamento usado para simulação de fraude em um vídeo antigo que voltou a circular nas redes sociais não é uma urna eletrônica. É também falsa a informação de que três venezuelanos e um português seriam os responsáveis pela elaboração do código-fonte das urnas eletrônicas do Brasil,True
"Parlamentares contrariam consultorias do Congresso, derrubam veto e liberam doações a municípios no período eleitoral",True
Motoboys estão se manifestando contra o governo Lula.,Fake
"Governo deve enviar projeto para acabar com escala 6x1, diz líder",True
Brumadinho: STJ autoriza retomada de ação contra ex-presidente da Vale,True
Ibama recebia ordens do STF para colocar fogo na floresta amazônica e no Mato Grosso durante a gestão de Jair Bolsonaro.,Fake
Minirreforma eleitoral reduz controle de gastos partidários; entenda,True
Entrega de doações em Lajeado (RS) foi paralisada para aguardar chegada de Lula,Fake
"Geraldo Alckmin e Alexandre de Moraes juntos em restaurante em Brasília, são quase linchados. Foi por pouco. Ufffaaa! O vídeo foi derrubado... Assiste: é assustador... O clima ferveu, estão perdendo o controle. Bem feito!!! NÃO terão paz!!! É Deus no comando... Tá chegando a hora. Daqui a pouco aparece um herói mais ousado...",Fake
Foto mostra Doria indo votar com máscara estampada com bandeira da China,Fake
Fux vota por eleição indireta para o governo do Rio; placar está 1 a 1,True
"“Pacientes são jogados pra fora do hospital e largados na rua pq [porque] não têm dinheiro pra pagar. Enquanto isso, o presidente gasta bilhões em guerra”",Fake
Alexandre de Moraes intimou André Valadão para se retratar sobre Lula,Fake
Carlos Bolsonaro se despede do Rio de Janeiro para ser senador por Santa Catarina com apenas dois projetos aprovados: dia do conservadorismo e dia do heterossexual,Fake
Justificativa eleitoral 1 - Como faço para justificar minha ausência nas eleições?,True
Ministro do Supremo Tribunal Federal (STF) Gilmar Mendes nunca teve registro na Ordem dos Advogados do Brasil (OAB),Fake
"Entenda o novo Desenrola Brasil, lançado pelo governo federal",True
"São oito estupros por dia [em São Paulo], que a gente fica sabendo.",True
Fraude em eleições 2018. Tem 777 eleitores e Haddad teve 9909 votos,Fake
"O 1º turno do pleito está marcado para 6 de outubro e o 2º turno para o dia 27 de outubro ( caso necessário, em municípios com mais de 200 mil eleitoras e eleitores).",True
Governo Lula criou bolsa de R$ 1 mil para usuários de drogas,Fake
Lula recebe credenciais de sete novos embaixadores,True
TSE cassou a chapa de Lula e Alckmin e agora Bolsonaro deve assumir a Presidência,Fake
"Lula usou R$ 12,4 bilhões no cartão corporativo e Bolsonaro R$ 27,6 milhões",Fake
Câmara aprova minirreforma eleitoral que prevê mudanças na prestação de contas dos partidos,True
Flávio Dino proíbe que policiais militares inativos portem armas,Fake
Lindbergh entra com pedido no STF para cancelar convocação de Neymar para a seleção,Fake
"Em vídeo postado no Twitter, Antônio Barra Torres aparece dizendo que a população “corre risco sanitário grave”, mas as imagens foram editadas para fazer parecer que ele se referia às vacinas já aprovadas.",True
Erro de pesquisa mostrado em vídeo prova que pesquisas eleitorais são fraudadas,Fake
Vídeo mostra carreata pelo impeachment de Bolsonaro ocorrida em Brasília no dia 23 de janeiro.,Fake
"De 14 etapas mencionadas em um vídeo compartilhado nas redes sociais, apenas uma realmente é terceirizada.",True
"Lula é o maior presidente do mundo, diz Trump",Fake
"Ou quando ele [eleitor] apertava o número 1 e depois ia apertar o 7, aparecia o 3 e o voto ia para outro candidato.",Fake
STF determina o retorno de Monique Medeiros à prisão,True
"Reservas provadas de petróleo no Brasil crescem 3,84% em 2025",True
STF suspende julgamento sobre aposentadoria de empregado público,True
"Alexandre de Moraes defendeu ""atirar à queima-roupa"" em ministros do STF antes de estar entrar corte.",Fake
TSE aprova registro da federação União Progressista,True
Flávio Bolsonaro assume liderança em pesquisa sobre eleições de 2026,Fake
‘Para mim e para os que me apoiam é e será inaceitável a esquerda e Lula no governo do Brasil! Se insistirem vai morrer muita gente!’. Esta ameaça de Bolsonaro foi registrada pelo jornal Estadão e deve ser compartilhada o máximo de vezes possível,Fake
Padre Marcelo Rossi decidiu apoiar Bolsonaro e gravou áudio declarando o voto,Fake
"Após reunião do Supremo Tribunal Federal, foi decidido que os brasileiros prejudicados por um vazamento de dados em sistemas do governo deveriam ser indenizados em R$ 7 mil",Fake
Urnas podem tirar votos de um candidato para outro,True
Homenagem de Paul McCartney a Michelle Bolsonaro.,Fake
Post se baseia em vídeo de reunião em que o próprio Bolsonaro diz que não tem como provar os supostos atos e que “chutou um número aleatório”.,True
"Páscoa é momento de renovação e união, diz Lula em mensagem",True
"Presidente da China diz que chegou a hora de o país liderar o mundo. Em meio ao protagonismo da China no combate ao novo coronavírus, inclusive auxiliando outros países contra a pandemia, o presidente Xi Jinping diz que este é o início de uma nova era de um socialismo com características chinesas.",Fake
"Lula chamado de ladrão ao chegar em Garanhuns, Pernambuco",Fake
[O Brasil foi] o último [na América Latina] a legalizar o voto da mulher,Fake
"""A Procuradora Geral da República, Lucília Gago, disse que 'se acabaram as investigações a políticos' "".",Fake
Lula defende previdência social para profissionais de aplicativos,True
Presidente da Ucrânia segurando camisa com suástica,Fake
Alexandre de Moraes manda Polícia Militar invadir quartel general em Brasília para buscar general que foi resgatado pelo Exército,Fake
Eu (Lula) fui o único presidente do Brasil que fui convidado para participar de todas as reuniões do G8,Fake
José Guimarães diz ser contra socorro do governo federal ao BRB,True
"Os homens disseram ter chegado a um acampamento em 8 de janeiro. Para a PGR, ao estarem no local, eles aderiram ao grupo que queria o golpe.",True
General Heleno compara juízes do STF a bandidos em áudio difundido nas redes,Fake
Bloco de Brasília faz carnaval acessível para pessoas com deficiência,True
"Foram mais de 10 anos de um longo processo coletivo, sustentado pelos agentes da dança de todo o Brasil, mobilizados por sindicatos, associações e pelo Fórum Nacional de Dança (FND), que há duas décadas atua nesta construção.",True
Dino profere segundo voto contra lei de SC que proibiu cotas raciais,True
URGENTE. Foi aprovado pelo governo do ladrão que a multa rescisória dos 40% assim que funcionário for demitido não ficará mais para contribuinte e sim para governo federal a lei sera válida a parti 18 fevereiro 2025,Fake
Protesto na Avenida Paulista a favor de Bolsonaro e contra o PT no dia 21 de outubro de 2018,Fake
Governo Lula decretou o fim do Bolsa Família ou a redução dos valores do benefício,Fake
"Só que isso não é uma condenação. (…) Isso foi na primeira instância, não tive defesa. Teria que ir para a segunda instância até chegar no final. Condenado é outra coisa.",Fake
Capa da Veja mostra Joaquim Barbosa pedindo para que a população não vote no PT.,Fake
Michelle Bolsonaro tem conta banida no Twitter após fazer racismo religioso. Que sabor!,Fake
É mentirosa a afirmação de que Moraes ordenou a troca de 48 urnas em São Paulo de última hora para prejudicar Marçal e favorecer Boulos. O magistrado deixou o TSE em maio e não tem mais nenhuma ligação com a Corte.,True
vídeo que voltou a circular é de 2010. O então deputado federal Fernando Chiarelli não apresentou provas de fraude no sistema eleitoral,True
Senado rejeita indicação de Messias para o STF,True
Palestino diz que o califado irá conquistar Paris após eleições na França,Fake
"Para saber mais sobre o título eleitoral, acesse https://www.justicaeleitoral.jus.br/titulo-eleitoral/ Mesários(as) 1 - Como faço para trabalhar como mesário(a)?",True
Boletins de urna encontrados na rua em Curitiba mostram que contagem não foi feita de forma honesta,Fake
"Não vá votar com camiseta amarela ou de outra cor qualquer que possa lhe identificar como ‘bolsonariano’, pois logo que você votar os mesários podem colocar o n° 17 do lado da sua assinatura de quem votou no Bolsonaro e assim anular o voto.",Fake
"Você [ministro do STF Luiz Edson Fachin] era militante lá do PT, partido comunista. Você era da aliança comunista do Brasil.",Fake
"""O pessoal se sensibilizou e os números são impressionantes"", diz homem ao mostrar dados de doações de campanha eleitoral como se fossem Pix para Bolsonaro",Fake
Chiquinho Brazão não pode ser preso diz STF e Moraes manda soltar,Fake
"'Flávio Bolsonaro é nosso candidato para valer', diz presidente do PL após crise com Vorcaro",True
Lula promete que não vai mais enganar o povo se for eleito novamente,Fake
Câmara de Apodi destina carne de cachorro para escolas,Fake
"E hoje tenho orgulho de ser o presidente da República, único no país, que não tem diploma universitário",Fake
STF não consegue notificar Mário Frias sobre filme de Bolsonaro,True
Nenhuma casa foi entregue pelo programa Casa Verde e Amarela,Fake
John Hansen foi o primeiro Presidente negro dos EUA,Fake
Governo cria centro ligado à PF para proteção de criança e adolescente,True
Vídeo mostra fraude eleitoral em Minas Gerais,Fake
Vídeo recente mostra Lula caminhando normalmente e prova que cirurgia do presidente foi uma farsa,Fake
"Enorme orgulho, diz Lula sobre indicações do Brasil ao Oscar",True
"Exames de anticorpos garantem que as pessoas que já tiveram a covid-19 estão imunes e, por isso, elas não precisam se vacinar; tratamento precoce teve a sua eficácia comprovada; ninguém monitora os efeitos colaterais dos imunizantes.",Fake
omos o país que mais vacinou [contra covid-19] no mundo proporcionalmente,Fake
O governo de Lula teve a indecência de cancelar um aumento de 24 reais no Bolsa Família.,Fake
"Lula anuncia novo Desenrola para quem ganha até R$ 8,1 mil",True
Lula batiza primeiro caça Gripen produzido no Brasil,True
Vídeo mostra Bolsonaro no jogo do Palmeiras de 9/4/2023,Fake
Lula e o Congresso tentaram confiscar cadernetas poupança,Fake
"Eleitores de Lula não precisarão voltar às urnas no 2º turno, diz Moraes",Fake
Ministro do STF não pode mudar voto proferido sob pena de perder cargo,Fake
"Reunião entre Lula e Trump foi marcada por respeito mútuo, diz Durigan",True
"""Exclusivo. Nordeste solta a mão de Lula e abraça Flávio Bolsonaro como solução""",Fake
"Post mostra uma imagem do presidente dos Estados Unidos, Donald Trump, sentado ao lado de uma cadeira vazia com o nome do ex-presidente Jair Bolsonaro. “Trump posa ao lado de cadeira vazia com o nome de Bolsonaro”, diz texto inserido acima da imagem.",Fake
"A IMAGEM mostra o código fonte quebrado. Ela contém todas as informações, eleitor por eleitor. Quando votou, onde votou e, na última coluna (que não aparece), em quem votou. Todas essas informações estão, repito, contidas no CF, ora rompido. A se confirma: 17,5 na escala richter.",Fake
STF não deu prazo para ouvir as testemunhas de Bolsonaro,Fake
"Por segurança, as urnas, em momento algum (nem no período de preparação para as eleições, nem durante as votações ou na fase posterior) são conectadas a qualquer tipo de rede de comunicação externa.",True
Foto de centro de contagem de votos da Venezuela prova que houve fraude eleitoral,Fake
Enquetes não podem ser consideradas pesquisas eleitorais porque não seguem método científico.,True
Lula e Fernando Haddad dizem que Lázaro Barbosa é inocente,Fake
Governo importa leite para quebrar produtores nacionais,Fake
Ministro Fernando Haddad afirmou que taxará tudo e que tem muita gente para comprar apoio,Fake
"Deputado distorce decisão do STF. A função social da propriedade privada já estava prevista na legislação sobre o tema, que não foi alterada.",True
Manuela D'Ávila está em quinto lugar nas pesquisas eleitorais.,Fake
Governo vai taxar FGTS e aplicar descontos na poupança,Fake
Governo irá taxar medalhas olimpíadas conquistadas por brasileiros campeões em Paris,Fake
"Suposto cartão de vacinação de Bolsonaro foi divulgado após ""revogação de sigilos de 100 anos""",Fake
"Na mesma mesa receptora de votos, é vedada a participação de: parentes em qualquer grau e servidoras ou servidores da mesma repartição pública ou empresa privada.",True
Vídeo mostra manifestação de enfermeiros durante o governo Lula,Fake
Uma congressista dos Estados Unidos denunciou a “censura implacável” do ministro Alexandre de Moraes em intimar Elon Musk e suspender atividades do X no Brasil.,Fake
Análise: 'Dark Horse' pode ter transformado Flávio Bolsonaro em 'cavalo paraguaio' na corrida presidencial,True
"o programa Farmácia Popular, sob o comando da esposa de Fernando Haddad, Ana Estela Haddad, está envolvido em tráfico internacional de drogas. Não à toa, Lula se reuniu semana passada em Santiago/Chile com diversos presidentes sul-americanos envolvidos com o narcotráfico. Todos, sem exceção, são pró-liberação das drogas e especificamente o da Colômbia, Gustavo Petro, é um conhecido usuário de cocaína.",Fake
Vídeo mostra Flávio Dino vestido de borboleta na Parada LGBT+ em São Paulo,Fake
Flávio Dino defendeu a descriminalização do furto e de crimes contra o patrimônio,Fake
"A atriz negou a autoria da gravação. Nela, uma pessoa diz que acreditaria em urnas fraudadas caso Bolsonaro não fosse eleito em primeiro turno.",True
"Vaza áudio de Flávio Dino afirmando que os objetivos do governo são arruinar a economia, aumentar o desemprego etc",Fake
Membros do Judiciário e do Legislativo não são obrigados a se vacinar,Fake
Taxistas pedem ao governo linha de crédito para renovação de frota,True
Entre em contato com o Tribunal Regional Eleitoral da sua região para obter infomações sobre a necessidade de agendamento.,True
Ataque hacker ao TSE evidencia violação da segurança do sistema eleitoral.,Fake
"Diferente das eleições gerais (aquela em que votamos para presidente, governador, deputados e senadores), nas eleições municipais não há a possibilidade de voto em trânsito .",True
Tuíte cita levantamento eleitoral do instituto Ipespe que nunca existiu; postagem ainda traz informação errada sobre o tamanho do eleitorado brasileiro e o calendário eleitoral.,True
"Para saber se você já fez o cadastramento biométrico, consulte a sua Situação Eleitoral.",True
Tribunal de Haia considerou que Lula é preso político e exigiu sua libertação?,Fake
"A mando de Flávio Dino, ônibus doados por Jair Bolsonaro foram incendiados",Fake
A gente tem que olhar o rombo de um trilhão que o Lula produziu nesses últimos dois anos.,True
Geraldo Alckmin e Alexandre de Moraes são quase linchados em restaurante em Brasília em 2023,Fake
Lula vai reduzir R$ 15 no valor do salário mínimo.,Fake
"Luiz Fux disse que ministros do STF estão mais preocupados em perseguir Jair Bolsonaro, do que em cumprir a lei.",Fake
"10 bi para Rouanet. 1,5 bi para o agro. Desse jeito teremos que comer os artistas",Fake
"Vídeo que afirma que Lula “vendeu a Amazônia”, mais especificamente a região de Itaituba, no Pará, para estrangeiros. O narrador cita projeto da mineradora Brazauro, que teria negociado terras naquela área, e relaciona o empreendimento com “canadenses e alemães”, Fundo Amazônia e políticos brasileiros.",Fake
Guga Chacra chora ao vivo ao ver Donald Trump eleito novamente nos Estados Unidos,Fake
Senado da Itália aprova uso do tratamento precoce contra Covid-19,Fake
Lula mente sobre desigualdade social no mundo.,Fake
"A prestação social contra a qual a senhora deputada votará contra é uma prestação que protege 258 mil pessoas, mais do dobro que a sua propunha e que tem uma despesa total de 630 milhões de euros.",True
TSE admite que PT tem ligação com PCC,Fake
Juízes querem flexibilizar decisão do STF que limitou penduricalhos,True
Afirmação de que votos brancos ou nulos são computados para algum candidato durante as eleições,Fake
Lula envia ao Congresso projeto de lei pelo fim da escala 6x1,True
"Veja MAPA com os estados mais e menos violentos do Brasil, segundo o Atlas da Violência",True
"E outra coisa: na Vaza Jato -- eu tenho comigo, nós conseguimos oficialmente muita coisa -- os procuradores, por ocasião do segundo turno [de 2018], a maioria votou em mim ou no Haddad? Votou no Haddad. Esse é o Sergio Moro",Fake
"Flávio Dino diz: ""Essa PL 2.630, por exemplo, é uma delas, que nos deixará muito fortalecidos. Então, quais são os nossos objetivos, além de arruinar a economia? É aumentar o desemprego, destruir o comércio, deixar o povo desabastecido, falir as empresas, falir também o agronegócio, invadir terras, controlar o Exército, desmobilizar as polícias, desarmar o cidadão de bem, criar uma guarda nacional com presidiários libertos, aparelhar tribunais de contas com parentes e esposas dos nossos companheiros, pagar a mídia para distorcer os fatos e subjugar o povo pelo medo de se expressar pelo medo de ser cancelado ou até de ser preso""",Fake
"""Em Portugal vive-se no meio da Máfia e da Corrupção. Já pensou que vota em partidos há 42 anos e eles ainda não fizeram leis contra corruptos? Sabe o que isso significa?""",Fake
A retirada das redes desse pessoal já está sendo acertada com o Supremo e o TSE,Fake
"""O exército está lentamente se instalando nas ruas de todas as cidades. Sua missão é acabar com todos os protestos. Pare de brincar, não se trata mais de um vírus ou de uma pandemia, mas do estabelecimento de uma ditadura em nível planetário pelos políticos de cada país da esquerda e da direita.""",Fake
Foto mostra Bolsonaro sendo recebido por multidão em Belém (PA) no dia 13 de agosto de 2020.,Fake
STF tem 2 votos para manter preso ex-presidente do BRB no caso Master,True
Jair Bolsonaro (PL) se irritou com Pablo Marçal (PRTB) após ex-coach ligar carro de som para campanha durante ato do dia 7 de setembro.,Fake
Datafolha: 38% avaliam governo Lula como ruim ou péssimo; 32% como ótimo ou bom,True
PGR pediu a prisão de Sergio Moro em dezembro de 2023,Fake
Eleições 2026: AGU orienta agentes públicos sobre condutas proibidas,True
Biden disse que não quer ser apresentado a Bolsonaro,Fake
Governo Lula acaba de anunciar que irá suspender todos contratos com a Starlink,Fake
"Em delação, João de Deus afirma que ministros do STF pediam encontros com garotas e orgias",Fake
Lula mandou esvaziar arquibancada por medo de ser vaiado no carnaval,Fake
Cortes no orçamento do governo,Fake
Afirmação de que é obrigatório o uso de máscaras no dia das eleições,Fake
Totalização dos votos das eleições é feita em sala secreta,Fake
"Postagem compartilha uma imagem do ministro Alexandre de Moraes, do Supremo Tribunal Federal (STF), usando um boné com o logo da Agência dos Estados Unidos para o Desenvolvimento Internacional (USAID, na sigla em inglês). “Agora tudo está claro”, afirma a legenda.",Fake
Arroz importado pelo governo federal tem uma lombriga em cada grão,Fake
TSE adia conclusão de julgamento que pode cassar governador de Roraima,True
Lula anuncia novo Desenrola para a próxima semana com até 20% do FGTS,True
STF libera furto de celular de até R$ 500,Fake
"Em ato de 27 de abril de 2022, Bolsonaro citou uma possível ""suspensão"" das eleições",Fake
Vídeo mostra homens de Maduro roubando urnas,Fake
Esse foi o modelo [de capitalização] implementado por Pinochet no Chile.,Fake
O principal chamado que a PM atende hoje é por ruído.,True
"1 assassinato a cada 16 minutos: 77% das vítimas de homicídio no Brasil são pessoas negras, diz Atlas da Violência",True
Donald Trump nomeou Jair Bolsonaro para cargo em comissão internacional e ele terá imunidade total,Fake
"Conflito no Oriente Médio é “guerra da insensatez”, afirma Lula",True
STF rejeita pedido de destaque para revisão de aposentadorias do INSS,True
"Brasil tem ""vazio estratégico"" em minerais críticos, diz especialista",True
"Propagado em live pela jornalista Leda Nagle, o boato foi desmentido pela PF em abril de 2021. Nagle se desculpou em vídeo, admitindo o erro.",True
"Bolsonaro avisou! Argentinos se fuderam. O governo comunista aproveitou a pandemia, deu golpe e implantou lei de desapropriação alimentar. Agora, argentinos só vão comer ração controlada pelo governo presos no cercado. Quem furar a fila ou reclamar vai em cana ou vai morrer. Acorda Brasil. Os comunistas estão na nossa porta.",Fake
"... o referendo de 2005, quando [a população] optou nas urnas pelo direito à legítima defesa.",Fake
Elon Musk está distribuindo internet grátis no Brasil inteiro quase que de graça. Só é preciso pagar o plano da Starlink uma única vez que a antena chega diretamente na sua casa e funciona de qualquer lugar do mundo (...) o pagamento é feito uma única vez e você tem internet vitalícia.,Fake
Programa Poupança Fraterna será votado no Congresso graças à eleição de Lula,Fake
Urnas eletrônicas de Kentucky não permitem a seleção do nome de Donald Trump para votar,Fake
"""Dois ministros do STF em encontro íntimo e casual com Zé Dirceu, condenado por corrupção pela justiça do Brasil há mais de 30 anos de prisão.""",Fake
Retrospectiva dos escândalos petistas,Fake
"Lula disse: ‘‘Levo o Brasil para uma guerra, mas ninguém me tira dessa cadeira por golpe”",Fake
O governo brasileiro vai gastar R$ 20 milhões de dinheiro público para defender o ministro Alexandre de Moraes contra sanções dos EUA,Fake
"Moro disse que, em seu pacote anticrime, classificou as milícias como organizações criminosas, mas o PSOL foi contra essas propostas",Fake
"A presidente croata vendeu o avião presidencial, os 35 Mercedes Benz e baixou seu salário",Fake
"Exército do Equador toma o país, prende o STF e todos da esquerda",Fake
Pablo Marçal em primeiro lugar na pesquisa de intenção de voto do Instituto Veritá,Fake
Instituto Senna autorizou o uso da música de Ayrton Senna para o programa eleitoral de Bolsonaro,Fake
Lula promete aumentar imposto de renda e confiscar poupança,Fake
"A primeira edição da obra foi lançada no Brasil na década de 1970, mesmo período em que o ex-juiz nasceu",True
TV Brasil: Na Mesa com Datena estreia nesta terça com Geraldo Alckmin,True
Lula perdeu todas as eleições feitas com cédulas de papel e venceu todas após as urnas eletrônicas,Fake
"Para emitir certidão de quitação eleitoral , acesse a página e faça a solicitação.",True
"Brasil registrou 84,7 mil desaparecidos em 2025; média de 232 por dia",True
Alexandre de Moraes será extraditado caso não compareça em Tribunal da Flórida.,Fake
"Quando a Dilma deixou o governo, a gente tinha 4,3% de desemprego",Fake
Ouvidoria da Polícia pede apuração da morte de mulher baleada por PM,True
"Ministro André Mendonça, do STF, não quer permitir a quebra de sigilo do Banco Master",Fake
Trump ameaçou STF em discurso recente no Fórum Econômico Mundial,Fake
"Em nova pesquisa, Bolsonaro aparece com mais que o dobro que Lula.",Fake
"A fonte da informação foi uma entrevista no YouTube, de um canal boliviano, com um suposto diácono que já havia sido desmentido pelo Vaticano em 2019.",True
Donald Trump ameaça enviar tropas para prender Alexandre de Moraes,Fake
"""Não posso estar num partido de pussies que chama fascista a tudo o que mexe“",Fake
"O conteúdo não leva em consideração que pesquisas eleitorais não são uma previsão do resultado, mas um recorte das intenções de voto em um determinado momento.",True
​​TSE quer cassar todos os candidatos cristãos que forem eleitos,Fake
Lady Gaga convidou Lula para um café no hotel em Copacabana,Fake
"Lula defende menos eleições, em sinal de que não deixará o poder",Fake
STF determina atualização anual do valor do mínimo existencial,True
Doações estão sendo reembaladas com logo do governo federal.,Fake
"Áudio foi inserido sobre imagens feitas durante ensaio técnico, em 27 de março, e esconde que os gritos, na verdade, eram de apoio a Lula.",True
"Fora, canalha! Lula tomou ovada do povo de Minas Gerais",Fake
"Governo cria subsídio de até R$ 0,89 para segurar preço da gasolina",True
O ministro Gilmar Mendes disse que sairá do STF se Bolsonaro for reeleito presidente,Fake
"Em 2022, o TSE proibiu diminuir o preço dos combustiveis",Fake
"Michelle Bolsonaro disse que ""não haverá posse"" e que ""não ha-ve-rá go-ver-no do la-drão"" no Twitter",Fake
Desembargador no caso de Flávio Bolsonaro na comitiva presidencial em Dubai,Fake
STF tem maioria para manter cassação do ex-deputado Rodrigo Bacellar,True
"""Você comeu hoje. O Lucas não pode. E não é porque ele não quer? é porque dói. Fica até o fim. A história dele precisa ser ouvida""",Fake
Jornalista afirma que trechos da Bíblia podem ser proibidos,Fake
"PECs da escala 6x1 não competem com proposta do governo, diz Marinho",True
Documentos falsos vindos da China e apreendidos em Chicago serviriam para fraude eleitoral,Fake
Vídeo é um conteúdo de ficção. Não há registros de falas do pontífice sobre Nikolas Ferreira ou sobre o contexto político do Brasil.,True
Mesários podem ver em quem o eleitor está votando,Fake
Caso se tornou parte da disputa política nacional polarizada. Trajetória indica que a família legislava em campo oposto ao de Marielle Franco.,True
PT ofereceu R$ 50 bilhões para o TSE tornar integrantes do PL inelegíveis,Fake
"Declarações de Lula, como a de que ele só foi eleito porque os nordestinos analfabetos votaram nele",Fake
"""Sobre o meu futuro político, encontro-me a analisar convites de outros partidos. Verdes, PS e PSD, é o reconhecimento do trabalho que tenho desenvolvido a nível parlamentar.""",Fake
"Comparativo mostra que Bolsonaro desmatou menos a Amazônia do que FHC, Lula e Dilma",Fake
"Jair Bolsonaro não aparece à frente na pesquisa do Ipec divulgada no Jornal Nacional em 12 de setembro. Vídeo manipulado inverteu o resultado do levantamento, que na verdade tem Lula com 46% e Bolsonaro com 31%.",True
"Lula dava entrevistas direto da cadeia, enquanto Bolsonaro está proibido de falar com a imprensa.",Fake
Presidente da Anvisa disse que quem se vacinar corre risco sanitário grave,Fake
Pessoas maiores de 60 anos só poderão votar nas eleições municipais de 7h às 10h.,Fake
"Lula inicia viagem para Espanha, Alemanha e Portugal",True
Educação é instrumento de consciência e soberania para Brasil e África,True
Lula revogou norma de Bolsonaro que permitiu escândalo no INSS,Fake
"FMI corta previsão para economia global, mas eleva PIB do Brasil",True
Diretor brasileiro de Itaipu garante tarifa reduzida em 2027,True
Luiz Fux apresenta dossiê com crimes de Alexandre de Moraes,Fake
Check-in digital só pode ser feito pelo gov.br e governo vai monitorar dados de hóspedes,Fake
Lula ladrão seu lugar é na prisão em plena propaganda eleitoral na Marquês de Sapucaí,Fake
CAE convoca presidente do Banco de Brasília para depor na terça,True
Indígenas de todo o Brasil ocupam a Esplanada dos Ministérios,True
A única responsabilidade do governo federal é que a concessão da energia elétrica é feita pelo governo federal.,Fake
"O voto em trânsito é uma possibilidade dada ao eleitor e a eleitora para votarem fora do seu domicílio eleitoral, em uma seção especial para isso.",True
"Governo Lula decretou aumento da alíquota do IR de 27,5% para 35,5%",Fake
Governo federal ficará com o valor de 40% do FGTS da multa rescisória do trabalhador em caso de demissão sem justa causa,Fake
"O clique original, feito em 2015, mostra o ator e ex-governador da Califórnia com uma blusa lisa com um pequeno logo da Nike pouco abaixo do ombro.",True
"""TV Globo ensina como planear um atentado terrorista e assassinar o presidente Jair Bolsonaro""",Fake
Jair Bolsonaro foi beneficiado por votos fraudados nas Eleições de 1994,Fake
STF afastou o presidente do controle da Covid-19 e deu a governadores e prefeitos.,Fake
Site revela voto nas eleições 2022,Fake
Governo do RJ cria observatório da fome em homenagem a Betinho,True
"""'Meu voto falou: eu não vou entrar no mérito se ele cometeu rachadinha ou não. Eu vou entrar no mérito do que é a regra do Conselho de Ética. O que vale pra um tem que valer pro outro. Não dá pra uns caras serem livrados por um argumento de que foi antes da legislatura e esse outro [Janones], porque é de outro campo político, ser acusado.""",Fake
Lula volta a defender mandato para ministros do STF,True
"Lula faz apelo à paz, condena corrida armamentista e critica ONU",True
Vídeo mostra pesquisa eleitoral registrada no TSE,Fake
Dino manda TSE analisar possível uso de emendas em campanha eleitoral,True
Marca d'água em cédulas prova fraude de democratas contra Trump em eleição dos EUA,Fake
STF aprova regra para limitar votos de Kassio Nunes Marques e André Mendonça,Fake
Foto mostra Trump gritando com Lula durante reunião na Casa Branca,Fake
Flávio Dino segue as orientações dos 10 mandamentos de Lenin,Fake
"Nesse período, não é possível tirar o título, alterar dados, nem transferir o domicílio eleitoral.",True
STF valida lei que garantiu igualdade salarial entre homens e mulheres,True
"""Enquanto isso em Portugal, Alexandre de Moraes jantando com o José Dirceu! Abre os olhos Brasil! Depois pode ser tarde demais!""",Fake
"'Câmara pelo Brasil' promove debates em capitais sobre escala 6x1, misoginia e MEI",True
Governo Lula abordou catadora com violência na PB,Fake
Governo de transição de Lula tem 18 nomes condenados ou suspeitos de crimes de corrupção,Fake
Alexandre de Moraes admite ser comunista e revela “momento socialista” do STF,Fake
Código em título de eleitor é propaganda pró-Lula do TSE,Fake
Lula diz que criará Ministério da Segurança após Senado aprovar PEC,True
"""A eleição está oficialmente nula e caducada. Valerie Biden Owens, irmã de Joe Biden, é casada com John Owens. O seu irmão, R. Kevin Owens, é um dos donos da Dominion Voting Systems""",Fake
Projeto de lei na Câmara faz com que órgãos dos cidadãos se tornem propriedade do Estado brasileiro,Fake
Congresso vota em 30 de abril veto de Lula a PL da Dosimetria,True
Aprovado o voto impresso no brasil,Fake
"Após ser afastado pelo STF, prefeito de Macapá renuncia ao cargo",True
Fotografias mostram situação da BR-163 nos governos mencionados.,Fake
Não é verdade que um passaporte especial emitido por Trump ou um passaporte italiano seriam suficientes para permitir a ida de Bolsonaro à posse do presidente eleito dos EUA.,True
Voto impresso aprovado na CCJ recentemente.,Fake
Foto mostra manifestação pelo impeachment de Jair Bolsonaro no Rio de Janeiro,Fake
Vídeo mostra confusão em ato de Lula com apoiadores pagos,Fake
"Frase foi retirada do contexto original. Barroso repetia palavras de senador, que se referia ao cenário de Roraima antes do voto eletrônico.",True
Voto impresso é lei no Brasil desde 2002,Fake
Sabe o que o STF acabou de fazer? Suspendeu uma operação do BOPE no Complexo da Maré. O governador acatou a decisão. Criminosos soltam fogos gritando: Quem manda é nós.,Fake
Taí vídeo que Dino mandou apagar,Fake
O comício de Donald Trump estava lotado enquanto o de Joe Biden estava vazio.,Fake
Rosa Weber diz que STF vai julgar se Bolsonaro pode ou não tomar posse,Fake
"Ao contrário do que afirma youtuber, existem várias formas de auditar o processo eleitoral brasileiro, antes, durante e após o pleito e a recontagem de votos é prevista no Código Eleitoral",True
"Lula no Amapá incomodado com o hino ""Sempre Ladrão""",Fake
Efeito Trump coloca elegibilidade de Bolsonaro em pauta no TSE,Fake
Chave dos códigos das urnas eletrônicas estão nas mãos de venezuelanos,Fake
Lula critica uso da força por nações ricas para invadir outros países,True
"""Como Lula teve 213 mil votos em Barreiras, na Bahia, se essa cidade tem 156 mil habitantes?""",Fake
Lula e Janja pagaram R$ 31 milhões em ternos a alfaiate envolvido em fraude do INSS,Fake
Plano de governo de Haddad propõe regulação da imprensa e desenvolver infraestrutura da Venezuela,Fake
Governo reconhece situação de emergência em mais 22 municípios de PE,True
"Bolsonaro gritou ""calma, Adélio"" antes de ser esfaqueado",Fake
Homem envolvido em atentado contra Tarcísio estava em comício de Lula no RJ,Fake
Douglas Ruas é eleito presidente da Alerj e será governador do Rio,True
Presidente da EBC participa de reunião do Conselho Superior da ABERT,True
"Assim que Bill Gates e Tedros Ghebreyesus, da OMS, concluíram visitas de alto nível aos principais líderes do país, mudanças radicais foram discretamente implementadas no sistema jurídico do país — mudanças que agora tornam crime recusar a vacinação obrigatória do governo.",Fake
PF descobriu que Lula deixou um rombo de quase R$ 1 trilhão no BNDES.,Fake
"No RJ, Lula diz a governador para prender 'ladrões' e 'milicianos' que comandaram o estado",True
Governo anunciou salário mínimo de R$ 1.820 para 2026,Fake
Imagem mostra comparação entre comício de Donald Trump e Joe Biden.,Fake
No meu governo a gente colocou a CGU como ministro para fiscalizar,Fake
Lula e presidenta do México querem reunir empresários dos dois países,True
"CNU 1: governo convoca 1,8 mil candidatos para vagas remanescentes",True
Projeto em discussão no Senado prevê sete anos de reclusão para quem duvidar do sistema eleitoral.,Fake
Brasil pode perder R$ 47 bi ao priorizar petróleo na Foz do Amazonas,True
Douglas Ruas é eleito presidente da Assembleia Legislativa do Rio,True
"Se os africanos precisam de vistos para entrar nos EUA, então os americanos também devem precisar de vistos para entrar na Namíbia.",Fake
"A ordem do presidente é incentivar o setor que mais cresce, que mais emprega e que mais contribui para a nossa economia.",Fake
Bolsonaro é internado para cirurgia no ombro em Brasília,True
O Tribunal Superior Eleitoral declarou o ex-presidente Lula inelegível em abril de 2021,Fake
"Lula usa boné com sigla ‘CPX’, relacionada ao crime organizado",Fake
Título do artigo original é diferente e o texto não contém a atribuição da fala de Lula sobre eliminar o agronegócio,True
Pesquisa Ibope/Globo mostra Haddad em primeiro com 34% das intenções,Fake
Prazo para tirar e regularizar título de eleitor vai até 6 de maio,True
"Sabem quem é este de óculos de sol que aparentemente faz a segurança de Bolsonaro?? Se chama Ronnie Lessa, o mesmo que apertou o gatilho contra a Marielle.",Fake
"Após falta de Ibaneis em CPI, presidente pede convocação do governador",True
"Minha torcida é para que ninguém queira votar em Bolsonaro, mas se quiserem votar no 17, paciência",Fake
"Descobri que a minha seção também não existe no site do TSE. Tanto no primeiro turno, como no segundo turno, meu voto não existiu.",Fake
Vídeo mostra obra de pavimentação da BR-163 realizada por governo Bolsonaro,Fake
"O Tribunal Superior Eleitoral usa algoritmos proprietários de cifração simétrica e assimétrica, de conhecimento exclusivo do TSE.",True
Hacker confirma que urnas eletrônicas podem sim ter sido adulteradas pelo TSE,Fake
"Vídeo de pessoas esperando para receber o alimento é real, mas ação é promovida por pessoa sem relação com a gestão federal. Responsável diz que organiza o gesto desde 2010.",True
"Quem havia de dizer que o PSD e o sr. deputado Montenegro, cujo Governo encerrou -- não foram 108 senhora deputada Catarina Martins, foram 109 [balcões] -- está tão preocupado como nós com o encerramento de agencias?",True
"Profissão: Metalúrgico. Fortuna: U$ 2 bilhões (segundo a revista Forbes, 2006). Agora eu pergunto a você que vota no PT: você conhece algum trabalhador honesto que tenha tamanha fortuna?",Fake
Filhos de Lula são donos de frigoríficos,Fake
Incêndios florestais se alastraram pelo país e já devoraram 5 milhões de hectares apenas no mês de agosto.,True
Tudo que você precisa saber sobre as Eleições Municipais de 2024,True
Título de eleitor de maiores de 70 anos está sendo cancelado,Fake
"Post viral que afirma o contrário se baseia em legislação antiga do país europeu, conhecida como “Ajuda aos Pobres”. O dispositivo foi anulado em 1961.",True
"""Agressor de Jair Bolsonaro foi entrevistado pela Globo e entrevista será emitida durante a campanha presidencial de 2022"".",Fake
"Haddad: “A revolução que acontece na Venezuela, é sem dúvidas uma conquista que deverá ser exemplo para todos os Paises! Parabéns Maduro! Estamos juntos !”",Fake
Lula foi isolado por líderes mundiais durante o G7,Fake
Lula dando asilo a Maduro no Brasil. Qual será a atitude de Trump?,Fake
"Para consultar se há débitos por ausências injustificadas às urnas ou aos trabalhos eleitorais, acesse Consulta débitos eleitorais .",True
Congresso foi invadido no dia 16/10 por manifestantes,Fake
"Jayme Monjardim, diretor da Globo, chama Fernando Haddad de canalha",Fake
"A miséria aumentou na sua gestão, Haddad. — João Doria (PSDB). . Recuperamos, da Operação Água Espraiada, do exterior, R$ 145 milhões. Da máfia do ISS, R$ 151 milhões... — Fernando Haddad (PT). . O ex-prefeito Gilberto Kassab, hoje seu aliado, disse que havia somente R$ 16 mil em caixa e uma fila de 13 mil credores na porta da prefeitura. — João Doria (PSDB). . Os mais ricos já pagam mais impostos. — João Doria (PSDB). . Não vou banir o Uber; vou regulamentar. — Celso Russomanno (PRB). São mais de 2 milhões de desempregados na nossa cidade. — Marta Suplicy (PMDB). A Marta não construiu nenhuma unidade básica de saúde. — João Doria (PSDB)",Fake
As prefeituras estão de greve sem os recursos. 30-08-2023. Lula não sabia onde enfiar sua cara de cu! As prefeituras do Brasil já estão todas quebradas,Fake
Temer rebate críticas de Haddad em vídeo publicado no dia 11/02/2023,Fake
Fotografia mostra o deputado federal pelo PT Zeca Dirceu,Fake
Deputado do PT diz que governo está sem dinheiro para manter o básico,Fake
Governo federal autoriza R$ 2 bi em obras de infraestrutura no Paraná,True
Capas de revistas semanais relatam denúncia de diretor da OEA contra fraude nas urnas pelo PT,Fake
Governo Lula anunciou auxílio vitalício a famílias de mortos em operação no Rio,Fake
Homem que se sentou em cadeira do STF durante atos golpistas tinha tirado foto com Alexandre de Moraes,Fake
Vacinação contra a covid-19 tem denúncias de simulação de aplicação das doses,Fake
Jornalistas falam que Bolsonaro ganhou e STF colocou o Lula na presidência,Fake
Homem que usa boné com a sigla CPX sentou em cadeira do STF em 8 de janeiro,Fake
BRB pede ao STF que delações reservem recursos para cobrir prejuízos,True
"Obra na BR-277 em Foz do Iguaçu foi atribuída à gestão Bolsonaro em uma publicação no Facebook. A obra, no entanto, foi feita integralmente com recursos do governo do Paraná",True
Jornalista do Estadão: “a intenção é arruinar Flávio Bolsonaro e o governo”,Fake
PF concluiu que troca de mensagens entre Flávio e Vorcaro não configura crime,Fake
"Embora o resultado da eleição não tenha confirmado os índices de uma pesquisa feita para a Prefeitura de Porto Alegre em 14 de novembro, a consulta confirmou os dois nomes que já vinham liderando as pesquisas anteriores. Além disso, a desistência de um dos candidatos na semana da eleição pode ter provocado mudanças nas intenções de voto",True
Organizações lançam documento sobre chacinas da Favela Nova Brasília,True
"Ache uma foto do Haddad com o CEO do Banco Master. Não achou? E do Zema, Tarcisio, Caiado, Castro, Jorginho, Ratinho Jr tem?",Fake
"Advogados do BANDIDO CONDENADO solicitaram hoje ao STF, autorização para que o casal possam passar a sua Lua de Mel, em Dubhay nos Emirados Árabes. O processo foi distribuído para Ministro Lewandowski que já acenou que concorda.",Fake
Papa diz que Jair Bolsonaro é um exemplo,Fake
"Lula sanciona, com vetos, reajuste salarial para cargos do Legislativo",True
Lula disse que Brasil vai defender Cuba em caso de invasão norte-americana,Fake
Abastecimento de água de Sertânia (PE) foi desligado no governo Lula,Fake
"Vídeo feito por caminhoneiro mostra a estrada pela qual trafega, no Mato Grosso, obra concretizada por Bolsonaro e o ministro Tarcísio Freitas",Fake
Governo Lula causou rombo de R$ 231 bilhões nas contas públicas em apenas três meses,Fake
Magnoli foi demitido da GloboNews após criticar possível cassação de Moro,Fake
Vídeo mostra Lula recebido com gritos de “ladrão” no aeroporto de Campinas em 5 de maio,Fake
"Publicação tira de contexto fala de deputada em comissão. A audiência não teve caráter condenatório, ao contrário do que afirma o post.",True
Títulos de eleitor encontrados no lixo reciclável no Ceará provam fraude eleitoral no estado.,Fake
Vídeo mostra motociata de Bolsonaro no Amapá,Fake
Alexandre de Moraes matou Teori Zavascki para assumir o STF,Fake
Bolsonaro apanhou na prisão. Michelle está desesperada! Conselho de Medicina solta bomba. Moraes mentiu!,Fake
STM decretou que eleições foram fraudadas; Bolsonaro segue presidente e Congresso e STF foram destituídos,Fake
O Tarcísio tem um orçamento de aproximadamente R$ 7 bilhões por ano.,Fake
"Lula tentou falar mal do Bolsonaro no Amapá,população reagiu",Fake
Vídeo mostra Comando Vermelho comemorando prisão de Bolsonaro,Fake
"Em discurso em 1º de dezembro, Bolsonaro afirma que Forças Armadas ‘estão presentes’",Fake
VÍDEO: jovem é picada por escorpião escondido em bicho de pelúcia em Votorantim,True
Senador Randolfe Rodrigues posta mensagem no X em solidariedade ao atirador de Trump,Fake
Estudo da universidade de Harvard com o título 'o controle de armas é contraproducente',Fake
Pedido de vista adia votação de autonomia financeira do Banco Central,True
Luiz Inacio Lula da Silva e o presidente da Republica Federativa do Brasil.,True
Deputado Rubens Paiva abrigou guerrilha de Carlos Lamarca em fazenda do pai em Eldorado (SP),Fake
Alexandre de Moraes ordenou a derrubada das redes sociais de postagens com a notícia de que o rombo de R$ 60 bilhões no Banco Master envolveu contrato com empresa da sua esposa,Fake
"O que o arcabouço prevê, que é uma novidade na legislação, é que você vai ter um aumento real de despesa mínima de 0,6% e máxima de 2,5%, para justamente funcionar como mecanismos anticíclicos. Se tiver uma recessão, você garante a despesa do governo. Se tiver um crescimento exorbitante, você economiza justamente para equilibrar no tempo as contas públicas.",True
Prefeitura de Belo Horizonte anula eleição para Conselho Tutelar por irregularidades em urnas eletrônicas.,Fake
"Datafolha: Lula tem 40%, e Flávio Bolsonaro, 31% das intenções de voto no 1º turno",True
"Um suposto áudio atribuído ao presidente Donald Trump gerou uma onda de choque diplomática e política neste sábado (7), ao sugerir que o mandatário teria ameaçado iniciar uma guerra para impedir a divulgação dos arquivos de Jeffrey Epstein",Fake
Áudio revela que estado de saúde de Lula é grave,Fake
Recebi carta da equipe do Trump.,Fake
Imagens provam que Lula tem um sósia,Fake
"A imagem usa meses diferentes de cada ano para fazer a comparação. Proporcionalmente ao salário mínimo, o valor é atualmente o mais caro desde 2007.",True
STF marca para 8 de abril decisão sobre eleição para governador no Rio,True
Irmãos Joesley e Wesley Batista faziam parte da comitiva presidencial na França,Fake
"Fraude nas urnas: eleitor em Parauapebas, no Pará, foi votar e alguém já havia votado por ele",Fake
"Mais um grande artista preocupado com a política do Brasil e esquecendo-se de se preocupar com a segurança do seu público no seu próprio show. Parabéns, Alok",Fake
A urna eletronica e segura.,True
Pesquisas mostram que 82% dos deportados “fizeram o L”.,Fake
"""Gustavo Petro, que pode ser presidente da Colômbia foi membro do M-19, grupo terrorista desmobilizado em 1990, que promoveu episódios violentos na história do país. Abaixo, foto de Petro com Pablo Escobar""",Fake
Vídeo mostra nova gravação do 8 de janeiro que incrimina governo Lula,Fake
Lula defende o Pix após críticas em relatório comercial dos EUA,True
Bolsonaro pegou 44 milhões dos aposentados e do Banco Master,Fake
Max Verstappen dedicou título da Fórmula 1 ao presidente Jair Bolsonaro,Fake
Candidata Mariana Carvalho divulga pesquisa antiga como atual,Fake
Moraes sendo detonado por particulares,Fake
Alexandre de Moraes é expulso da Avenida Paulista,Fake
"“Que todos estejam com a FIFA, com a CBF, com o Governo do Brasil para apoiar as mulheres e o futebol feminino.",True
"Pablo Marçal foi proibido de usar Base Aérea de Canoas, mas William Bonner usou jatinho da FAB",Fake
Vídeo mostra Haddad dizendo que o plano do governo é taxar tudo,Fake
"Os dados vazados eram da área de Recursos Humanos e os hackers não chegaram a invadir o sistema de apuração dos votos ou as urnas eletrônicas. Além disso, a urna não é conectada à internet. O sistema operacional instalado nela impede a conexão com qualquer rede ou acesso remoto",True
Minirreforma eleitoral permite programa de recuperação fiscal para partidos políticos,True
"Governo bloqueia R$ 22,1 bi do Orçamento de 2026",True
Quem foi que disse que #Bolsonaro ficaria ‘isolado’ no G20?’,Fake
Mantimentos doados estão recebendo selo do governo federal,Fake
"Damares chamou Bolsonaro de ""tirano"" em entrevista",Fake
Lula deve enviar nesta terça ao Senado indicação de Messias ao STF,True
"Holanda 17 milhões de habitantes, 150 deputados e sem regalias; Portugal 10 milhões, 230 deputados e todos com assessores, porquê? Ao ponto de o primeiro-ministro ter 11 motoristas.",Fake
Lula morreu e túmulo está em cidade do interior da Bahia,Fake
Brasil participa de maior reunião da ONU sobre direitos das mulheres,True
Governo reconhece situação de emergência em 30 municípios,True
PF entra no gabinete de Moraes por ordem de Mendonça,Fake
"Importante: as folgas devem ser negociadas com a empresa, o órgão ou a instituição em que a mesária ou o mesário trabalhava na época da eleição.",True
TRE-RJ faz plantão para regularizar situação de eleitores,True
"""Portugal: 230 deputados; Austrália: 150 deputados""",Fake
Lula estava bêbado tomando cachaça durante discurso,Fake
STF valida lei que destinou área de parque no Pará para construção da Ferrogrão,True
Vídeo mostra motociata de Bolsonaro em Caicó (RN) em 9 de fevereiro,Fake
Urgente: Supremo acaba de exigir a demissão do jornalista Augusto Nunes e o bloqueio de todas as duas redes sociais! Isso se chama ditadura,Fake
"afirmação de que a ministra Cármen Lúcia, do Tribunal Superior Eleitoral (TSE), determinou a retirada dos outdoors de apoio ao presidente Jair Bolsonaro (PL) das ruas do Distrito Federal.",True
Justiça nega liminar para suspender eleição para presidência da Alerj,True
Guilherme Boulos fica na inelegibilidade e cometeu crime eleitoral por ter votado com a família,Fake
CIDH condena Brasil por manter preso em solitária por mais de 4 anos,True
Revista Veja fez uma capa que dizia que o ministro Sergio Moro enganou milhões de brasileiros,Fake
Governo instituiu imposto de 44% sobre todos os aluguéis residenciais a partir de 2026,Fake
"Ao contrário do que afirma uma publicação de grande alcance no Twitter, Lula também esteve na ilha acompanhado da primeira-dama e de ministros. Antes dele, há registros de visitas de Médici, Geisel e Figueiredo ao Marajó",True
Alexandre de Moraes investiga ministro do STF André Mendonça,Fake
Título de eleitor morto em 2010 foi usado para computar voto para Lula em 2022,Fake
Vídeo mostra material do mesário jogado na rua,Fake
Governo Lula cobra taxa mensal de R$ 200 por uso de água de poço artesiano,Fake
"O vídeo interpreta de maneira equivocada uma tese proposta pelo ministro Edson Fachin, que foi rejeitada pelo plenário do TSE em agosto de 2020.",True
"É comovente ver a Michelle 'triste' com Bolsonaro na cadeia, só que não!",Fake
"Davi Alcolumbre, presidente do Senado, é vaiado em evento no Amapá",Fake
Livro de posse assinado por Lula não é oficial,Fake
Fraude eleitoral nos Estados Unidos com base nos gráficos de Michigan e Wisconsin.,Fake
Reforma tributária: governo regulamenta cobrança da CBS e do IBS,True
Lula recebeu mala com dinheiro de Daniel Vorcaro,Fake
"O vice-presidente dos Estados Unidos, Mike Pence, deixou de seguir o presidente Donald Trump no Twitter e colocou uma foto de Joe Biden e Kamala Harris na capa do perfil",Fake
Urna com 100% dos votos para Lula confirma fraude,Fake
Ataque hacker compromete segurança das eleições municipais de 2020.,Fake
"Guerra contra o Irã é desnecessária e baseada em mentira, diz Lula",True
"Terras raras: ""Brasil não abre mão de sua soberania"", diz Lula",True
Bolsonaro reajustou o salário mínimo de 2020 em apenas R$ 6,Fake
"Gasolina está cara? Vá a pé, diz Lula",Fake
Democratas e imprensa interromperam contagem de votos quando Trump virou.,Fake
Viagem de Bolsonaro e comitiva aos EUA provou que a imunidade natural é a melhor,Fake
"Jair Messias Bolsonaro passou mal e desmaiou na cadeia. Quando chegou ao hospital, os funcionários receberam o capitão orando pela sua vida e saúde. Que o mal que está a ser praticado contra Bolsonaro volte em dobro para quem é culpado desta perseguição e tirania. Em nome de Jesus a justiça virá.",Fake
Alexandre de Moraes e esposa brindam por compra de mansão e contrato com Banco Master,Fake
Lula é a única personalidade viva que tem em sua homenagem uma estátua de bronze instalada ao lado da Casa Branca,Fake
Lula assina decreto que promulga acordo UE-Mercosul,True
"""STF autorizou acordo entre Twitter, Facebook e governo para gravar brasileiros?""",Fake
afirmação de que só é possível instalar o aplicativo do e-Título até sábado (1º/10),True
"O Instituto Lula surgiu a partir do Instituto Cidadania, cuja sigla já foi Ipec. As duas instituições não estão situadas no mesmo endereço.",True
Captura de tela confirma fraude nas eleições de 2022,Fake
O ministro da Fazenda Fernando Haddad anuncia o fim do real,Fake
A verificação pode ser feita pela comparação do Boletim de Urna (entrada) x Relatório de Voto por Seção (saída) .,True
Deltan Dallagnol disse que mulheres devem se “resignar a ganhar menos” durante votação de projeto sobre igualdade salarial,Fake
Michelle Bolsonaro acaba de ser recebida nos Estados Unidos por nada mais nada menos que Donald J Trump,Fake
Sindicato dos professores vai ao STF contra reajuste do salário,Fake
Fila mostra distribuição de osso no governo Lula,Fake
"Mas a tecnologia da mesma [urna eletrônica], a sua segurança, quase nada mudou de lá [dos anos 1990] para cá.",Fake
Eleitor pode perder o voto ao apertar a tecla confirma,Fake
A diferença está apenas na forma como o(a) eleitor(a) decide votar.,True
"Michelle e Jair Bolsonaro gastaram R$ 6,1 milhões com cartão de crédito presidencial em 7 meses e colocam sigilo nos gastos.",Fake
"Em áudio, Moro diz: será esse imbecil o presidente? Dallagnol responde: infelizmente esta ameba é a nossa única escolha [o Bozo].",Fake
Nikolas Ferreira divulga internet vitalícia da Starlink,Fake
STJ e STF soltam traficantes de drogas porque não são democráticos,Fake
Ciro Gomes disse que haverá fraudes nas eleições de 2022,Fake
Governo Lula não deu um centavo para abrigos no Rio Grande do Sul,Fake
Relatório do PL dá xeque-mate no TSE? O que estão esperando pra tirar esse governo impostor?,Fake
Vídeo mostra motociclistas protestando contra aumento do IPVA determinado por Lula,Fake
Presidente Lula foi ignorado por líderes mundiais durante foto oficial da Cúpula do G20,Fake
"VORCARO ABRE A BOCA E ENTREGA MORAES, TOFFOLI E LULINHA",Fake
"Imagens mostram três pessoas diferentes. Até o momento, as investigações da PF apontam que Adélio agiu sozinho, sem ajuda para planejar ou executar o atentado contra Bolsonaro",True
Governo Bolsonaro criou novas cédulas de real,Fake
Governo federal contratou laboratório que provocou contaminação em transplantes e revogou portarias que causaram o problema,Fake
PSDB de SP anuncia apoio à pré-candidatura de Aécio Neves como presidente da República,True
Presidente Lula faz cirurgia de catarata e recebe alta hospitalar,True
Foto mostra ato favorável ao voto impresso na praia de Copacabana,Fake
"Caso haja urgência para a regularização da situação eleitoral, entre em contato com a zona eleitoral onde for inscrito para orientações sobre a baixa da multa no sistema.",True
"Candidata à prefeitura de Imperatriz (MA), Mariana Carvalho (Republicanos) posta pesquisa eleitoral falsa",Fake
Governo anuncia bloqueio de 27 plataformas de mercado preditivo,True
"AGORA - Bolsonaro critica projeto que já passou no Senado e está na Câmara, que prevê 7 anos de prisão para quem duvidar do sistema eleitoral",Fake
TSE elege Nunes Marques presidente da Corte; Mendonça será vice,True
"Por unanimidade, STF mantém prisão de ex-presidente do BRB",True
"Alexandre de Moraes impõe ordem de prisão contra cidadã americana, o que é crime",Fake
Presidente Lula manda resposta afiada às declarações do presidente americano Donald Trump sobre os Estados Unidos não precisarem do Brasil.,Fake
Elon Musk divulgou conversas de Moraes que mostram que eleições no Brasil foram uma farsa,Fake
"O advogado defende um dos acusados de envolvimento na tentativa de golpe, mas que não compõe o mesmo núcleo cujas denúncias estavam sendo analisadas no dia.",True
Policiais federais civis e militares invadiram o congresso nacional hoje e a mídia ficou caladinha,Fake
"Reportagem diz que duas pessoas morreram após receber a vacina contra a covid-19. ""Ué, quando o Bolsonaro falava que a vacina tinha riscos, a esquerda diziam que ele era contra a vacina"".",Fake
Áudio de Luana Piovani sobre as eleições de 2022,Fake
Giuseppe Dutra Janino fraudou as urnas eletrônicas,Fake
"O atual governo resolveu encontrar novas condições para o empréstimo que o Estado fez ao Fundo de Resolução e, portanto, aos bancos. O que fez foi perdoar quase metade do empréstimo que foi concedido. Porque é que os bancos só pagam o capital ao fim de 30 anos? Quase 4 mil milhões ao fim de 30 anos?",Fake
Trump venceu as eleições de meio mandato nos EUA em 2022,Fake
Justiça nega pedido de prisão de Bolsonaro no caso das joias,Fake
4 - Posso votar caso minha digital não seja reconhecida na hora da votação?,True
Lula sobrevoa neste sábado áreas afetadas pelas chuvas em Minas Gerais,True
"O número a ser digitado na urna eletrônica para vereador(a) é composto por cinco dígitos e, para prefeito(a), dois dígitos.",True
Presidente Lula aprova projeto que prevê jornada de trabalho de quatro dias,Fake
"Publicação que mostra foto do ministro do STF André Mendonça e de Bolsonaro juntos em um jogo do Santos não deixa claro a data. O encontro ocorreu em novembro de 2019, quando Mendonça era advogado-geral da União.",True
Lula pede a Alcolumbre que paute votação da PEC da Segurança,True
Caminhoneiros protestam contra prisão de Bolsonaro,Fake
Trump proibiu Lula e Moraes de saírem do Brasil por meio do protocolo “Veredito Final”.,Fake
STF tem três votos para derrubar lei de SC que proibiu cotas raciais,True
Michel temer aconselha o ministro da fazenda Fernando Haddad em 2024,Fake
Foto de motociclistas e pessoas de parapente na motociata realizada pelos apoiadores do presidente Jair Bolsonaro em São Paulo no dia 12 de junho de 2021,Fake
Lula afirmou que compra votos de baianos por R$ 10,Fake
Homem que tentou matar Bolsonaro era petista seguidor de Lula. (legenda de foto),Fake
Foto de Bolsonaro em sala de cirurgia foi encenada,Fake
"Lula: Gasolina R$ 2,08, Álcool R$ 1,28, Diesel R$ 1,57. Dilma: Gasolina R$ 2,49, Álcool R$ 1,35, Diesel R$ 1,99. Bolsonaro: Gasolina R$ 4,58, Álcool R$ 3,10, Diesel R$ 3,77.",Fake
"Eu vou ver um trecho aqui. 'Não adianta uma multidão de brasileiros subnutridos sem condições de servir a seu país'. Conclui o então deputado que oferece que seja distribuído pílula de aborto para a sociedade brasileira em 1992, quando era deputado",Fake
Haddad e Manuela tramam contra Exército em ?áudio vazado?,Fake
Pesquisa Ipec mostra Bolsonaro com 51% dos votos,Fake
Vídeo prova que Lula está morto e foi substituído por um sósia,Fake
Governo lança campanha nacional pelo fim da escala de trabalho 6x1,True
Alexandre de Moraes sendo xingado em Roma em julho de 2023,Fake
Lula também reconheceu o papel dos povos indígenas para a preservação da floresta e para o enfrentamento à mudança do clima e descreveu o que viu do alto ao sobrevoar o território preservado.,True
Greta Thunberg não é financiada por Soros,Fake
"""Enquete com mais de 21 milhões de votos! Bolsonaro no primeiro turno!""",Fake
Lula colocou em prática plano para implementar banheiros unissex no País,Fake
Cabral acusou Dias Toffoli de receber R$ 3 milhões para alterar votos de eleitores,Fake
RJ: STF decide se eleição para mandato-tampão será direta ou indireta,True
O presidente Jair Bolsonaro declarou ter provas de que a eleição de 2018 foi fraudada,Fake
Papa Leão mencionou Jair Bolsonaro durante sua primeira missa,Fake
"Superior Tribunal Militar disse que Bolsonaro não pode cumprir pena no presídio da Papuda, em Brasília",Fake
Senador Cleitinho avisa que consumidores têm valores a receber de bandeiras de cartões,Fake
Alunos protestam sem roupa contra o candidato Bolsonaro,Fake
Acesse a página https://www.tse.jus.br/servicos-eleitorais/titulo-e-local-de-votacao/titulo-e-local-de-votacao e faça sua pesquisa.,True
O supremo sempre erra. Quem inventou 33 partidos? O STF. Quem inventou o financiamento público das eleições? O STF. Quem amarrou as mãos do Bolsonaro na pandemia? O STF. Quem está impondo a vacina chinesa ao povo? O STF. Quem proibiu o voto impresso contra a fraude? O STF,Fake
André Mendonça pode usar a ‘Seção 301’ para permitir que CIA prenda pessoas no Brasil,Fake
Lula recebe líderes mórmons dos EUA no Palácio do Planalto,True
Bolsonaro disse que se alistaria ao exército nazista na Segunda Guerra Mundial,Fake
"Lula disse que se a gasolina está cara, as pessoas devem andar a pé",Fake
A casa caiu pro Lula. Sergio Moro quer o impeachment dele,Fake
Lula disse em discurso que ‘trabalhador é pra trabalhar’ e que ir ao teatro e ao cinema é ‘coisa de gente chique’,Fake
O TRF1 alterou certidões eleitorais de Lula para atestar que não constam processos contra ele,Fake
Venezuela vendeu urna para o Brasil,Fake
Governo federal prepara programa de combate ao crime organizado,True
Este vídeo prova que Lula teve um lapso de memória durante o debate presidencial de agosto de 2022,Fake
Vídeo mostra discussão de Bolsonaro e Michelle com áudio e legenda,Fake
Pesquisa aponta que brasileiros têm pouco conhecimento do Holocausto,True
Anistia aos presos pelo 8 de Janeiro foi aprovada na Câmara dos Deputados.,Fake
Campos Neto fugiu para os EUA e entregou à CIA dossiê com provas contra Lula e Moraes,Fake
Trump vai mandar prender Alexandre de Moraes assim que assumir a presidência dos EUA,Fake
Áudio vazado de Alexandre de Moraes dando ordem a delegado da PF para não permitir que Bolsonaro receba acompanhamento médico,Fake
"Bolsonaro está filiado ao PL. O 17 refere-se ao antigo PSL, pelo qual ele foi eleito em 2018. O PSL se fundiu ao Democratas, dando origem ao União Brasil.",True
2 - Como faço para denunciar um crime eleitoral?,True
Lula recebe presidente da África do Sul para visita de Estado,True
"Foto mostra Adélio Bispo com Lula, Dilma, Gleisi Hoffmann e Guilherme Boulos",Fake
Lula diz que brasileiros estão dispostos a dar a vida por ele em uma eventual guerra,Fake
"Você sabia que vereadores, deputados, governadores, senadores não pagam imposto de renda! Nem contribuem com a previdência!",Fake
Forças Armadas dizem que só haverá eleições em 2022 com voto impresso,Fake
STF proíbe Bíblia nas escolas e bibliotecas públicas,Fake
Datafolha errou pesquisas em 2018,Fake
"Vídeo mostra a recepção recente do ex-presidente Lula em Santa Maria, no Rio Grande do Sul ou em Recife, no Pernambuco",Fake
Vídeo mostra dispositivo ‘chupa-cabra’ que transfere votos entre candidato,Fake
Presidente eleito do Chile Gabriel Boric encontrado drogado em um parque de Santiago é hostilizado pelos seus próprios eleitores,Fake
"Se você é eleitor(a) e tem no mínimo 18 anos, pode ser mesário(a).",True
Vejam a ponte ferroviária construída em apenas 11 meses de governo Bolsonaro!!! A maior da América Latina. Parabéns Ministro TARCÍSIO.,Fake
Exército anuncia revolução brasileira após as eleições,Fake
Imagens mostram brasileiros a manifestar-se em São Paulo após ordem de prisão para Bolsonaro.,Fake
"Depois de deixar de ser Ministro da Administração Interna, Eduardo Cabrita, requereu a sua reintegração como Deputado na Assembleia da República. Cabrita assegura mais três meses de ordenado e respetivos duodécimos de subsídio de férias e de Natal. Nada mau.",True
"Pedido foi para que o plantio seja mantido até o fim do ano, em vez de até fevereiro de 2023, com a motivação de evitar a proliferação da “ferrugem asiática”",True
"Motociata de Bolsonaro em SP reuniu 1,3 milhão de motos e entrou para o Guinness",Fake
CCJ do Senado aprova nome de Jorge Messias para o STF,True
Macron deu um golpe de Estado ao dissolver a Assembleia Nacional,Fake
O Senado dos EUA anunciou 'ontem': -O C0V1D-19 é uma mentira,Fake
"Este ano ainda o governo federal pretendeu retirar 90 milhões dessa obra [duplicação da BR 381]. Ia sair do orçamento. Foi exatamente a bancada mineira na Câmara e no Senado [que impediu]. Nós nos mobilizamos, paramos a votação da revisão do orçamento e fizemos manter esse valor",Fake
O deputado Alessandro Molon e o STF proibiram operações policiais nas favelas do Rio de Janeiro,Fake
Lula fala em reciprocidade após expulsão de delegado dos EUA,True
Deputada Erika Hilton faltou em 33% das sessões na Câmara,Fake
"Desejo de votar em Lula chega a 49%; no cenário sem o petista, Haddad lidera, Bolsonaro mantém segunda posição e cai o índice de Alckmin",Fake
Governo amplia Luz para Todos na Amazônia Legal,True
SENADO APROVA PROJETO DE ZECA DIRCEU (PT) QUE PERMITE GOVERNO NÃO PAGAR O PISO DA ENFERMAGEM,Fake
Madonna vestiu roupa com estrela do PT em apoio a Lula,Fake
Espaço dedicado para os eleitores do Bolsonaro explicarem a retirada da INSULINA do SUS.,Fake
"A arrecadação de multa na cidade de São Paulo, desde 2011, ela é constante, em valores reais. Você pode atualizar pela inflação e perceber.",Fake
Trump disse que Bolsonaro é um corrupto que ‘está prestes a ser preso’,Fake
"Em quatro anos como deputada, Joenia Wapichana nunca falou sobre situação dos Yanomami",Fake
"Governo Lula não tem dinheiro para bancar Bolsa Família e Farmácia Popular, mas investiu em empréstimos do BNDES e Lei Rouanet",Fake
"Justiça de SP condena a Apple em 100 milhões de reais e obriga a vender celulares a R$ 177,89",Fake
Mais de 30% da cidade está com problema de saneamento básico.,Fake
Daniel Vorcaro delatou à Polícia Federal participação de Lulinha e de Moraes em atentado a Bolsonaro,Fake
Kamala Harris fingiu ligação telefônica com eleitor durante comício,Fake
União Europeia veta compra de carne brasileira a partir de setembro,True
Estados do Nordeste estão há 20 anos sendo administrados pelo PT,Fake
Ministro Benedito Gonçalves aparece em foto com camiseta de Lula,Fake
"Se você não acredita no IBOPE e DATAFOLHA, entre e vote",Fake
O Ricardo Nunes bate no peito para falar: eu zerei a fila em creche. Eu acho que ele falou isso aqui. Mentira. Eu espero que o Aos Fatos cheque isso. Quem zerou a fila das creches foi o Bruno Covas. Hoje tem menos matrículas em creche do que tinha em 2020.,True
"Lula divulga nota em apoio ao ditador e assassino do Irã, Ali Khamenei, líder supremo desde 1989",Fake
Governo renova contratos com distribuidoras de energia em 13 estados,True
Governo propõe salário mínimo de R$ 1.717 em 2027,True
"Fim da Escala 6x1 pode ser votado em maio, diz presidente da Câmara",True
2 - Não votei na eleição passada nem justifiquei.,True
"""Pois é!
Aí que mora o perigo... Quem programa as urnas, também!""",Fake
Lula conversa com Pedro Sánchez e confirma viagem à Espanha,True
Lula recebeu notificação direta de Donald Trump para libertar Bolsonaro,Fake
Decreto coloca o governo federal sob controle das Forças Armadas,Fake
"Eles criaram um delay e colocaram no rodapé uma informação que diz ""confira o seu voto"" e se você apertar na tecla verde, você perde o seu voto. O seu voto é anulado",Fake
“Parem de nos matar”: exigem mulheres no 8 de março em Brasília,True
Aluna foi expulsa de sala por apoiar Bolsonaro,Fake
Moro e Dallagnol admitem que provas obtidas pela Lava Jato são inconsistentes.,Fake
ONGs estão em silêncio em relação ao vazamento de óleo nas praias do Nordeste,Fake
Tarcísio apagou foto em que usa boné ‘Make America Great Again’,Fake
Trump virá ao Brasil acompanhar julgamento de Bolsonaro,Fake
Ibrahim Traoré Revela Segredos que ameaçam Lula,Fake
Nunca pedi pra ele [Moro] pra que a PF me blindasse onde quer que fosse.,Fake
"O pedido será analisado por um juiz eleitoral, que poderá acatá-lo ou não.",True
"Lula diz que Brasil seria melhor sem mentiras, e alerta para uso da IA",True
Urna eletrônica foi fabricada na Venezuela,Fake
Governo Lula anunciou fim do Bolsa Família,Fake
Lula diz que não vai aceitar críticas e está proibido criticar o presidente.,Fake
TSE abre código-fonte das urnas eletrônicas após resultado de eleição nos conselhos tutelares,Fake
"Áudio supostamente vazado da Polícia Militar de São Paulo (PMSP), em que dois homens discutem e caracterizam uma ocorrência como “tentativa de homicídio” contra Pablo Marçal; um vídeo que traz, junto à entrevista concedida pelo candidato a respeito do caso, uma foto da deputada estadual Luciana Genro (PSOL-RS); e outro vídeo que afirma que um assessor do PSOL tentou contra a vida do político.",Fake
Lula musculoso aos 80 anos,Fake
Mulher reclama de preços de alimentos e mostra realidade para Lula,Fake
"Intercept publicou R$ 134 milhões, Metrópoles R$ 61 milhões e Globo 2 milhões",Fake
Fernando Haddad diz que estudou dois meses de economia,Fake
O PT perdeu 60% dos votos no Brasil entre 2012 e 2016.,Fake
Tuíte de Carlos Bolsonaro assume corrupção no governo Bolsonaro,Fake
"O evento, cuja marca oficial foi apresentada neste domingo (25/1), no Rio de Janeiro, será disputado em oito cidades brasileiras, entre 24 de junho e 25 de julho do ano que vem.",True
Vídeo mostra Flávio Dino abraçado a Chiquinho Brazão ou Domingos Brazão,Fake
Lula assinou decreto que coloca fim à propriedade privada,Fake
"Postagens com fotos sensuais de uma mulher acompanhadas de legenda associada à candidata à Prefeitura de São Paulo Tabata Amaral. Um dos posts apresenta a seguinte descrição: “Tabata Claudia Amaral de Pontes é uma politóloga, ativista pela educação e política brasileira filiada ao Partido Socialista Brasileiro (PSB). Atualmente exerce o mandato de deputada federal pelo estado de São Paulo”.",Fake
Urnas são preparadas em sede de sindicato ligado à CUT,Fake
"""Rayssa Leal em entrevista para a CazéTV: essa medalha eu dedico ao nosso Capitão Jair Bolsonaro""",Fake
"""Sinto-me orgulhoso de ser o presidente do 5º país mais corrupto do mundo"" — citação acompanhada por uma fotografia do Presidente da República, Marcelo Rebelo de Sousa.",Fake
Durigan diz que Brasil está num bom caminho e prevê superávit este ano,True
ONU não colocou Brasil em lista de ditaduras após eleição de Bolsonaro,Fake
Depois de deixarem morrer milhões pelo não uso...Agora já pode usar remédios preventivos. 'Fazuélli',Fake
"""Carro funerário da Rainha Isabel tinha matrícula com referência a Bolsonaro""",Fake
Estátua de Che Guevara foi removida devido a “Efeito Bolsonaro”. Estátua de Che Guevara foi removida depois da eleição de Bolsonaro.,Fake
Fux é o único juiz de carreira concursado,Fake
"Eu sou o único candidato a falar nisso, não tem nenhum outro que está falando isso. Limpar os mananciais.",Fake
"Números de casos de Covid-19, dengue, zika e chikungunya estão sendo ocultados pelo governo por causa do Carnaval",Fake
Mensagens entre Moraes e engenheiro da Oracle provam que houve fraude nas eleições de 2022,Fake
Lula e STF tramaram plano para matar Bolsonaro,Fake
O ESPIÃO DO STF: Os 2 Anos em que FUX Gravou MORAES e o Dossiê SECRETO que VAI SALVAR o Brasil,Fake
General Edson Leal Pujol grava áudio com acusações contra ministros do STF,Fake
Onze governadores renunciam para disputar eleições de outubro,True
O presidente Jair Bolsonaro declarou que ninguém pode obrigar ninguém a tomar a vacina,Fake
"Sr. Cesare Batista recebe mensalmente uma Pensão de Perseguido Político concedido pela Comissão da Verdade, ou seja ele por ser militante de 70 na Itália recebeu uma pensão no Brasil. É para acabar ! R$ 31.845,00.",Fake
Bukele afirma que fez um acordo com os EUA para que Maduro seja capturado e entregue numa “bandeja de prata” para cumprir sua prisão perpétua em El Salvador.,Fake
Maduro implica Obama em investigação de fraude eleitoral e tráfico de drogas,Fake
"Trump detona Lula em discurso: ""desastre total""",Fake
"Líder dos advogados do PT, dr. Avacalho Ellhys orienta a continuar fraudando as pesquisas e consumar nas urnas pois essa eleição ja esta ganha, eles tomarão o poder de qualquer maneira",Fake
Apuração foi baseada em portal de notícias,Fake
"(Portaria TSE nº 63, de 02 de fevereiro de 2023) tem direito a dois dias de folga por cada dia trabalhado e ao concluir o treinamento, sem perder o salário.",True
Usaid financiou o jornal americano Político com US$ 8 milhões,Fake
Lula foi substituído por sósias,Fake
Governo britânico anuncia indenização de 120 mil euros para vítimas da vacina,Fake
"Onde estão os presos do Petrolão? Do Mensalão? Todos soltos. Por quê? Porque são da esquerda. Quer prova mais material do que uma mala de dinheiro, do que as declarações que foram feitas, as contas que foram abertas, todo mundo solto. Por quê? Porque são da esquerda.",Fake
Imagens usadas em post que compara os governos petistas ao de Bolsonaro são anteriores à atual gestão. O Comprova também verificou que as imagens comparam locais diferentes,True
Governo federal reconhece emergência em municípios afetados por chuvas,True
"Mãe de deputado Glauber Braga, Saudade Braga, foi cassada",Fake
Lula recebe R$ 35 mil de aposentadoria de anistiado político,Fake
"Coronavac tem eficácia global de 50,38% e será preciso tomar duas doses da vacina",Fake
Seção de eleitora de São Pedro da Aldeia sumiu e voto não foi contabilizado,Fake
Tornozeleira envenenou Bolsonaro com cesio 137,Fake
Imagem de uma criança ao lado de homem fantasiado de cachorro e uma bandeira do arco-íris. Levar uma criança pra parada LGBT é belo e moral.,Fake
"Argumento de que o governo teria promovido a inclusão bancária e reduzido o lucro dos bancos não se sustenta: o Pix foi criado pelo BC, o Auxílio Emergencial, pelo Congresso, e o lucro dos bancos aumentou.",True
"STF condena homem com ""lepra"" e que vendia balas",Fake
Lula pede estudo sobre baixa adesão ao programa Reforma Casa Brasil,True
"Em nova capa, revista Veja ataca julgamento de Bolsonaro como ""farsa""",Fake
Prefeitura do Recife esconde logomarca do governo federal em obra,True
"Enquetes não têm controle sobre a amostra da população que as respondem e, por isso, não são capazes de indicar estimativas de intenções de voto. O próprio site que realiza a enquete estimula os internautas a compartilharem o link nas redes e, assim, ajudar o candidato preferido a ter mais votos na ferramenta.",True
SP: governo e IBGE lançam ações para população em situação de rua,True
"""Olha que beleza! Será que isto pode ser considerado Nepotismo? Lurian, filha de Lula será a nova assessora de imprensa do Senado e receberá por seus serviços, 37 mil, mais uma ajuda de custo de 20 mil, além de carro e motorista à disposição.""",Fake
"Países que fizeram a eleição com cédula de papel ou urnas com voto impresso, como Paraguai, Uruguai, Equador e Argentina, tiveram derrota da esquerda",Fake
Flávio Dino fechou posto da PRF no Maranhão,Fake
Moraes diz que quem comemorar depois do 7 de setembro estará cometendo crime,Fake
Lula manda recado para Trump,Fake
A nova sede da PJ foi tratada quando o governo era PSD/CDS,True
Graças a vocês eu fui eleito com a campanha mais barata da história,True
PL 4.674/2021 quer proibir sinuca no Brasil por considerar o jogo racista,Fake
"Publicação tira de contexto uma fala de Guilherme Boulos (Psol-SP), sobre a utilização de imóveis para fins sociais na cidade de São Paulo.",True
Caso do cachorro Orelha Lula ficou bravo: eles vão PAGAR!,Fake
​​Lula defende o uso de mentiras na política,Fake
"Foi declarada hoje uma nova sanção que pode eleger o capitão em 2026, mas que para isso aconteça ele precisa da sua ajuda. O STF determinou que se a multa de 30 milhões for paga na data prevista, o líder pode concorrer à presidência em 2026.",Fake
Bolsonaro oferecendo capim a eleitores. Falta de respeito com o povo nordestino,Fake
Boulos cobrou aluguel de sem-teto,Fake
"Lula disse: ""As pessoas têm que passar fome para aprender a lutar"", ""Pobre é imbecil, é ignorante"", ""O pobre é um número, às vezes bonito para se utilizar em campanha"" e ""Acabou as eleições, acabou o interesse pelo pobre""",Fake
Ives Gandra 'manda recado ao STF' e diz que Forças Armadas têm 'poder moderador',Fake
"""Lula endurece tom com Trump e diz que todo o brasileiro está disposto a defender a sua soberania e a de Cuba também.""",Fake
"""Um milhão de reformados tem pensão inferior a 264 euros.""",Fake
Abaixo-assinado com 40 milhões de assinaturas pela libertação de Bolsonaro,Fake
Governo Lula quer acabar com a Canção Nova,Fake
Horário das 7h às 10h será exclusivo de eleitores maiores de 60 anos.,Fake
"Um post no X viralizou com a seguinte mensagem: “Fala do Padre de Ouro Preto…. Na sexta-feira Santa, correndo o mundo! Repassando!”. O vídeo anexado aparentemente retrata um padre proferindo uma mensagem de cunho político, onde compara o povo brasileiro a Jesus Cristo e diz que “assim como mataram Jesus de Nazaré e o colocaram em meio a dois ladrões, nós vemos também, não somente jesus crucificado, mas o nosso povo brasileiro crucificado. Mas não entre dois ladrões, mas entre o Senado e o Congresso Nacional”. O padre continua dizendo que “como temos os algozes de Jesus Cristo, temos o algoz do povo na imagem do presidente”.",Fake
Ibama aterroriza produtor rural após eleição de Lula,Fake
"Carlos Bolsonaro publicou vídeo de Jair Bolsonaro, gravado na cela da superintendência da Polícia Federal, em Brasília",Fake
Vídeo mostra urna adulterada dentro de caminhonete particular em Fortaleza,Fake
"Como o RDV preserva exatamente aquilo que o eleitor digitou, esse arquivo é um instrumento importante de auditoria e verificação da correta apuração de uma seção.",True
Pesquisa no site Veja Seu Voto mostra voto depositado em nome de homem morto,Fake
Utilização de flash card de contingência Esse procedimento é utilizado quando a urna de contingência foi utilizada mas não resolveu o problema.,True
Jair Bolsonaro esta preso.,True
Jair Bolsonaro posa em frente ao quadro de Baphomet,Fake
"Mulheres jovens, de jaleco, e se dizendo entrevistadoras de um instituto de pesquisas, entregam material de campanha de Bolsonaro aos que respondem que irão votar em Lula.",True
"Vídeo mente ao atribuir ao governo de Bolsonaro a execução da obra de uma ponte sobre o Rio das Mortes, na MT-326, em Mato Grosso. A obra é do governo do estado.",True
Donald Trump confirmou que os EUA vão pedir a prisão do ministro Alexandre de Moraes à Interpol,Fake
"A Aneel pode dizer: ‘A empresa não cumpriu o contrato, o contrato está caduco, caducidade, vou romper a concessão’. Essa é uma decisão que não é do Lula, não é do Tarcísio, não é minha, não é do Nunes. Essa decisão é da Aneel.",True
Empresa dos EUA compra mineradora brasileira de terras raras,True
"Após quitar a Guia GRU , é necessário aguardar a identificação do pagamento pela Justiça Eleitoral e o registro na inscrição pela zona eleitoral onde for inscrito o(a) eleitor(a).",True
Então qual é a nossa ideia? (…) Pensar em outras formas de financiamento [para o transporte público]. Uma delas é você explorar os pontos de ônibus para publicidade.,Fake
Trump impôs sanções que levaram Moraes a perder imóveis e dinheiro nos EUA,Fake
2 - Como consultar o número do título eleitoral?,True
TSE reduziu urnas no Exterior e aumentou nos presídios,Fake
Governo vai triplicar incentivo fiscal para socorrer indústria química,True
Governo Lula taxou prêmios de medalhistas olímpicos,Fake
Datafolha aponta rejeição de 46% para Flávio Bolsonaro e 45% para Lula,True
Governo quer converter receitas extras com petróleo em desonerações,True
"Mulher idosa reclama de fome, sede e gasolina com Lula (PT) por causa de corte nos repasses para prefeituras.",Fake
"""Taiwanês: 18,99. Arroz do Lula""; ""Gaúcho: 43,90. Arroz do BozoBanana""",Fake
"""É bom que não se ande aqui a brincar às mentirinhas políticas. Esta proposta de retirar os ovários a mulheres que abortam foi uma moção apresentada, e rejeitada, pelo partido.""",True
Não foram encontradas notícias de que Dilma Rousseff já tenha feito doações de maquinário a países africanos; máquinas que aparecem em vídeo têm logo de programa federal que fez as compras com dinheiro de emenda parlamentar.,True
Urgente! Ciro Gomes diz: ?País sofrerá a maior fraude eleitoral da História?,Fake
O ex-presidente Lula foi homenageado pela Prefeitura de Roma em 12 de fevereiro de 2020,Fake
Glauber Braga não foi punido pelo episódio de agressão na Câmara dos Deputados,Fake
Aprovação e desaprovação de Lula voltam a empatar e resultado do Datafolha indica acerto nas medidas do 'pacote de bondades',True
Atlas da Violência: Alagoas é o estado onde pessoas negras correm maior risco de serem assassinadas no Brasil,True
O ministro do Supremo Tribunal Federal Alexandre de Moraes mandou prender o humorista Rey Biannchi em 27 de maio de 2020,Fake
Lula defende restrição ao uso de IA no período das eleições,True
Alexandre de Moraes é condenado por corte dos Estados Unidos,Fake
Regra do Conselho de Ética impede julgamento de ações anteriores à atual legislatura,Fake
"""Lula propôs um projeto lei número 2345485 para a Câmara Federal que propõe que os mandatos de Presidente da República possam ser ampliados de 4 para 36 anos""",Fake
Beneficiários do Bolsa Família não podiam ter emprego,Fake
"Os conteúdos verificados foram retirados de contexto para dar a entender que a petista seria contra a Bíblia, mas escondem que a frase destacada envolvia uma defesa do estado laico e não uma ação anti-Bíblia",True
"Publicações no Twitter e no Instagram de uma denúncia sem provas feita em um programa da Fox News, canal de notícias estadunidense. Nas postagens, alega-se que o jornalista Matthew Tyrmand demonstrou, na transmissão, provas da intervenção do governo de Joe Biden, presidente dos Estados Unidos, no processo eleitoral brasileiro em 2022.",Fake
Brasil assume presidência da Zona de Paz e Cooperação do Atlântico Sul,True
Foram encontradas 2.600 cédulas de votação fraudadas na Pensilvânia,Fake
"Antes de ser ministro do STF, Alexandre de Moraes fala até em atear fogo no STF",Fake
"Preço da Gasolina durante Bolsonaro era R$ 9,78 o litro e com Lula é de R$ 5,26",Fake
"Alexandre de Moraes mandou apagar vídeo de Bolsonaro, com entrevistas de Beira-Mar e VP",Fake
Diretor da OEA assume fraude para beneficiar o PT,Fake
Brasil e Espanha assinam acordos sobre big techs e tecnologia digital,True
"Na imagem, é apresentada apuração do Paraná nas eleições presidenciais de 2022, recorte que não representa o resultado da votação em todo o país.",True
Eleições 2026: eleitor pode se inscrever para ser mesário voluntário,True
Diretor-geral da Polícia Federal acaba de afirmar que quem mandou matar Jair Bolsonaro foi Lula e o STF,Fake
Olha o que Bolsonaro está fazendo no nordeste,Fake
Ele [José Guimarães (PT-CE)] escondeu dólares na cueca e virou presidente da comissão que vai combater a corrupção.,Fake
PT entra com ação no STF para impedir que Bolsonaro reduza o preço do gás.,Fake
Plateia xingou Lula em show de Gusttavo Lima em Lisboa,Fake
Haddad anuncia volta do Bolsa Travestis no valor de R$ 1.800,Fake
Foto mostra milhares de pessoas caminhando junto com o deputado Nikolas Ferreira,Fake
Equipamento de votação troca voto de Trump para Kamala em Kentucky,Fake
"Bolsonaro teve zero votos em urnas de modelos antigos, que não foram auditadas",Fake
TRE-RJ: grupo vai impedir influência do crime organizado nas eleições,True
Por meio deste a Corte do Superior Tribunal Militar sob o comando e presidência do Generalissimo Luis Gomes Mattos declaram a invalidade das eleição presidenciais,Fake
Ladra é a tua mãe! Condenada. Maria da Saudade Medeiros Braga condenada a dois anos de prisão por corrupção com dinheiro público,Fake
Nos falta a possibilidade de auditar se o voto computado e totalizado eletronicamente corresponde materialmente ao voto impresso,Fake
Brasil avança em ranking da OCDE de dados abertos e alcança 8ª posição,True
"Operação Mute apreendeu 8,5 mil celulares em presídios desde 2023",True
Não há nenhum registro de que Lula tenha dito que “arrastaria o STF junto” se um de seus filhos fosse preso.,True
"O ministro irá acionar a AGU e o MP contra as eleições indiretas em três cidades, onde a escolha não foi aberta à população local.",True
"Autor do atentado contra a vice-presidente argentina, Cristina Kirchner, usou uma pistola de água",Fake
Revista Veja diz que o Nordeste abraçou Flávio Bolsonaro,Fake
"Imagem mostra mansão de Eduardo Bolsonaro em Arlington, no Texas, EUA",Fake
"Lula vai ser colocado na presidência por mais que 87,5% da população rejeitem Lula e aprovem Bolsonaro",Fake
Pedido de vista adia votação de relatório sobre acordo Mercosul–UE,True
"Orçamento 2026: governo bloqueia R$ 22,1 bilhões após projetar gasto maior com BPC e benefícios previdenciários",True
Janja pode assumir presidência caso Lula seja afastado,Fake
"O voto em branco é registrado quando se pressiona o botão ""Branco"" na urna eletrônica.",True
"URGENTE! Cúpula do PT entra em desespero ao ver que Marçal vai ganhar no primeiro turno, enquanto Moraes derruba a terceira conta de Pablo",Fake
Repórter da Globo foi preso após tentar extorquir deputado estadual do Rio,Fake
Eduardo Bolsonaro recebeu R$ 600 milhões via Lei Rouanet,Fake
Lula diz que brasileiros gostariam de ser pobres,Fake
TSE mandou retirar todos os vídeos do 7 de Setembro da internet,Fake
Centenas de mercados e festivais de Natal serão cancelados pela primeira vez (...). Este cenário demonstra que as políticas de diversidade e inclusão na Alemanha estão a falhar em toda a linha. É importante reflectir sobre este facto quando se criticam as propostas preventivas do Chega.,Fake
Alexandre de Moraes defendeu o PCC em 124 processos judiciais,Fake
Senador Cleitinho Azevedo divulga indenização de até R$ 5 mil para quem teve dados vazados em 2019,Fake
Magno Malta criticou Flávio Bolsonaro e Jair Bolsonaro por 'rachadinha' e disse esperar que Flávio saísse preso de CPMI,Fake
"'Erramos quando demos a facada no Bolsonaro', essa é a fala do Zé Dirceu",Fake
Lula disse que vitória do Boulos é irreversível,Fake
Sergio Moro pediu o fim do IPVA,Fake
Governo quer flexibilizar descanso de caminhoneiros na volta para casa,True
"Lula atende a pedido de presidente e anuncia ajuda em meio à onda de protestos na Bolívia, diz Planalto",True
"Voto de eleitor de Toronto, no Canadá, não foi contabilizado",Fake
Vacinas foram liberadas sem testes completos,Fake
STF forma maioria contra prorrogação da CPMI do INSS,True
"É fake News produzida por Marçal e sua equipe, que ele saiu de ambulância do programa!",Fake
Três Poderes lançam pacto para enfrentamento ao feminicídio no Brasil,True
"O Bolsonaro foi orientado a dar o Bolsa Família e deixar a pessoa ter uma outra renda. O Lula chegou e já cortou. Se tiver Bolsa Família, não pode ter renda.",Fake
STF decide limitar pagamento de penduricalhos no Judiciário e MP,True
Alexandre de Moraes e Gilmar Mendes votam a favor da linguagem neutra em escolas municipais,Fake
"No caso de propaganda eleitoral irregular na internet e outras formas de propaganda inadequada, é possível realizar a denúncia pelo Pardal, um aplicativo móvel que pode ser baixado para smartphone nas Plataformas iOS ou Android .",True
"O que eu não consigo entender é o atual prefeito [Ricardo Nunes], no dia seguinte da operação da Polícia Civil numa empresa que o dono tinha sido preso com arma e com ligação com o crime, foi fazer um vídeo declarando que essa empresa era boa e prestava um excelente serviço",True
TSE retoma julgamento que pode cassar governador de Roraima,True
Governo Federal confiscou medicamentos doados por profissionais de saúde voluntários no Rio Grande do Sul.,Fake
"Mandetta fez, na surdina, um contrato milionário com China Media Group sem aval do Presidente!",Fake
William Waack denunciou fraude nas urnas eletrônicas,Fake
Bolsonaro deixou obra da ponte sobre o Rio Araguaia parada por quatro anos,Fake
Hackers invadiram o TSE e transferiram votos de Bolsonaro para Lula no primeiro turno das Eleições 2022,Fake
"General Villas Bôas tuitou que ""alta cúpula militar"" irá se reunir após STF derrubar prisão em segunda instância",Fake
Festa do Tráfico no Vidigal RJ comemora indicação de Flávio Dino ao STF,Fake
"Governo Lula suspende o fornecimento gratuito do cloridrato de metformina pela Farmácia Popular. O medicamento usado no tratamento da diabetes era vendido a R$3,69; agora está custando entre R$12 e R$16",Fake
Este vídeo mostra a comemoração no Chile após a eleição de Gabriel Boric,Fake
"Em um vídeo de 2018, um suposto especialista usa metodologia incorreta para analisar os dados da apuração minuto a minuto dos votos no segundo turno.",True
Ex-presidente Lula teve o passaporte apreendido e está impedido de fazer viagens internacionais,Fake
Nikolas Ferreira votou contra vetos de Lula e a favor de aumento na conta de luz.,Fake
STF autorizou a volta do imposto sindical,Fake
Rayssa Leal dedicou medalha a Bolsonaro e apoiou sua eleição,Fake
Foto mostra Torre Eiffel iluminada em homenagem ao ex-presidente Lula,Fake
"Para que Alckmin possa assumir a presidência, Lula tem que ter cumprido 2 anos de seu mandado. Ou seja... LULA NÃO PODE MORRER ANTES DE 1 DE JANEIRO DE 2025. Caso morra antes disso, novas eleições deverão ser convocadas. Talvez seja essa a razão de tanto mistério sobre a saúde.",Fake
Vídeo mostra Bolsonaro recebendo alta no dia 11/12 após ser hospitalizado,Fake
"A presidente do México, Claudia Sheinbaum, foi levada a um navio de guerra depois da morte de El Mencho",Fake
"Post com imagens de tuítes antigos em que o ministro Flávio Dino (PSB) questiona a segurança das urnas eletrônicas. A publicação cobra punição do chefe da Justiça e Segurança Pública: “Vai ter que explicar na Justiça, ou só vale contra o Bolsonaro?”. Na legenda, o autor do post, o deputado federal Coronel Meira (PL-PE), cita que algumas das publicações foram feitas em período eleitoral.",True
A deputada Talíria Petrone disse na Câmara dos Deputados que policiais são pagos para morrer,Fake
Congressistas americanos pedem fim de relações militares com o Brasil durante o governo Lula,Fake
Dono da Seara ataca eleitores de Bolsonaro,Fake
"[Me condenaram] Sem provas, só com convicção.",Fake
Bolsonaro foi esfaqueado.,True
"""O que Bolsonaro fez por você""",Fake
Tecnólogo desafia o sistema e revela com detalhes como as urnas foram fraudadas. Ele expõe com detalhes o caminho dos votos roubados de Bolsonaro,Fake
Mulher diz que sente vergonha por ter votado em Lula,Fake
Reajuste do salário dos professores: piso do amor do Lula R$ 18 e piso do ódio do Bolsonaro R$ 959,Fake
Trump ameaça enviar tropas dos EUA para prender Moraes,Fake
Urna eletrônica pode ser hackeada,Fake
Governo criou multa ou taxa para Pix acima de R$ 5 mil,Fake
Vaquinha para custear todos os processos de Jair Bolsonaro,Fake
"Dilma Rousseff, Lula e Guilherme Boulos ultrapassaram adversários às 18h45",Fake
Vergonha! Tabata e Boulos votam contra a isenção de imposto de renda até 5 mil reais. São esses políticos que vocês querem para São Paulo?,Fake
"No conjunto de imagens, a foto de cima, da estrada em situação precária, é atribuída aos “16 anos de PT”; a de baixo, da estrada em pavimentação, é creditada aos “7 meses de Bolsonaro”.",Fake
"Lei Rouanet vai pagar R$ 5,1 milhões para desfile de escola de samba em homenagem a Lula",Fake
Indígenas esperam encontro com Lula e celeridade em demarcações,True
GloboNews noticiou que não houve agressão a Alexandre de Moraes em Roma,Fake
Votos de 2022 serão recontados por erros e falhas no processo eleitoral,Fake
Lula derrubou medida do Bolsonaro que permitia que motoristas licenciassem veículos sem pagar multa e IPVA,Fake
Vendas da Ypê dispararam depois de foto de Flávio Bolsonaro com detergentes da marca,Fake
Deputado Gustavo Gayer vira réu no STF por injúria contra Lula,True
X foi novamente suspenso por Alexandre de Moraes,Fake
"O SBT voltará a exibir o programa ""A Semana do Presidente"" com Bolsonaro",Fake
"O nosso programa [Dívida Zero], antes do registro do TSE, vazou para a Folha de S. Paulo (...), antes do Ciro sequer mencionar esse programa [Nome Limpo].",Fake
INSS avisou a governo Lula que não tem como funcionar por falta de verba,Fake
Hermes Klann defende regulamentação do ensino domiciliar no Brasil,True
Fernando Haddad disse que Bolsonaro criou poucos impostos,Fake
"O que eles estão falando é o seguinte: que reduziu o efetivo de militares, mas o número de pessoas que trabalham nas forças de segurança não teve essa redução.",Fake
"Bolsonaro devolveu joias ao TCU, mas Lula não",Fake
Urnas têm segurança desenvolvida pelo próprio TSE e passam por rigorosos processos de acompanhamento e auditoria por diversas entidades.,True
Há mais de 200 deputados e senadores investigados na Lava Jato escondidos atrás do foro privilegiado.,Fake
"Em vídeo, ministro do TSE admite que urnas foram fraudadas",Fake
Flávio Dino diz que Lula vai extinguir a Polícia Militar,Fake
"Como uma seção tem 777 eleitores aptos, um candidato consegui (sic) 9.909 votos!",Fake
Carlos Bolsonaro saiu das redes sociais por ordem de Gilmar Mendes,Fake
"Enel, empresa controlada por Lula, boicota São Paulo para favorecer Guilherme Boulos",Fake
Denúncia de irregularidades em cadastro de eleitores em Detroit aponta fraudes eleitorais na cidade,Fake
STF proíbe Bíblia em escolas e bibliotecas públicas,Fake
A [Simone] Tebet falou de voto impresso no passado,True
"""Se Bolsonaro falar isso é preso""",Fake
Brasil capta 5 bi de euros em emissão internacional recorde,True
Militares cantam música contra Alexandre de Moraes,Fake
"Líder do governo no Senado, Jaques Wagner propõe adiar eleições de 2026",Fake
Lula tirou uma selfie com um palhaço que representa o Bolsonaro no Carnaval,Fake
"Alexandre de Moraes afasta auditores fiscais que identificaram o recebimento de propina por parte de ministros da Corte, vinda do Partido dos Trabalhadores (PT)",Fake
"Em um vídeo, um homem está reagindo e dando risada ao ler o tweet “Lula ficou no 299° lugar entre os 301 candidatos ao Prêmio Nobel da Paz. Eu fico pensando que ainda tem mais dois indivíduos pior que ele [sic]?!”. Um segundo conteúdo traz o mesmo texto, mas com emojis de risada e uma imagem do ex-presidente Jair Bolsonaro (PL).",Fake
Reportagem de Naomi Yamaguchi comprova a existência de fraudes nas urnas em 2014.,Fake
"O presidente Donald Trump chamou seu homólogo italiano, Sergio Mattarella, de ""Mozzarella""",Fake
STF adia conclusão de julgamento sobre nepotismo em cargos públicos,True
"Delegado que investigava morte de Zavascki foi assassinado, o que permitiu ascensão de Moraes",Fake
"Bolsonaro ganhou as eleições com 55% e agora sua aprovação é de 75%, ou seja, houve um aumento de 20%. Mas fica a pergunta; 20% dos eleitores de Haddad mudaram de opinião ou houve fraude nas eleições?",Fake
Câmara: Comissão de Direitos da Mulher elege primeira presidente trans,True
Vídeo mostra Moraes e Alckmin sendo hostilizados em Brasília após julgamento de Bolsonaro,Fake
"""Grande exemplo, Presidente americano Joe Biden ajoelha-se diante do filho do George Floyd e pede desculpa pelo sucedido ao seu pai em nome do governo americano.""",Fake
Lula assumiu ser comunista,Fake
Justiça negou pedido de prisão de Bolsonaro no caso das joias em 11 de agosto,Fake
China doou 60 helicópteros militares ao Brasil após visita de Bolsonaro,Fake
Governo promete reverter veto da UE a carnes e animais brasileiros,True
Governo Bolsonaro implantou scanners veiculares para uso da Polícia Rodoviária Federal,Fake
"Sergio Moro: O crime é impossível acabar totalmente porque a mente humana veio do macaco, um animal assassino.",Fake
"""Impressionante - Governo canadiano admite: 'Os não vacinados estavam certos sobre as vacinas de mRNA'""",Fake
Rio pede mais 20 dias para enviar imagens da Operação Contenção ao STF,True
"Desafio do TSE é conter uso ilegal de IA na eleição, diz Nunes Marques",True
Daniel Vorcaro fez delação premiada e decidiu entregar os ministros do STF (Supremo Tribunal Federal) Alexandre de Moraes e Dias Toffoli e o presidente Lula (PT),Fake
Fui convidado oito vezes para o G-8,Fake
"Por que que para senador, governador, tinha só 348 e apareceu apareceu 263 para votar? Da onde surgiu essas 340 pessoas que votaram aí para presidente? Que estranho",True
Você será informado pelo sistema se houver a necessidade de comparecimento ao cartório eleitoral para completar o atendimento com a coleta dos dados biométricos no prazo de 30 dias.,True
"Não só respeitamos e reconhecemos, mas admiramos e amamos seus saberes e sua cultura”, discursou o presidente.",True
Governo Federal repassou 94% do Auxílio Reconstrução para o RS,True
"""Pela primeira vez, as sondagens para estas eleições mostram o PSD à frente, com 34,5% contra 33,5% do PS. Chega fica em 3º (6,5%) e o Partido Volt 5,9% na 4ª posição, logo a seguir BE e IL empatados com 5,7%. (...) Obrigada portugueses, estamos na 4ª posição.""",Fake
O Comprova não encontrou qualquer declaração da atleta que faça referência ao ex-presidente e a imagem usada em publicação falsa é de 2020.,True
"Lula, Dilma e Boulos ultrapassaram seus adversários às 18h45",Fake
Etchegoyen disse que o resultado das eleições de 2022 foi manipulado,Fake
Queiroz é pai de Flavio Bolsonaro,Fake
"Bolsonaro teve 57 milhões de votos, mas o BOZO teve 170 milhões de inscritos para receber os 600 reais. Não é fofa a resistência?",Fake
"Consiste na utilização de um flash card previamente preparado para essa função, no processo de geração de mídias, em substituição ao flash card de votação da urna que apresentou problemas.",True
"""Acabaram as eleições, acabou o interesse pelo pobre"", diz Lula",Fake
"O Boulos [arrecadou] R$ 44 milhões. Ele [Nunes] R$ 27 milhões. A Tabata R$ 14 milhões. Eu, R$ 3 milhões",True
Lula é vaiado em evento no Amapá,Fake
Governo Lula cortará 800 mil aposentadorias de idosos com mais de 60 anos,Fake
O Tribunal Superior Eleitoral organiza e fiscaliza o processo eleitoral brasileiro.,True
"Manifestante levou cartaz para ato com a frase ""Sérgio Moro é bom pra burro!"".",Fake
"Polícia Federal apreendeu no Pará milhares de ""brindes"" que seriam entregues a cada pessoa que votasse no candidato Lula no segundo turno das eleições do próximo dia 30/10/22",Fake
"Primeiro, o algoritmo das câmeras [do Smart Sampa] envolvia perfilamento racial.",True
Lula gastou 300 bilhões para se eleger,Fake
Governo Lula aprova imposto de 44% para aluguel de imóveis,Fake
Lula chama Cláudio Castro de 'picareta' após operação no Rio,Fake
Discurso do presidente Jair Bolsonaro na abertura da Assembleia Geral da ONU de 2020,Fake
"Quem tirou o título de eleitor recentemente, recebeu uma tira de papel com seus dados. Nesta tira há um QR-code. Segundo vários eleitores, neste QR-code vem o nome de Lula e o número 13",Fake
Voto será anulado se eleitor confirmar escolha após mensagem para conferir a opção,Fake
ORDEM DIRETA de Trump: OU o Congresso Nacional Brasileiro cassa o contrato de concessão e venda da terra para a exploração da reserva de urânio aos chineses,Fake
Seção em Sete Lagoas (MG) registrou 40 votos a mais do que eleitores,Fake
TV Senado mandou tirar do ar vídeo em que dupla sertaneja critica políticos,Fake
Ministro Alexandre de Moraes determina apreensão de passaporte e porte de arma de Bolsonaro,Fake
Governo federal lançou o programa “Brasil Climatizado” para venda de ar-condicionado mais barato.,Fake
"Lula usou R$ 1,4 bilhão no cartão corporativo e Bolsonaro R$ 41,2 milhões",Fake
Lula usa lenço libanês símbolo de terrorismo,Fake
"Não há indícios de que Pablo Marçal tenha sido alvo de tentativa de homicídio durante comício no dia 30 de agosto, na zona leste da cidade. Em entrevista, ele afirmou que houve uma confusão envolvendo um assessor do PSOL, mas não citou tiros. O caso foi registrado como “ameaça”.",True
Emir do Qatar diz que eleições brasileiras foram roubadas,Fake
"""Ex-combatentes: todos a votar no Chega. André Ventura acaba de prometer, se for governo, um aumento de 200 euros na reforma de todos nós!""",Fake
"""Oh, João, não esperava isso [críticas sobre faltas aos trabalhos parlamentares]... Eu fui candidato presidencial.""",Fake
Lula mandou retirar público de arquibancada no Carnaval por medo de vaias,Fake
Lula inicia radioterapia após retirada de lesão no couro cabeludo,True
Governo irá taxar 25% da venda do seu imóvel com reforma tributária,Fake
Governo autoriza nomeação de mil aprovados para concurso da PF,True
É mentira que portarias revogadas pelo Ministério da Saúde em 2023 influenciaram no caso de transplante de órgãos contaminados com HIV no Rio de Janeiro. Tão pouco a prefeitura repassou R$ 11 milhões para o laboratório envolvido no caso,True
Nessa situação o RED gera um novo disquete a partir da urna originária.,True
Bolsonaro não usou cartões corporativos enquanto era presidente,Fake
Fiscal do TSE circula pelo Programa Pânico ao vivo,Fake
Ministros do STF vão para Roma fugir da Lei Magnitsky,Fake
New York Times diz que Trump pediu investigação contra Eduardo Bolsonaro,Fake
"Medida em questão não menciona termo “unissex” e não tem força de lei ou decreto, apenas enumera orientações para futuras políticas públicas.",True
"Postagem no Instagram mostra um homem reagindo a um vídeo antigo em que uma mulher fala sobre o suposto voto de seu marido, falecido em 2010, na eleição presidencial de 2022.",Fake
Fotos comparam obras de gestões petistas em péssimas condições e construções inauguradas no governo Bolsonaro,Fake
Bolsonaro gastou apenas R$ 65 milhões de publicidade por ano,Fake
Vídeo mostra o governante da Coreia da Sul rezando com o presidente Jair Bolsonaro,Fake
"Lula, em entrevista ao SBT, disse que 735 milhões de pessoas passam fome no Brasil",Fake
STF julga indenização a fotógrafo que ficou cego por ação da PM em SP,True
"O ex-deputado Jean Wyllys escreveu no Twitter que os brasileiros precisam aceitar a ""tradição"" dos muçulmanos de se casarem com crianças",Fake
BOMBA: PRESIDENTE LULA TEM ENVOLVIMENTO COM DEOLANE E ELA EXPÕE TUDO. ELA PEDE PARA ELE INTERFERIR E DAR SEU JEITINHO,Fake
Revista Charlie Hebdo afirmou que STF considera Lula um santo,Fake
"Acabar com a escala 6x1 é prioridade do governo, afirma Boulos",True
Lula aumenta o auxílio-reclusão para quase 1.800 reais,Fake
"PF volta a prender Rodrigo Bacellar, ex-presidente da Alerj",True
"A apuração tem que ser pública. Se é numa sala-cofre [a apuração das eleições], não é pública",Fake
Transposição do São Francisco esteve parada durante os governos de Lula/Dilma/Temer e só andou com Jair Bolsonaro.,Fake
"Não há indicativos de que o FBI tenha investigado e expedido ordem de prisão contra Alexandre de Moraes, como afirma vídeo no YouTube.",True
Lula declara que eleições a cada 4 ou 5 anos ‘não são suficientes’ e analistas alertam para possível intenção de prolongar seu próprio mandato,Fake
"Em discurso no dia 28 de novembro, Bolsonaro diz que o maior exército do mundo é o povo",Fake
Vídeo da Débora voltando para casa após meses como presa política,Fake
"Dallagnol: ‘Não temos provas em relação ao tríplex’. Moro: ‘Não tem problema, faz a denúncia, que eu aceito e condeno!’.",Fake
Flávio Dino defendeu que a prática do furto seja liberada no país,Fake
STF decidiu que dinheiro desviado não será devolvido se descoberto após 5 anos,Fake
Durante 4 anos de governo Bolsonaro foi gerado mais emprego do que 18 anos de governo Lula e Dilma.,Fake
"Vídeo é recorte de esquete humorística. No vídeo completo, humorista Ítalo Sena se disfarça de funcionário de instituto de pesquisa eleitoral e rejeita opinião de entrevistados.",True
A urna conta secretamente o seu voto,Fake
"As linhas de ônibus são as mesmas hoje que eram 15 anos atrás, quando o meu pai era cobrador.",Fake
Sabatina de Jorge Messias para vaga no STF será dia 29 de abril,True
Governador do Maranhão Flavio Dino tem posicionamento favorável quanto à hidroxicloroquina,Fake
Os conteúdos omitem que o atual presidente assumiu o mandato com mais de 90% das obras concluídas por administrações que o precederam.,True
"Como o Flávio Dino tem a Ficha Limpa? Você tem 77 processos engavetados no Supremo Tribunal Federal que eu sei disso [...] O Lula não é Ficha Limpa, não podia ser candidato, mas foi",Fake
"Acabarei com o Pix, afirma Lula",Fake
"Foto mostra Vorcaro, Careca do INSS e Flávio Bolsonaro na sede do Banco Master",Fake
"Governo Lula quer de volta 6,5 milhões que liberou para compra de remédio",Fake
Alexandre de Moraes pode ser preso a qualquer momento por agentes federais dos Estados Unidos,Fake
Reportagem sobre auxílio emergencial com valores entre R$ 150 e R$ 375 tem relação com governo Lula,Fake
Vídeo mostra Bolsonaro sendo ovacionado em Buenos Aires,Fake
Presidente da Namíbia vai deportar mais de 500 americanos.,Fake
Texto que circula é anônimo e não apresenta nenhuma prova de que a fala de Barroso seja verdade. Não há registro do evento ou da suposta declaração em fontes confiáveis de informação.,True
Voto impresso já é lei e deveria estar sendo implantado. Lei 10408,Fake
Lula defende proibição de bets e mostra preocupação com endividamento,True
Lula diz que tráfico de drogas gera riqueza para comunidades,Fake
6 mil urnas foram trocadas no segundo turno das eleições de 2024 em Fortaleza,Fake
Daniela Lima admitiu que o governo Lula está frágil e cercado por conflitos,Fake
[Datena] é alguém que responde por assédio sexual,Fake
TSE torna inelegível e anula votos recebidos por ex-deputado do Ceará,True
"Abriram a caixa preta do TSE, conseguiram decodificar o sistema. Agora temos em mãos os nomes e votos de 100% dos eleitores.",Fake
A era Lula foi responsável pelo maior poder de compra do trabalhador na história do Brasil,Fake
"Ao invés de fazer obra em estrada de Minas Gerais, Lula gasta bilhões com fundo eleitoral e Lei Rouanet",Fake
STF mantém prisão do deputado estadual Thiago Rangel,True
Bolsonaro é levado ao hospital após passar mal e desmaiar na cadeia,Fake
Lula e STF acusados de estarem por trás da tentativa de assassinato contra Bolsonaro,Fake
Ex-presidente disse que eleitores do Norte e Nordeste votam em quem der R$ 10 para ‘tomar cachaça’,Fake
"A ponte que Bolsonaro deixou quase pronta, o Lula se recusa a terminar e entregar para o povo",Fake
Bolsonaro forjou cirurgia para acobertar plano de fuga frustrado,Fake
"Atenção, não fotografem seu comprovante de voto. Isso é crime eleitoral!",Fake
Supermercados não irão mais fornecer sacolas gratuitas aos clientes por decisão do STF,Fake
"Letreiro de ônibus em Londres trazia os dizeres ""Lula Ladrão"".",Fake
AGU diz ao STF que Lei da Dosimetria é inconstitucional,True
Chuvas na Paraíba: governo destina R$ 6 milhões para conter danos,True
Michelle Bolsonaro anda a cavalo enquanto o marido está preso,Fake
Michelle comemorando a burrice do marido com seu maquiador,Fake
Lula destaca relação de parceria entre governo federal e prefeituras,True
"Fotos mostram obra realizada pelo ministro da Infraestrutura, Tarcísio Gomes",Fake
Daniel Vorcaro entregou em delação quem foi responsável pelo atentado contra Bolsonaro em 2018,Fake
Alcolumbre fatia votação do PL da Dosimetria; governo denuncia manobra,True
Outdoor mostra Lula como traidor da pátria em Penápolis (SP),Fake
Decisão de Alexandre de Moraes sobre Coaf vai impedir investigações sobre fraude no INSS,Fake
Governo Lula vai pagar R$ 20 mil por cada cesta básica para os yanomamis,Fake
"Deputada federal do PSOL TALíRIA PETRONE eleita pelos cariocas e fluminenses, afirmou em sessão na Câmara dos deputados que ""OS POLICIAIS NÃO FAZEM MAIS QUE OBRIGAÇÃO MORRER EM COMBATE CONTRA O CRIME ORGANIZADO, POIS ELES SÃO PAGOS PARA ISSO, MORRER"". Este é o nível das pessoas que os cariocas tem dado poder nas últimas décadas. É esse povo que quer vir como candidato a prefeito nas eleições, nojo.",Fake
"""PERNAMBUCO SURPREENDE O BRASIL. Nova pesquisa mostra um cenário que muita gente não esperava ver no Nordeste. Flávio Bolsonaro: 50,5% Lula: 38,1% Aldo Rebelo: 5,8%.Se esses números se confirmarem, não é apenas uma pesquisa. É uma mudança de vento político""",Fake
"“Falei com o presidente Lula sobre a importância dos povos indígenas preservarem sua cultura, sua língua e seu modo de vida.",True
Bolsonaro anuncia novas provas de que foi eleito no primeiro turno,Fake
CAE busca acordo com governo antes de votar renegociação de dívidas rurais,True
"Diferentemente do que afirma o então deputado federal pelo PDT, Fernando Chiarelli, ele não provou que as urnas eletrônicas são uma farsa.",True
"Kim Namjoon, cantor da banda de K-pop BTS, elogiou Jair Bolsonaro na ONU",Fake
Presidente Luiz Inácio Lula da Silva disse que a mulher tem que ficar em casa para dar banho e jantar para os filhos e marido.,Fake
Os arquivos são transmitidos para os centros de processamento de dados dos tribunais regionais eleitorais.,True
Deputado do PT propôs projeto para descarregar armas de policiais,Fake
"Não me chamem de louco, porque aconteceu no Brasil. Alexandre de Moraes absolve Alexandre de Moraes.",Fake
Quatro presos políticos já foram a óbito,Fake
"Com precatórios, governo tem maior déficit para meses de março",True
"""Governo acabou com isenção de IUC para pessoas com deficiência?""",Fake
"No entanto, os(as) presos(as) provisórios(as) que estão esperando decisão judicial têm direito ao voto.",True
Governo debate combate ao antissemitismo com foco na educação,True
"Lula fala da situação econômica em 2025, em vídeo vazado",Fake
Bolsonaro não inaugurou universidades nem escolas,Fake
Governo Lula propõe imposto do MEI três vezes maior para aumentar arrecadação,Fake
Lula tem acordo com o crime organizado no Rio,Fake
"Jair Bolsonaro é investigado pela PF por ""conta de R$ 200 milhões na Suíça""",Fake
Ministro do STF Luís Roberto Barroso não fez manifestação passível de impeachment,Fake
Fotografia mostra o ex-presidente Lula bêbado e urinado durante evento em Davos.,Fake
"Se dependesse da pesquisa Datafolha, hoje o Ricardo Nunes nem estaria no segundo turno.",Fake
Mais de mil urnas foram trocadas em Fortaleza,Fake
Donald Trump endureceu o tom contra o Brasil,Fake
"'Moro deixou o Brasil em escombros', diz jornal de Curitiba",Fake
População do Nordeste precisa comprar água porque o governo Lula cortou o abastecimento,Fake
Helicóptero queima floresta de propósito para culpar governos e o povo,Fake
O PS não passou a ser contra o corte de salários e pensões ao defender a sua reposição depois das eleições. O Partido Socialista não tinha no memorando o corte de pensões e salários e foi sempre contra essa duplicação da austeridade.,Fake
"O ministro Alexandre de Moraes expediu uma ordem de prisão nesta quinta-feira para a deputada Paula Belmonte por expor no Parlamento dos Estados Unidos que Moraes se tornou ministro da Suprema corte por conta de uma chantagem que fez ao ex-presidente Michel Temer, onde Moraes solicitou serviços de um hacker para chantagear Temer com fotos eróticas de sua esposa para que Moraes fosse indicado para a vaga do ministro Teori Zavascki",Fake
"O termo corte se refere a uma retirada definitiva das verbas. A ação foi um bloqueio, que pode ser temporário ou não.",True
Lula chama Cláudio Castro de ‘picareta’ após operação no Rio,Fake
"Quem tem que cuidar do Campos Neto é o Senado, que o indicou. Ele não foi eleito pelo povo, ele não foi indicado pelo presidente, ele foi indicado pelo Senado.",Fake
O abismo das eleições: processo eleitoral brasileiro é um atentado à soberania,Fake
"Existem rumores de que a renúncia ao mandato do deputado federal Jean wyllys nada tem a ver com as falsas ameaças de morte que o deputado anunciou em entrevista. A verdade é que: as ""investigações da PF"" encontraram provas robustas de desvios que ultrapassam mais de 100 milhões em projetos sociais, entre outras irregularidades onde o deputado está envolvido ativamente, algo que poderá incriminá-lo. São desvios de verbas públicas destinadas à ""movimentos sociais e recebimentos irregulares"" nos quais envolveu, MST, CUT, UNE, estes movimentos estão no esquema que é um escândalo desde 2006!!!",Fake
"""A primeira travesti eleita deputada Erika Hilton será ministra da mulher, família e direitos humanos do governo de 9 dedos.""",Fake
Homem que aparece junto de Lula em vídeo é suspeito de atentado contra Tarcísio,Fake
"Lula grava vídeo após decisão de Edson Fachin, ministro do STF, em 8 de março de 2021",Fake
Alexandre de Moraes foi chamado de ditador em palestra sobre democracia,Fake
"Financiamentos a desabrigados em Minas seguirão modelo do RS, diz Lula",True
Pela vida das mulheres: atos do 8 de março ocupam ruas pelo Brasil,True
Aplicativo “Celular Seguro” vai permitir que governo controle celular e mensagens trocadas nas redes sociais.,Fake
Lula decretou troca do nome coxão duro por picanha,Fake
Lula faz fala racista em evento,Fake
"Na Dinamarca, toda pessoa que recebe algum tipo de ajuda social está inabilitada para votar",Fake
"Ministro do STF Flávio Dino faz o ""L"" durante o carnaval",Fake
Parabéns ao novo Presidente de Portugal.,Fake
"Papa Francisco pediu a formação de um ""governo global"" para salvar a humanidade.",Fake
"Hoje começa a debater a iniciativa da lei de proteção doméstica no Senado da República. Que contempla - Prisão religiosa por pregar em horas impróprias. -Sanção às congregações que têm um grande volume no momento de celebrar sua adoração. -Sanção aos que andam nas ruas e visitam casas incomodando pedestres e violando a integridade da família. Foi até discutido como uma violação da liberdade de culto impor a leitura da Bíblia. Vamos ter um momento para orar, não importa se você está no trabalho, na escola, no caminhão ou em casa, procure um momento para orar a Deus e pedir que ele toque o coração dos deputados e senadores, para refletir e não aprovar esta iniciativa . Isso trará se aprovada, uma perseguição à igreja ... estamos vivendo tempos difíceis, ore.",Fake
"Escândalo de corrupção no governo Lula: ônibus escolares saem da fábrica por R$ 600 mil, mas, em Brasília, a nota fiscal é trocada por uma de R$ 1,8 milhão.",Fake
"O eleitor foi votar na urna e foi votado para duas pessoas, dois presidentes",Fake
"Após fala de Moraes, Fux dá lição de moral em colegas do STF em meio a julgamento de Bolsonaro",Fake
A mensagem se baseia em um estudo inglês feito apenas com dados brutos e tira de contexto as informações do boletim.,True
"Lula chama apoiadores de vagabundos, bandidos e traficantes",Fake
Governo considera vender alimentos vencidos para a população de baixa renda,Fake
O conceito de regularidade da inscrição eleitoral (aptidão para o voto) não se confunde com o de quitação eleitoral (eleitor ou eleitora sem débitos).,True
Votos no Canadá e nos EUA não foram computados e indicam fraude,Fake
"O vídeo usa imagens de uma entrevista de 2018 e substitui o áudio original por outro, de origem desconhecida e incompatível com o discurso do ex-presidente.",True
"Jair Bolsonaro (PL) mente sobre seu estado de saúde, pois deixou hospital caminhando e acenando",Fake
Governo Bolsonaro colocará figuras da família imperial nas notas de real,Fake
STF retoma julgamento sobre pagamento de penduricalhos,True
STF tirou do presidente e deu a governadores e prefeitos poderes sobre combate à Covid-19,Fake
"A PF não concluiu que houve invasão às urnas ou fraude no sistema de votação. O ataque hacker ao TSE só atingiu o sistema interno do Tribunal, sem comprometer as eleições.",True
"Aí, ó. Barragem da Oiticica, Rio Grande do Norte. O governo federal fechou as comportas da transposição do rio São Francisco. Os peixes tudo morrendo.",Fake
"Foto mostra o presidente Jair Bolsonaro ao lado de André Mendonça, ministro do STF, em um jogo em 2022",Fake
Governo propõe superávit primário de R$ 73 bilhões para 2027,True
"Áudio que circula nas redes sociais atribui ao ministro da Justiça e Segurança Pública, Flávio Dino (PSB), declarações segundo as quais os “objetivos“ do governo Lula seriam “arruinar a economia“, “aumentar o desemprego“ e controlar o Exército, entre outros. O autor do vídeo também afirma que os “piores inimigos“ são Dino e Lula (PT), que, por não poderem comprar as redes sociais, querem destruí-las.",Fake
Ativista brasileiro é deportado da Argentina por ordem de Milei,True
Joe Biden assinou seus primeiros decretos como presidente dos Estados Unidos em folhas em branco,Fake
Luís Roberto Barroso e EUA agiram para comprar chips fraudulentos de Taiwan para roubar votos para Lula em 2022,Fake
Imagens mostram que homem que sentou em cadeira de Alexandre de Moraes foi morto,Fake
Bandidos comemoram vitória de Lula,Fake
Imprensa internacional aponta início de ditadura do TSE e do STF,Fake
Defesa de Vorcaro mira Segunda Turma do STF e vê julgamento do pai do banqueiro como estratégico,True
Jair Bolsonaro foi absolvido em ações que poderiam torná-lo inelegível e poderá disputar as eleições de 2026,Fake
"Primeira urna aberta nos Estados Unidos indica vitória de Donald Trump, pois houve um empate. Em 2020, Trump perdeu na mesma região",Fake
"Apesar de a Justiça Eleitoral orientar que o eleitor vote desacompanhado, especialistas apontam que o caso não é passível de punição.",True
Ex-integrante do PCC diz que o ministro Alexandre de Moraes é a 'mãe' da facção criminosa,Fake
"""Biden foi o mais votado da história. O primeiro eleitor nasceu em 1823. Outros em 1900. Alguns votaram mesmo já mortos. Outros votaram mais de uma vez. E tudo pelo correio. Como o correio deles funciona. Fiquei impressionado""",Fake
Príncipe Harry fez questão de conhecer Fernando Haddad e enviou uma carta ao presidente Lula,Fake
Foto mostra multidão caminhando junto com o deputado Nikolas Ferreira,Fake
Lula deu entrevista ao Jornal Nacional dizendo que vai roubar o Brasil até não ter mais dinheiro,Fake
"Presidente, sua onestidade me basta.",Fake
Em 2022 número de urnas enviadas ao exterior diminuiu enquanto as dos presídios aumentou,Fake
"""Esses regimes políticos matam, trucidam e infernizam a vida do ser humano, misericórdia.""",Fake
Elon Musk processa Moraes nos EUA por R$ 20 milhões de dólares e pede prisão internacional,Fake
"Para combater o PCC de Lula, Gov. SP Tarcísio de Freitas (PL) comprou 6 blindados para a PM de São Paulo",Fake
Enquete em rede social vale como pesquisa eleitoral,Fake
"Atividade econômica brasileira cresce 0,6% em fevereiro",True
"Governo Lula cortou salário de grevistas do INSS, coisa que Bolsonaro não teria feito",Fake
Lula não reajustou o piso do magistério público desde 2022 e irá atualizar valores quando a economia melhorar,Fake
Simone Tebet deixa o governo e pede impeachment de Lula,Fake
"Trabalhamos juntos, CBF, FIFA, governo, para que seja um sucesso.",True
Advogado de Adélio Bispo é o mesmo advogado de Lula,Fake
"Só para não cair no esquecimento: esses almoçando juntos são Flávio Bolsonaro, Queiroz e o assassino de Marielle.",Fake
"Vem aí a Ferrovia do Sol, obra do governo federal que cortaria todas as capitais do Nordeste",Fake
Entenda a condenação de Carla Zambelli no Brasil e pedido de extradição na Itália,True
"Gravações mostram que, ao final da apresentação do presidente, boa parte dos presentes o aplaudiu de maneira protocolar.",True
O ministro do STF Alexandre de Moraes proibiu o frei Gilson de fazer lives após declarações machistas sobre o papel da mulher na sociedade,Fake
"Aumento de 7,5% no imposto pago mensalmente pelos microempreendedores individuais é responsabilidade do ministro da Fazenda, Fernando Haddad",Fake
Jair Bolsonaro é a personalidade do ano da revista Time,Fake
Cabos eleitorais de Sarto Pego em Fortaleza (CE) são pegos e máfia das urnas adulteradas é descoberta,Fake
Cármen Lúcia: urna eletrônica acabou com fraudes nas eleições,True
"Senador Randolfe promete comendas a médicos do Amapá pelo que chamou de heróico combate a Covid-19. Detalhes: eles trataram com hidroxcloroquina, ivermectina, vitamina D e mais. Vai condecorar?",Fake
Haddad escreveu livro que defende incesto,Fake
"Ao todo, são quase 14 mil obras paralisadas nesse país.",Fake
Jair Bolsonaro disse em vídeo que se alistaria para o exército de Hitler,Fake
"O Presidente francês publicou uma foto da esposa de Trump nos braços de Jeffrey Epstein e comentou sobre ela: ""Se a minha mulher me bate então a tua mulher te traiu com todos os teus amigos..."".",Fake
Estadão publicou imagem de Nikolas Ferreira ao lado de Daniel Vorcaro,Fake
STF: Moraes vota para que caso Mariana Ferrer tenha repercussão geral,True
"""Filho de António Costa é presidente da Junta de Campo de Ourique. A mulher está na Junta de Benfica. Abençoado seja o 25 de abril""",Fake
Aprovação de Bolsonaro está subindo,Fake
"O deputado federal Lindbergh Farias (PT-RJ) seria o mandante da facada contra Jair Bolsonaro (PL) em 2018, cometida por Adélio Bispo de Oliveira",Fake
O cara travou na hora de falar do rombo do governo Lula,Fake
"Público gritou ""mito"" em show de Nando Reis após protesto do cantor contra o presidente",Fake
Criança fumando maconha após decisão do STF,Fake
Bonner manifesta preocupação com o governo Lula,Fake
Governo Lula quer criar novo imposto para cobrir rombo causado por fraudes do INSS,Fake
Tuíte de Bolsonaro sobre conversa com as Forças Armadas após resultado das eleições,Fake
"A hipótese é considerada “absurda” por especialistas, por não haver meios jurídicos para que isso aconteça.",True
"Donald Trump informou que irá acionar a Interpol para que Moraes e todos os aliados no STF sejam penalizados por violarem a lei Magnitsky. Ninguém está acima da lei. ""Não vou deixar o Brasil virar a Venezuela!""",Fake
Tribunal Penal Internacional pode condenar ministros do STF por causa dos Twitter Files,Fake
"Na Dinamarca, toda pessoa que recebe algum tipo de ajuda social está inabilitada para votar. Desta forma evita-se que a cidadania se transforme em clientelismo político e que votem cativamente. Compartilhe isso se você quiser que seu País consiga o mesmo",Fake
"Chega, de André Ventura, venceu eleição em Portugal",Fake
"Polícia apreendeu carro do ministro da economia de Lula, Fernando Haddad, com cocaína",Fake
Jair Bolsonaro levou uma facada durante a campanha eleitoral de 2018.,True
"Lula não perdeu o passaporte dele, não botou tornozeleira, e deu entrevista de dentro da cadeia",Fake
"Jornalista da Fox News foi abruptamente interrompida ao sugerir que o atentado contra o presidente dos Estados Unidos, Donald Trump, poderia ter sido armado",Fake
Uma imagem do presidente Jair Bolsonaro com a legenda ?Nordeste colhe trigo pela primeira vez. A água vai chegando nas terras secas. E as coisas estão mudando? Adivinhem quem é o culpado??,Fake
Bolsonaro demitiu 13.710 ‘comunistas do PT’ que comandavam universidades,Fake
O Registro Digital do Voto (RDV) é o arquivo no qual os votos dos eleitores são registrados na urna.,True
Ele [Ricardo Nunes] mantinha no ano até o ano passado um secretário de mudanças climáticas que era negacionista do aquecimento global.,True
Vídeo mostra Silas Malafaia em frente a patriotas em Brasília após a eleição,Fake
Ninguém vai parar o mito. Facebook censurou a divulgação de um vídeo favorável a Bolsonaro para atrapalhar a campanha do presidente e ajudar Lula.,Fake
"Publicação usa vídeo de uma entrevista do ministro do Supremo Tribunal Federal (STF) Gilmar Mendes à emissora portuguesa RTP. Nela, o magistrado diz não ter ocorrido tentativa clara de golpe nos ataques em Brasília, em 8 de janeiro de 2023. O objetivo da publicação é questionar as prisões dos envolvidos após as investigações e julgamentos sobre os atos antidemocráticos.",Fake
Geddel Vieira Lima foi inocentado pelo STF de todos os crimes no caso das malas de dinheiro,Fake
Lista mostra votos do PL favoráveis a ‘taxa das blusinhas’,Fake
Obras de pavimentação da rodovia BR-163/PA foram retomadas no governo de Jair Bolsonaro.,Fake
Apoiadores brigam por dinheiro em ato de Lula em Aracaju,Fake
A PGR teve oito meses para construir toda a sua peça acusatória,Fake
Mulher que usou camisa contra Bolsonaro ao ser vacinada morreu de Covid-19,Fake
"Em vídeo, pesquisador muda voto de Boulos para Marçal",Fake
"Respeitando o referendo de 2005, quando optou, nas urnas, pelo direito à legítima defesa",Fake
"Mãe com criança dentro do seu veículo é agredida por terroristas de Esquerda, apoiadores de Lula e Haddad, somente por ter um adesivo de Bolsonaro no seu carro.",Fake
"Flavio Bolsonaro usou camiseta estampada com a frase ""Movimento nordestinos voltem pra casa. O Rio não é lugar para jegue”",Fake
Confisco do passaporte de Bolsonaro foi uma medida inédita tomada pela PF contra ex-presidentes,Fake
No congresso americano todas as urnas foram hackeadas em menos de duas horas,Fake
Lula é expulso de igreja após aparecer bêbado!?,Fake
"As imagens que mostram o ato com Bolsonaro foram feitas em um momento em que havia menos pessoas no local, passando a sensação equivocada de fracasso de público.",True
"No Japão, eleitores apertam 22 e aparece 13",Fake
Eduardo Bolsonaro enaltece Pablo Marçal como escolha política para prefeitura de São Paulo,Fake
Bolsonaro acaba de ser recepcionado por apoiadores no aeroporto de Teresina,Fake
Governo federal envia alimentos vencidos há mais de seis meses para o Rio Grande do Sul.,Fake
Lula presidente cantado no carnaval de Salvador pelo BaianaSystem,Fake
"Conteúdos com alta viralização, incluindo áudios e fotos que circulam pelo WhatsApp e vídeos no Facebook, alegam que o presidente eleito Luiz Inácio Lula da Silva (PT) teria morrido e que essa informação estaria sendo escondida até a diplomação da chapa eleita. As postagens sugerem que seu corpo estaria sendo ocultado no Hospital Sírio-Libanês, em São Paulo, enquanto um sósia cumpre a agenda do petista usando máscaras e tentando esconder o dedo mínimo. Algumas publicações chegam a usar a história para incentivar a população a participar de atos antidemocráticos, que já duram um mês, e sugerir que Lula não tomará posse como presidente da República.",Fake
Boulos diz que governo vai taxar os entregadores,Fake
Ato pró-Bolsonaro cria pressão internacional contra o Brasil,Fake
Lula obriga militares a cavar buracos onde Bolsonaro recebeu mais de 85% dos votos válidos,Fake
Lula ameaça as igrejas e manda recado a padres e pastores,Fake
Governo Lula exonerou 8 mil militares,Fake
Lula foi vaiado em fábrica em Goiana (PE),Fake
Jair Bolsonaro foi expulso do Exército por má conduta,Fake
Lula diz que o povo brasileiro daria a vida por ele em caso de guerra com os EUA,Fake
"IA pode gerar mais fake news nas eleições, alertam especialistas",True
"Já o presidente do Senado, Davi Alcolumbre, lembrou que a aprovação da ANSN pelo Congresso Nacional representou um consenso em torno da necessidade de modernizar a governança do setor.",True
José Dirceu disse que Bolsonaro não será eleito por causa do TSE,Fake
"#URGENTE: Após vazamentos do TWITTER FILES sobre censura nas eleições de 2022 no Brasil, Alexandre de Moraes mandou a PF fazer busca e apreensão na casa do Elon Musk. Foram apreendidos dois foguetes da Space X e um carro da Tesla.",Fake
"""Joe Biden cancelou encontro com Lula da Silva porque o recém eleito presidente brasileiro não vai tomar posse.""",Fake
Ibrahim Traoré fez discurso ameaçando e criticando Lula,Fake
Dino liberou furtos e delitos de trânsito,Fake
"Foto mostra mansão do pai de Guilherme Boulos na Vila Mariana, em São Paulo.",Fake
Presidente Lula garante às famílias dos mortos do morro do Alemão e Penha uma indemnização e pensão vitalícia para compensar o dano causado pela polícia.,Fake
Ministro Fernando Haddad mandando ao vivo no G1 o som A Novinha Senta Apampa,Fake
"SÓ PRA LEMBRAR: ‘Não corro o risco de ter uma nora negra porque meus filhos foram bem educados’ (Bolsonaro, Jair)",Fake
"Lula pede mobilização contra ""indústria de contar mentiras""",True
"Vergonha internacional! Lula tenta tocar Giorgia Meloni, Primeira Ministra da Itália, mas ela tira suas mãos.",Fake
"STF barrou, a pedido de partidos políticos, o atendimento a pacientes com Covid-19 em hospitais militares.",Fake
Drauzio Varella considerou a covid-19 uma gripezinha e estimulou mesários voluntários nas eleições de 2020,Fake
"""Assume o Governo do Brasil as forças armadas e Junta Militar até o dia 31 de dezembro de 2023.""",Fake
Foto mostra Exército trabalhando em obra de transposição do Rio São Francisco durante governo Bolsonaro,Fake
"""Quem tem dinheiro no banco, na poupança, na previdência privada, nos investimentos, nos imóveis, nas empresas, nos negócios e nas aplicações em geral é melhor ficar de olho. Isso tudo está no estatuto do PT. Lula vai tomar o seu dinheiro para bancar o projeto de poder dele pela América Latina.""",Fake
Manifestantes protestam contra o Congresso Nacional e o presidente da Câmara Hugo Motta,Fake
Lula disse que vai censurar padres e pastores se for eleito presidente,Fake
"Urnas sendo ""preparadas"" em sindicato em Itapeva",Fake
Donald Trump elogiou urnas eletrônicas brasileiras,Fake
Médicos serão obrigados a realizar atendimentos em serviço do governo a partir de janeiro,Fake
"João Pessoa, por exemplo, na Paraíba, reduziu o ISS, que é o principal imposto municipal, a 3%. Muito mais baixo que o de São Paulo.",Fake
Decreto de Lula diz que policiais só podem atirar se alvejados,Fake
Tribunal Federal discute com o STF. Juiz perde a paciência com o mecanismo do sistema corrupto! Injustos ou corruptos?,Fake
Sigilo do voto foi aberto e só modelos UE 2020 de urnas são auditáveis,Fake
Não é verdade que o TSE tenha mandado abrir o código-fonte das urnas eletrônicas por causa das eleições do Conselho Tutelar.,True
"""A deputada democrata Alexandria Ocasio-Cortez fingiu ser algemada por policiais nesta terça (19), depois de ser detida em um protesto a favor do direito ao aborto (...).""",Fake
É #FAKE vídeo de Pelé fazendo 'profecia' sobre hexa para o Brasil e taça erguida por jogador do Santos; áudio foi criado com IA,True
Desenvolvedor de sistemas identificado apresenta um programa de computador que simular fraudes nas urnas e por criar o código-fonte no Brasil.,Fake
Lula diz que pobres só são úteis durante as eleições e que não é preciso cuidar deles,Fake
Repórter da CNN Brasil revela que só existem narrativas faraônicas contra Jair Bolsonaro (PL),Fake
TSE proíbe comemoração pelo Dia do Médico,Fake
Ulysses Guimarães critica Bolsonaro em 1988,Fake
Homem ao lado de Moraes é o mesmo que sentou em sua cadeira em 8/01/2023,Fake
Cada cruz representa um fazendeiro branco assassinado na África do Sul,Fake
Lula não pode alterar a tabela do IR para 2023 porque uma lei para isso teria que ter sido aprovada em 2022 (princípio da anualidade),Fake
"Governos anteriores gastaram milhões em bloqueadores de sinal de celular [em presídios], e não resolveram o problema. Aí vem Sergio Moro e simplesmente tira as tomadas, problema resolvido.",Fake
"O *GENERAL ALI ABDULLAH AYYOUB* que era *MINISTRO DA DEFESA DO EXÉRCITO SÍRIO,* do deposto presidente sírio Bashar al-Assad, genocida [...] foi hoje enforcado em público",Fake
Governo pegou empréstimo do Banco dos Brics sem destinação certa,Fake
Trump chama Lula de escândalo ambulante,Fake
"Interessante, o governador do Maranhão, Flávio Dino, pode fazer velório e enterro do pai, que faleceu de Covid-19, sem ter ninguém usando máscaras e nem mantendo distanciamento",Fake
5 - Como faço para acompanhar um processo eleitoral?,True
Bolsonaro assina mandado de injunção e Alexandre de Moraes pode ser preso se não entregar código-fonte,Fake
Ministério da Saúde de Lula afirmou que não houve negligência durante a pandemia,Fake
"Bolsonaro liderou em todas as seções de Maceió, mas perdeu para Lula no final da totalização",Fake
"Governo sanciona lei que torna crime pedalarr em acostamentos de estradas federais. Ciclistas que usam acostamentos das BRs serão detidos, o projeto visa diminuir acidentes das estradas",Fake
Ministro do STF Alexandre de Moraes com boné da USAID,Fake
"Pesquisas apontam que Lula deve vencer ainda no primeiro turno com 72,9%",Fake
Luiz Inácio Lula da Silva (PT) estava bêbado e com uma garrafa plástica com cachaça em um ato político na USP,Fake
Lula foge do palácio aos gritos de volta Bolsonaro,Fake
20-09-2023. Xandão é bandido véio de carreira! Chupa essa nação. Divulguem porque a mídia podre não vai mostrar isto!,Fake
Vídeo mostra o ex-presidente Lula sendo flagrado sem máscara em um bar durante a pandemia,Fake
"Milhões de reais em equipamentos para beneficiar o povo do campo, matar a sede, pavimentar e ajudar as pessoas a ter um futuro melhor e fortalecer a economia Brasileira!!! TUDO comprado e entregue no Governo do Presidente Bolsonaro é agora virando LIXO no Desgoverno do Luladrão!!!!",Fake
Áudios divulgados pelo Fantástico confirmam inocência de Jair Bolsonaro no golpe,Fake
Bolsonaro não registrou nenhum voto em 12 municípios do Amazonas,Fake
Lula é atacado em Bagé,Fake
Uma empresa terceirizada faz a contagem dos votos que ficam na nuvem,Fake
Vídeo do Nikolas Ferreira sobre o PIX foi exibido na Times Square,Fake
Lula sanciona lei que regulamenta função de criador de conteúdo e categoria passa a pagar imposto,Fake
Lista mostra nomes de 25 senadores que votaram contra indicação de Mendonça ao STF,Fake
Lula e Bolsonaro não ganharam votos em Cuba porque lá ninguém pode votar,Fake
Posts nas redes sociais afirmam que o governo do presidente Luiz Inácio Lula da Silva está cobrando dos proprietários rurais uma taxa entre R$ 200 e R$ 300 para o uso de poços artesianos em propriedades privadas no Nordeste.,Fake
"""Numa fase de campanha eleitoral, todos os partidos se mostram muito preocupados com o combate às alterações climáticas, mas Os Verdes não acordaram agora para este problema. Aos anos que a CDU tem vindo a chamar à atenção e a sensibilizar as pessoas, a apresentar propostas concretas.""",Fake
Governo brasileiro gasta mais de R$ 60 milhões para promover um show de Madonna,Fake
"Standup com Sérgio Mallandro no teatro na Gávea, com capacidade para 700 pessoas, ele faz um enquete sobre eleições presidenciais. Perguntou quem votaria no Bolsonaro e foi uma festa de 660 pessoas. Não tem pesquisa melhor que essa.",Fake
A situação clínica do ex-presidente acaba de se agravar e informações de bastidores sugerem uma tentativa de eliminação física por agentes patogénicos colocados na sua cela,Fake
Imagem mostra Trump esmagando Lula na reunião de hoje,Fake
Lula quer implantar o comunismo chinês no Brasil,Fake
Vídeo mostra multidão de vermelho cantando música de Lula,Fake
Código-fonte das urnas eletrônicas não é auditável,Fake
Ministra Cármen Lúcia chora e admite apoiar anistia que tramita no Congresso,Fake
"No Twitter, Moro justificou criminalidade dizendo que ser humano veio do macaco",Fake
Exército foi aclamado nas ruas de Niterói na noite depois do resultado das eleições,True
Momento constrangedor com uma notificação da Porn Hub a entrar durante um direto da CNN com uma atualização dos resultados eleitorais.,Fake
Em 1988 Renato Russo já dava alerta sobre Bolsonaro,Fake
TRE-RJ homologa recontagem dos votos da eleição de 2022,True
"Preta Gil está com coronavírus. Arrastou 320 mil pessoas em um bloco no Rio, todo mundo suando, se esbarrando. Silêncio total. Bolsonaro tirou três fotos, virou perigo à humanidade e foi massacrado.",Fake
Haddad afirma que são os últimos dias para resgatar valores esquecidos no Banco Central e indica link.,Fake
"Eu estou vendo aqui que a AstraZeneca e a Pfizer estão lançando um comprimidinho para você, uma vez contraído o vírus, para você tomar esse comprimidinho. O outro, aquele outro, da ivermectina, para piolho, não vale não, tá? Esse aqui vale. Ou melhor, vai valer. (...) Agora, o da AstraZeneca, esse novo remédio da Astrazeneca (...). Esse remédio combate também? Não vai estar na bula, tá? Mas já sabemos que combate também piolho, ascaridíase, escabiose, elefantíase? Ou seja, combate a mesma coisa que esse nosso, brasileiro, aqui, que é usado para combater piolho",Fake
"A FUNCIONARIA FANTASMA DO GOVERNO. Anieyl Gusmão Paiva filha do ex assessor de ministro do Governo Dilma Luiz Paiva, é funcionária COMISSIONADA no Governo Federal, ganhando 37 mil de salários mais 28 mil de auxílios. O que ninguém explica é que Anieyl mora na Irlanda já faz 5 anos.",Fake
Vídeo mostra manifestação a favor de Bolsonaro em outubro de 2023,Fake
Vídeo da manifestação pró Bolsonaro na Paulista em 1º de março de 2026,Fake
É o fim da uma hora de almoço com nova lei trabalhista que entrou em vigor.,Fake
O que vos diz esta imagem da nova presidente do México?,Fake
Quando que a recessão começa? Depois da reeleição [de Dilma Rousseff].,Fake
"Enquetes só mostram a opinião de grupos específicos, e não podem ser usadas para tirar conclusões sobre a população em geral.",True
Portaria publicada no DOU no dia 2 de janeiro determina general Heleno como presidente do Brasil,Fake
Pesquisa do Ibapesq mostra Bolsonaro com 65% das intenções de voto em 2022,Fake
Governo Lula registrou o segundo maior número de mortes por Covid-19 em 24h,Fake
"Pepe Mujica, ex-presidente do Uruguai, posta no X ""Viva Lula, Viva Brasil""",Fake
Lula é vaiado no Mercado Municipal de Porto Alegre,Fake
Brasil está na última posição do ranking do Pisa.,Fake
PGR se manifestou recentemente contra pedido de prisão de Bolsonaro,Fake
Quadrilha que fez desvios no INSS foi criada em 2019,Fake
Moraes solicitou a PGR pedido de prisão contra Bolsonaro,Fake
"Governo fixa subvenção à gasolina em R$ 0,44 por litro",True
Lula tem projeto de moradia social para que casas com mais de 60 m² abriguem pessoas sem-teto,Fake
Teve muito mais gente sem luz em São Paulo. Do que no furacão na Flórida.,Fake
Suposta fraude em pesquisa eleitoral por telefone. Não se pode escolher a opção referente ao presidente Jair Bolsonaro.,Fake
Lula acabou com a pensão por morte paga para pessoas com deficiências ou invalidez,Fake
Eleição municipal de São Paulo foi vendida para a esquerda,Fake
Cantor Maurílio teve parada cardíaca por causa da vacina contra a covid-19,Fake
Votos de quem justifica estão em banco de dados diferentes e podem ser computados para a esquerda,Fake
Ministra Damares Alves descobriu caso de pedofilia no STF.,Fake
"Em áudio, Lula parabeniza Moraes pela prisão de Bolsonaro",Fake
"A nova diretoria é composta por Alessandro Facure Neves de Salles Soares, diretor‑Presidente da ANSN; Lorena Pozzo, diretora de Instalações Radioativas e Controle; e Ailton Fernando Dias, diretor de Instalações Nucleares e Salvaguardas.",True
Decreto inclui Ligue 180 no Pacto Nacional Brasil contra o Feminicídio,True
"O Congresso, quando criou o orçamento secreto, era a mesma quantidade de dinheiro que o governo tinha para fazer investimento.",Fake
A primeira edição de Dendeleão em português é de 95. Sérgio Moro tinha 23 anos. A história mais linda de superação desse país,Fake
Bolsonaro foi aplaudido ao chegar ao plenário do STF para o seu julgamento,Fake
"Contingências de votação Esses procedimentos utilizam urnas e flash cards previamente preparados para esse fim e, em último caso, cédulas de votação em papel.",True
Michelle posa com imagem de Jair Bolsonaro na posse de Trump,Fake
Lula vai criar banheiro unissex para crianças,Fake
Homem que tentou matar Bolsonaro era petista seguidor de Lula.,Fake
"Cristiane Brasil descobre que invasão hacker do TSE pode transferir os votos de quem vai justificar a ausência na votação para ""a esquerda""",Fake
Não há anúncio oficial do governo e nem registro de que a CNN tenha publicado qualquer conteúdo nesse sentido. Declaração de Lula foi tirada de contexto.,True
Deputado do Chega chamou Lula de ‘bandido’ em vídeo recente,Fake
Motociata com o presidente Jair Bolsonaro gera R$ 40 milhões em emprego e renda em São Paulo,Fake
Forças Armadas encurralaram TSE e exigiram perícias em urnas eletrônicas,Fake
Lula anunciou que dará asilo político a Maduro,Fake
Faculdade ironizou ministros do STF em outdoor,Fake
Richarlison dedicou gols contra a Sérvia a Bolsonaro,Fake
Jean Wyllys é o futuro ministro da Educação do governo [Fernando] Haddad do PT,Fake
URGENTE: Moraes dá 24h para Guilherme Boulos apresentar exame toxicológico,Fake
Vídeo mostra Lula sendo vaiado durante evento em Paulista (PE),Fake
"Gasolina está cara? Ontem o Presidente da Petrobras foi na Jovem Pan: ""Estamos terminando de pagar a ação indenizatória que o povo americano entrou na justiça pelos roubos da era Lula e Dilma na Petrobras e fez a empresa quase falir"". Estamos pagando a indenização no valor de 880 bilhões.",Fake
Malafaia vira réu no STF por falas contra generais do Exército,True
STF mandou suspender operação na Maré,Fake
"Na entrevista em que menciona esse valor, Lula se referia a Bolsonaro e não a si mesmo. A campanha de Bolsonaro gastou R$ 89 milhões e a de Lula R$ 131 milhões.",True
"Papa emérito Bento XVI disse que um católico será considerado culpado por cooperar com o mal, e não poderá receber a comunhão, se votar em um candidato político por ele ser a favor da eutanásia e ou do aborto",Fake
POLÍCIA FEDERAL E FORÇA TAREFA CONFISCAM TRÊS FAZENDAS NO PARAGUAI DO LÍDER DO MST E BRAÇO DIREITO DE LULA,Fake
Arquibancada na Sapucaí canta Lula Ladrão seu lugar é na prisão,Fake
bolsonaro esta preso,True
Lula vetou perdão de Bolsonaro às dívidas do Fies,Fake
Papa Francisco envia bênção apostólica ao Presidente Jair Bolsonaro,Fake
Governo Lula enviou mais alimentos para Cuba que para afetados pelas enchentes no RS,Fake
"Sistema eleitoral brasileiro é uma farsa, diz deputado em vídeo removido",Fake
Pablo Marçal levou um soco no debate do Flow,Fake
Vídeo mostra trem que liga o Pará ao Maranhão inaugurado por Bolsonaro,Fake
"“Ele foge do debate porque ele fede”, disse Haddad",Fake
"Leonardo Barchini será o novo ministro da Educação, anuncia Lula",True
Lula foi vaiado no jogo do Vasco da Gama em 27 de fevereiro de 2023,Fake
Lula chega de jatinho fretado a Brasília e foge da imprensa,Fake
"A MAIS NOVA MARAJÁ DO SENADO. Lurian Lula da Silva, a filha mais velha do ex-presidiário Lula, foi nomeada como Assessora de Imprensa, salário de R$ 37 mil ajuda de custos R$ 21 mil total de R$ 58 mil, incluso carro com motorista, plano de saúde ilimitado e apartamento funcional. A nomeação partiu do Senador Rogério Carvalho e foi publicada no diário oficial do senado. Pra quem não conhece,está é a filha do descondenado, pois é R$ 18,00 de aumento do salário mínimo, R$ 58.000,00 de salário como assessora. A farra com dinheiro pública já começou",Fake
Presidente do Rioprevidência é exonerado pelo governador em exercício,True
Flávio Dino participa de aglomeração e não usa máscara,Fake
Antônia Fontenelle cobra presidente Jair Bolsonaro sobre dívidas de campanha,Fake
Demonstração mostra possíveis fraudes em urnas eletrônicas,Fake
William Bonner gravou propaganda eleitoral para vereadores,Fake
STF pede novo parecer da PGR sobre caso das joias sauditas,True
Eduardo Bolsonaro e Paulo Figueiredo Filho posaram para foto ao lado de Trump,Fake
Jogador Mohamed Salah declarou ter dedicado três gols ao presidente Jair Bolsonaro,Fake
"Vídeo que mostra visita de Lula ao Vietnã foi espelhado. A imagem mostra a mão direita do presidente, com cinco dedos. É na mão esquerda que ele possui quatro dedos.",True
"Não autorizei, jamais autorizaria algo dessa natureza [aumentar a lotação dos ônibus], são normas técnicas que o metrô e ônibus tem que seguir, não uma determinação do prefeito.",Fake
Facebook admite que cometeu erro ao censurar hidroxicloroquina,Fake
"Vídeo com trecho de diálogo entre os ministros do Tribunal Superior Eleitoral Alexandre de Moraes e Raul Araújo Filho, durante um julgamento na Corte. O conteúdo traz uma frase em que Moraes cita entender “que houve fraude”. Neste momento, uma locução sobrepõe a fala de Moraes: “ele assume que teve fraude”. O vídeo contém ainda as seguintes frases: “Olha aí a casa ‘caído’. Julgamento no caso das eleições”, dando a entender que Alexandre de Moraes estivesse fazendo alusão a uma suposta fraude nas urnas eletrônicas.",Fake
Servidor exonerado do TSE alega fraude nas eleições de 2022,Fake
Lula defende parceria com a China para produção de vacina,True
Alexandre de Moraes foi indicado ao STF pelo PT,Fake
O povo de Burkina Faso está atualmente a construir uma enorme estátua do seu presidente Ibrahim Traoré para celebrar os seus esforços na reforma do país.,Fake
Esse é o assassino da Marielle! Que linda camisa! Isso a mídia nojenta não mostra. Imagine se fosse uma camiseta do Bolsonaro!!! Estaria em todos os jornais.,Fake
"Para encontrar o endereço do cartório eleitoral mais perto de você, acesse https://www.tse.jus.br/institucional/justica-eleitoral/tres/zonas-eleitorais-cartorios .",True
"Em discurso no dia 22 de março, Trump diz que reconhece Lula como presidente e que não conhece Bolsonaro",Fake
"Sob a sua gestão, aumentou o número de mortes de policiais.",Fake
"Eles cozinham o índio, é a cultura deles",Fake
"Tentativa de fraude em Campo Grande, urna eletrônica sendo transportada em uber.",Fake
"Falas estavam inseridas em contexto mais amplo sobre um duelo de narrativas. Segundo ele, seus adversários políticos espalharam uma narrativa mentirosa sobre a Petrobras, associando os petistas à corrupção.",True
"Esta foto mostra o presidente da Câmara, Rodrigo Maia, abraçando o presidente da China, Xi Jinping",Fake
Trump diz que Bolsonaro é seu amigo e que irá buscá-lo no Brasil,Fake
Elon Musk descobriu movimentação ilegal de US$ 8 milhões em nome de Alexandre de Moraes nos EUA após vasculhar dados da Receita Federal americana,Fake
Vídeo forja imagens e elementos visuais da Globo e da CNN para dar aparência de notícia ao conteúdo inventado; voz foi manipulada com inteligência artificial.,True
"Governo Lula vai acabar com a isenção de imposto e taxará quem tem Câncer, HIV e Tuberculose",Fake
urnas eletrônicas não são auditáveis,Fake
Michael Jordan declarou voto em Donald Trump,Fake
Vídeo mostra Lula recebendo refugiados muçulmanos no Brasil; cada um deles ganhará R$ 7.000 mensais por seis meses,Fake
[Conclusão do inquérito do PSDB:] as urnas são inauditáveis. Não sou eu que disse isso.,Fake
Repórter mostrou o vídeo de manifestação de Nikolas para Trump,Fake
Neta de Joe Biden disse que o presidente dos EUA morreu e foi substituído,Fake
Passos Coelho foi o único deputado em 46 anos a abdicar da subvenção vitalícia,Fake
Texto escrito por Moro há mais de 17 anos em seu blog pessoal.,Fake
Lula comprou novo avião por 400 milhões,Fake
Javier Milei afirmou que seu governo não tem responsabilidade sobre empréstimo concedido pelo Brasil a gestão de Alberto Fernández,Fake
"Se votar só em Presidente, e votar em branco nos outros, o voto é tido como voto parcial. Logo, seu voto é anulado. Só computa voto válido quando o voto é completo",Fake
TSE descarta 195 mil urnas após denúncia de golpe por Mike Benz,Fake
"Veio uma megaoperação agora, que tem o nome em latim, eu acho, e falou: para tudo. E aí a mulher que é responsável pela operação deu uma declaração para a imprensa dizendo: ‘A Prefeitura de São Paulo não vai participar da operação, porque a Prefeitura de São Paulo está sendo conivente. A Prefeitura de São Paulo sabia e não fez nada’. Aí tem uma operação na Cracolândia, que envolve órgãos federais, estaduais e municipais e que não quis envolver a prefeitura porque entende que a prefeitura está sendo omissa por alguma razão.",Fake
Presidente Trump em seu discurso chama Lula de corrupto,Fake
As urnas eletrônicas não tem o certificado de qualidade do INMETRO,Fake
Pablo Marçal será o candidato de Bolsonaro para a Prefeitura de SP,Fake
"Estão dizendo que está havendo um aumento de carga tributária. Não. Não está havendo aumento de carga tributária. Ninguém criou imposto, ninguém aumentou a alíquota.",Fake
Brasil tem menor número de homicídios e latrocínios em dez anos,True
Lula aparece como um dos maiores ladroes do mundo em Truque de Mestre 2,Fake
Nikolas Ferreira publicou mensagem dizendo que a oposição faria o dólar chegar a R$ 7,Fake
MP Eleitoral recorre ao TSE para explicar decisão que condenou Castro,True
Lula liga para ministro para parabenizar sobre a prisão de Bolsonaro,Fake
"O presidente Jair Bolsonaro foi expulso do jogo entre Flamengo e Atlhetico-PR, partida da Supercopa do Brasil no Mané Garrincha, em Brasília, neste domingo (16). Aos gritos de “Fora Bolsonaro!”, o presidente precisou ser escoltado por seguranças para fora do estádio. O ex-capitão estava acompanhado dos ministros Sergio Moro, Augusto Heleno, Damares Alves e Tarcísio de Freitas.",Fake
Foto mostra Bolsonaro segurando cartaz com dizeres '390 mil CPFs cancelados',Fake
General Heleno revela plano para assassinar Tarcísio de Freitas.,Fake
"Em vídeo publicado no Facebook, deputado federal de Minas Gerais ignora que mais da metade da quantia citada por ele foi encaminhada a administrações municipais e, portanto, não é de competência do governador paulista.",True
Fotos mostram manifestantes queimando bandeiras e patrimônio público em manifestações contrárias ao governo Bolsonaro,Fake
Bolsonaro foi aplaudido na chegada ao próprio julgamento,Fake
Lula inaugurou a obra da Ferrovia Norte-Sul já inaugurada por Tarcísío de Freitas,Fake
Vídeo de apoiador do presidente Jair Bolsonaro foi gravado em frente a um trecho da transposição do São Francisco em Cabrobó (PE) e dá a entender que a obra foi finalizada pelo atual presidente,Fake
"Patrimônio de Wagner Moura pulou de R$ 26 milhões de dólares para R$ 40 milhões no governo Lula""",Fake
Governo Bolsonaro gastou apenas R$ 150 milhões em publicidade em 2019,Fake
"""Lula ladrão, seu lugar é na prisão”: público reage a homenagem na sapucaí""",Fake
Post do deputado federal Kim Kataguiri (União Brasil-SP) contendo vídeo de pessoas atravessando um rio e a frase “Fuga da Venezuela! Milhares de venezuelanos seguem deixando seu lar em busca de uma vida decente no Brasil e na Colômbia”.,Fake
Uniões homoafetivas completam 15 anos de reconhecimento pelo STF,True
"“Falamos de futebol, do Mundial Feminino Brasil 2027.",True
"Interessante, o governador do maranhão, Flávio Dino, pode fazer velório e enterro do pai que faleceu de Covid-19 sem ter ninguém usando máscara nem mantendo o distanciamento seguro.",Fake
"PREFEITO DE CANOAS (PT), editou DECRETO DE APROPRIAÇÃO DE DONATIVOS e ESTÁ REEMBALANDO COM selo DO GOVERNO FEDERAL",Fake
Supremo Tribunal Federal (STF) considerou o voto impresso inconstitucional,Fake
Elon Musk fez o M de Marçal,Fake
"Governo Lula cria o ""Bolsa alcoólatra""",Fake
Vídeo mostra motociata em apoio a Bolsonaro que entrou para o Guinness Book como 'maior motociata do planeta',Fake
"Vídeo mostra reabertura da transposição, que havia sido fechada pelo governo Lula",Fake
Lula debocha de endividados e diz que é bom que o povo possa se endividar,Fake
Equipe de Bolsonaro encontra 700 carretas pagas com dinheiro do BNDES e abandonadas por Eike Batista,Fake
Voto será anulado quando só se escolhe presidente na urna,Fake
"Publicação do deputado federal eleito Cabo Gilberto Silva (PL-PB) afirma que a “imprensa internacional aponta censura e começo de ditadura no Brasil por parte do STF e TSE”. Outra postagem publicada pelo político na sequência diz que Alexandre de Moraes, ministro do Supremo Tribunal Federal (STF) e presidente do Tribunal Superior Eleitoral (TSE), teria afirmado que prenderia pessoas que reclamassem do sistema eleitoral.",Fake
Lula reconheceu que Bolsonaro quem terminou transposição do São Franscisco,Fake
Ministro Alexandre de Moraes está preocupado com a qualidade das drogas no Brasil,Fake
Vídeo mostra incêndio criminoso para impedir voto contra Lula,Fake
Obras feitas pelo Exército na BR-163 seriam do governo Bolsonaro,Fake
Vídeo mostra obra do governo Bolsonaro em ferrovia que liga Mato Grosso ao Maranhão,Fake
"Após subir impostos nos últimos anos, governo estima nível recorde para a arrecadação em 2026",True
"Após fala de Dino, já pode roubar à vontade",Fake
Bonner responde a Haddad que Bolsonaro não é investigado,Fake
Flavio Bolsonaro diz que vitória será no 1º turno,Fake
MPF confirma que não houve corrupção e genocídio no governo Bolsonaro,Fake
"""Os novos títulos de eleitor têm um código QR Code que já vem com Lula13. Esse código, quando aberto, já declara o voto em Lula/13.""",Fake
Michele Bolsonaro disse que Lula não irá assumir como presidente.,Fake
Lula não devolveu 11 contêineres lotados de objetos à União,Fake
Imagem do deputado federal Glauber Braga sendo retirado do salão onde acontece as sessões,Fake
Protesto de nordestinos contra Lula,Fake
FAB de Lula fez 111 voos com 1 passageiro,Fake
Pessoas foram votar e candidatos não apareciam na tela. Iam votar no 17 e aparecia nulo ou automaticamente o 13. Quem ia votar no 13 não aparecia 17 ou nulo,Fake
Três brasileiras da flotilha rumo a Gaza são detidas por Israel,True
"Lula disse que, em 2640, ninguém mais vai pagar imposto de renda",Fake
Ex-presidente Lula completamente bêbado!,Fake
Previ gastou R$ 40 bilhões desde o governo Bolsonaro.,Fake
Presidente Lula foi flagrado com mala de dinheiro de Daniel Vorcaro,Fake
Lewandowski disse que Comando Vermelho têm ajudado o governo com informações na busca de criminosos que fugiram de presídio de segurança máxima em Mossoró,Fake
Um eleitor do Pará votou antecipadamente no segundo turno das eleições.,Fake
Governo de Alagoas vai demitir e substituir 1.600 vigilantes por reeducandos do sistema penal.,Fake
"Parece que os novos deputados que assumem no dia 1º de fevereiro perdem a imunidade parlamentar (...). Esse cara [Adélio Bispo] frequentava o gabinete do deputado federal Jean Wyllys lá em Brasília (...).
O Rodrigo Maia escondeu a informação de quem fez a inscrição, quem fez a entrada.",Fake
Marçal gastou zero reais em campanha eleitoral,Fake
PF apreendeu R$ 985 milhões destinados à campanha de Lula,Fake
"O médico é Adibe Jatene, o infectologista mais considerado do Brasil sobre Bolsonaro e Economia",Fake
"IA Grok pediu desculpas ao deputado Osmar Terra, o que prova veracidade das críticas dele às vacinas contra a covid-19",Fake
O homem visto neste vídeo tentou atacar Bolsonaro com uma faca,Fake
"""Dos 230 deputados, 206 dependem da maçonaria""",Fake
Personalidades políticas de direita promovem produtos no TikTok Shop,Fake
"Na situação CANCELADA, a inscrição eleitoral (título) fica indisponível para o exercício do voto e somente habilitada para a transferência ou a revisão nos casos previstos na Resolução- TSE nº 23.659, de 2021.",True
Mike Benz afirmou em entrevista que funcionários do governo americano trabalharam no TSE em 2022,Fake
"Ministro Flávio Dino disse que os ?objetivos? do governo Lula são ?arruinar a economia?, ?aumentar o desemprego? e controlar o Exército.",Fake
"Pilili, mascote da urna eletrônica, faz o L de Lula",Fake
"Aqueles que tentam chegar ao poder de forma a saltar a eleição direta, eles oscilam entre invenções, falácias, porque não há como justificar o atentado que querem cometer contra a democracia. E é isso que nós chamamos de golpe. Alegam, em alguns momentos, que o motivo seria o que nós fizemos no Orçamento Federal. Ocultam que jamais houve nenhum desvio no que eles apontam como sendo o problema. Eles não sustentam, não sustentam qualquer argumento, porque não houve irregularidade.",Fake
"""Ninguém respeita lambe-botas"", diz Lula sobre reunião com Trump",True
Flávio Dino assume caso que ele mesmo é o réu,Fake
"Foto foi tirada de frente pro palco em Padre Miguel no comício que teve do Lula lá; Celsinho da Vila Vintém saiu do presídio essa semana, um dos piores traficantes que já existiu no planeta. Saiu essa semana e já está no palanque com Lula",Fake
Recursos públicos financiaram R$ 92 milhões do show da Lady Gaga,Fake
"""Em Almeirim a urna está aberta. Vergonha. Pulhas. Anule-se esta votação""",Fake
Bolsonaro ficou sem nenhum voto durante uma hora no primeiro turno das Eleiçòes 2022,Fake
Lula morreu e foi substituído por sósia,Fake
Vazou documento sigiloso do STF que mostra que Alexandre de Moraes manipulou provas contra Alexandre de Moraes,Fake
O presidente Lula teve um breve momento com os servidores da Funai que atuam na região do Xingu.,True
Lula e Janja foram citados em delação de Vorcaro,Fake
G1 noticiou que Geraldo Alckmin disse que governo Lula vai taxar o Pix,Fake
"Vacinados contra a covid-19 devem ser isolados e afastados dos não-vacinados sob risco de infectá-los. O Grupo Consultivo Europeu sobre Imunização da Organização Mundial da Saúde, do qual o ex-vice-presidente é o professor Christian Perronne, disse que todos os vacinados devem ser colocados em quarentena durante os meses de inverno.",Fake
Policiais militares encontraram urna eletrônica fraudada no Distrito Federal,Fake
"Em vídeo, Alexandre de Moraes faz ameaças a adversários e diz ‘o que é deles está guardado’",Fake
Caio Coppolla lê carta de traficante a ministro do STF Edson Fachin,Fake
"Enquanto não regularizar a situação com a Justiça Eleitoral, a eleitora ou o eleitor não poderá, conforme o § 1º do art.",True
Adélio Bispo de Oliveira é o nome do petista que tentou matar Jair Bolsonaro hoje em Juiz de Fora. Ele é filiado ao Partido dos Trabalhadores.,Fake
Chefe da inteligência sofreu tentativa de homicídio após descobrir esquema de desvio de verba no Exército comandado por Lula e STF,Fake
Ordem para retirada de material de Bolsonaro das ruas era falsa,True
Lula diz que monitora preço dos combustíveis todos os dias,True
Magno Malta diz em vídeo que PT ofereceu 50 bilhões para TSE tornar inelegíveis todos deputados e senadores do PL,Fake
Peixes morreram na barragem de Oitica porque Lula mandou fechar comportas da transposição do São Francisco,Fake
Homem sendo preso em vídeo é golpista que sentou na cadeira de Alexandre de Moraes.,Fake
Lira responde a 189 processos no STF e há 281 contra Pacheco.,Fake
MPF confirmou que não houve corrupção no governo Bolsonaro durante a pandemia,Fake
Bolsonaro fez banqueiros perderem 40 bilhões por ano com a criação do PIX,Fake
O portal g1 noticiou que Lula disse que nem Deus tira essa eleição dele,Fake
No jornal italiano saiu que o filho do Alexandre de Moraes agrediu Roberto Mantovani. Eu acredito no jornal italiano e não no ditador Xandão,Fake
Também aumentou — mais do que dobrou — as mortes provocadas por policiais em serviço.,Fake
Juros do programa Reforma Casa Brasil são reduzidos,True
Flávio prometeu “auxílio sacolão de ossos” caso seja eleito,Fake
"Em vídeo, Dino diz ser fã de mulher de líder do Comando Vermelho",Fake
Governo Lula quer taxar em R$ 10 por entrega motoboys de aplicativo de delivery,Fake
Luciano Hang declarou voto em Lula (PT) para 2026,Fake
TSE anunciou voto online para as eleições de 2020 e quebra de sigilo do voto,Fake
Vídeo mostra Lula embriagado convidando casais para esquentarem Vale do Anhangabaú,Fake
"São Paulo foi a capital brasileira que mais caiu na alfabetização. Com Bruno Covas a gente tava na posição 2, com ele [Nunes] a gente caiu 19 posições.",Fake
Urnas do modelo mais novo apresentam resultados mais consistentes que as urnas de outros modelos e há divergências entre os arquivos de log entre urnas do mesmo modelo.,Fake
Bolsonaro doou R$ 224 milhões para apoiar golpe na Venezuela.,Fake
"Hoje muitas condenações de crimes, que são crimes violentos, por terem uma pena mínima muito baixa, acabam sendo transformados em punições de prestações de serviços, por exemplo.",Fake
Santinho mostra planos de governo de Lula,Fake
"EMA — Agência europeia de medicamentos afirma que não se tem indicação de imunizar pessoas abaixo de 60 anos, já que trata de uma proteina tóxica (proteina spike) e joga a responsabilidade da vacinação em massa nas políticas adotadas por cada país, que nao foi uma decisão científica.",Fake
"Felizmente também eu gasto muito pouco em campanha (...) Gastei uma soma insignificante, absolutamente declarada na Justiça Eleitoral.",Fake
Apresentador português desrespeitou o presidente Lula ao vivo,Fake
"Por exemplo, resíduo de poda de árvore e resíduo de feira livre que é o orgânico já puro. Você não precisa separar. Aquilo tinha que ir direto pro pátio de compostagem. Sabe o que faz hoje? A prefeitura paga pra uma empresa pegar aquilo e enterrar num aterro.",Fake
No dia 08/08 Haddad e Lula decretaram que o FGTS será taxado em 35% no momento do saque-rescisão,Fake
Deputado do PSOL Paulo Ramos ofereceu dinheiro para professoras gravarem vídeo contra Bolsonaro.,Fake
Manuela D’Ávila disse que abortar é a única saída para não criar “filhos de vagabundo” sozinha.,Fake
"""O meu nome é Brian Mccafrey, sou um democrata registado na cidade de Filadélfia, estou num centro de convenções como observador da contagem de votos. Quero avisar-vos sobre a corrupção que se está aqui a passar. Não nos deixam ficar a menos de 9 metros para supervisionar a contagem""",Fake
TSE retoma julgamento que pode levar à inelegibilidade de Castro,True
Jurista Modesto Carvalhosa gravou áudio para defender golpe de estado no Brasil,Fake
Pablo Marçal declarou voto em Guilherme Boulos no segundo turno,Fake
Bolsonaro copiou slogan que Collor usou na eleição presidencial de 1989,Fake
"Vídeo engana ao apresentar comentários antigos e retirados de contexto do jornalista William Waack, da cantora da banda ABBA Agnetha Fältskog e da ""mentora jurídica"" Rita Rocha. Trechos foram manipulados para sugerir pressão sobre o Brasil por causa da manifestação pró-Bolsonaro ocorrida em 21 de abril de 2024.",True
O e-Título é um aplicativo móvel que permite obter a via digital do título eleitoral.,True
Brasil foi o último país a dar o direito de voto a mulheres,Fake
Biometria para eleição. Muita atenção: o cadastro eleitoral se encerra em 04 de maio de 2022. Quem não tiver cadastrado a biometria até lá não poderá votar,Fake
"Post usa um vídeo de 2018, de um guincho tombado ao socorrer blindado do Exército, para fazer crer que o acidente ocorreu em 10 de agosto de 2021, quando houve desfile de tanques em Brasília.",True
Momento em que a apuração saltou de 3% para 98% em São Paulo comprova fraude,Fake
"Acordo deu território de Roraima para Nicolás Maduro, presidente da Venezuela",Fake
Lula diz que se estão roubando celular no carnaval é só não levar o aparelho para os bloquinhos,Fake
"""O governo da Bélgica quer forçar aulas de educação sexual as crianças a partir d e 3 anos ! não vamos aceitar.""",Fake
Prefeito de Ipanguaçu manda retirar bomba de poço inaugurado por Bolsonaro.,Fake
Alexandre de Moraes bloqueou conta de vaquinha para Pix de Jair Bolsonaro,Fake
Governo Lula proibiu exportações para a Venezuela,Fake
José Dirceu alugou apartamento para hacker que atacou TSE,Fake
Militar responsável pela auditoria das urnas eletrônicas foi morto a caminho do aeroporto,Fake
PSD recorre ao STF para pedir eleições diretas para governo do Rio,True
"Bolsonaro lidera pesquisa da Ipec de 15 de agosto de 2022, como mostra o Jornal Nacional",Fake
Perfil do governo Lula postou que o Bolsa Família é pra sustentar vagabundo,Fake
Não houve juízo de valor na decisão do Tribunal que negou exclusão de postagens de Bolsonaro com a acusação,True
"Esse documento é assinado pelo presidente da mesa receptora, pelo primeiro secretário e pelos fiscais dos partidos políticos e das coligações que o desejarem.",True
Lista de promessas no plano de governo de Luiz Inácio Lula da Silva,Fake
Bolsonaro na verdade ganhou a eleição e tudo foi roubado pelo TSE,Fake
"Jornal Nacional noticiou que pesquisa Ipec mostra Bolsonaro na frente, com 44%",Fake
FBI exige que Aras autorize a prisao e extradição de Moraes,Fake
Departamento de Justiça dos EUA divulgam ao mundo toda a corrupção de Lula e Dilma.,Fake
Bolsonaro pegou 44 milhões dos aposentados e do Banco Master Canal UOL descubriu,Fake
Ministro Luiz Fux afirmou na sessão da última segunda-feira (17) que Jair Bolsonaro será solto nesta terça (18),Fake
Três em cada dez desaparecidos no Brasil são crianças ou adolescentes,True
STF põe fim à propriedade privada,Fake
Entendimento de que apenas o voto no atual presidente da República e candidato à reeleição Jair Bolsonaro (PL) seria capaz de garantir a possibilidade de idosos realizarem prova de vida do INSS.,Fake
Criminosos encapuzados que atearam fogo nos veículos gritavam “Fora Bolsonaro”,Fake
Obra de ponte sobre o rio Araguaia foi paralisada por Lula,Fake
"Lula colocou sob sigilo o valor de R$ 2,5 bilhões pagos em honorários para a Advocacia-Geral da União (AGU)",Fake
Toffoli visitou Lula na prisão; Mendes telefonou ao ex-presidente,Fake
Livro que trata de incesto foi distribuído na gestão Haddad no MEC,Fake
Vídeo mostra Flávio Dino e Brazão em festa,Fake
Alexandre Frota confessa que foi namorado de Bolsonaro por dois anos o artista pornográfico era namorado de Bolsonaro,Fake
"O conteúdo foi feito com ferramentas de inteligência artificial, a partir de uma gravação real de quando Amorim visitou Maduro em março de 2023.",True
Tabata e Boulos não assinaram CPI do Marajó e preferiram deixar crianças sofrerem,Fake
"Vídeo no TikTok enganou ao compartilhar, sem contexto, a notícia de que o TSE havia votado para excluir Lula das eleições. A notícia veiculada é de 2018.",True
Suzane von Richthofen incentiva jovens a regularizar o título de eleitor e declarar voto em Lula,Fake
"Se eles fizessem 10% de tudo que eles fazem pra tentar incriminá-lo, pra tentar descobrir quem foi que atentou contra a vida dele [Bolsonaro], já estava tudo esclarecido",Fake
TSE tem maioria para cassar mandato do governador de Roraima,True
Post no X usa vídeo com fala do ministro Alexandre de Moraes sobre “corroer a democracia por dentro”. O responsável pela publicação compara a declaração do magistrado às de Adolf Hitler e completa a legenda dizendo que o discurso é o que “comunistas das trevas pensam e estão fazendo”.,Fake
Urnas de modelos anteriores a 2020 não podem ser identificadas,Fake
"Judiciário brasileiro é eleito o 2º mais corrupto e injusto do mundo, segundo ranking global",Fake
Estadão Verifica persegue e censura a mando de Alexandre de Moraes e recebe recursos do Supremo Tribunal Federal,Fake
Haddad cancelou aula na USP para comemorar queda das Torres Gêmeas,Fake
FBI descobriu que deputado democrata Joaquin Castro foi mandante do atentado contra Donald Trump,Fake
Haddad estudou apenas dois meses de economia,Fake
Lula pede em áudio providências contra Flávio Bolsonaro,Fake
Câmara e Senado defendem no STF validade da Lei da Dosimetria,True
Governo vai proibir demissão sem justa causa para dificultar acesso a benefícios como FGTS,Fake
Bolsonaro foi o primeiro presidente a ir com ministros e primeira-dama a Marajó (PA),Fake
"Discussão entre Bolsonaro e Michelle no carro: ""Tá querendo me f..., pô?""",Fake
Claudia Sheinbaum manda recado para Donald Trump com ameaça de bloqueio comercial,Fake
"*TÁ DANDO MERDA*

A GLOBO NÃO DIVULGOU, *NAO SAIU NO G1, NO O meu DIA, NA FOLHA DE SAO PAULO* (Estão tentando impedir a divulgação) ISSO FOI HJ PELA MANHA NO STF *O STF JOGOU A POLÍCIA CONTRA O POVO* Mas o povo começou a se concentrar em frente ao STF!!! Querem expulsar os ministros na marra! Uma TV apresentou esse vídeo hj pela manhã. Logo em seguida, o STF e Senado ligaram para a TV intimando sob ameaça que retirassem dos demais telejornais. Inclusive, já foi retirado do YouTube. Repasse *pro bem da NAÇÃO !!!*",Fake
"Paulo Pimenta diz que Lula venceu apenas com 39%, revelando fraude eleitoral",Fake
Bolsonaro não tem direito à saidinha por causa de lei relatado por seu filho Flavio Bolsonaro,Fake
Foto de menina interagindo com homens fantasiados de cães é de Parada LGBT+ em São Paulo de 2023,Fake
Vídeo mostra blindados adquiridos por Tarcísio de Freitas (PL),Fake
Marília Gabriela... pondo pra quebrar!!,Fake
Ministro de Bolsonaro falou que combater PT é mais importante que fome,Fake
Governo brasileiro apreendeu 30 mil cabeças de gado de forma ilegal e enviou de navio para Cuba,Fake
Esse cidadão [presidente] do Banco Central foi eleito por quem? Foi eleito pela Câmara.,Fake
Fui eu que criei os sapadores florestais em 1999. Não existiam. (...) Voltei ao governo 18 anos depois e encontrei 240 equipas com os mesmos equipamentos de há 18 anos. (...) Equipas com viaturas a cair de podre porque nunca mais houve nenhum esforço de investimento nessas equipas.,Fake
"Segundo G1, Suzane von Richthofen declarou voto em Lula",Fake
Lula debochou de pessoas endividadas,Fake
"Cidade de Barreiras, na Bahia, teve mais eleitores do que população",Fake
Lula chama apoiadores de vagabundos e traficantes,Fake
O suposto atentado contra Pablo Marçal,Fake
9 pessoas morreram na UTI de Canoas e Paulo Pimenta sabia,Fake
Agressor de Bolsonaro é assessor da campanha de Dilma ao Senado,Fake
"Em áudio, Alexandre de Moraes pede que Gonet arquive investigação contra o Banco Master.",Fake
"""O PS chumbou o aumento extraordinário de pensões para este ano, depois de o ter prometido em campanha""",Fake
Nunes Marques disse que urnas eletrônicas foram fraudadas,Fake
"""Bolsonaro [foi] preso em 1987 por incitar e planear um atentado contra o próprio Exército, para pressionar o aumento do seu próprio salário.""",Fake
Juíza desafia Moraes e ordena soltura de Jair Bolsonaro,Fake
Vídeo mostra ribeirinhos chegando em Belém do Pará para votar em Lula no segundo turno das eleições 2022,Fake
Vídeo mostra Flávio Bolsonaro no Sambódromo após participar de culto nos EUA em 2025,Fake
Decisão do STF resultou em casos de intoxicação por metanol,Fake
"no Pará, há um século só existia uma universidade. Foi quando o PT chegou no governo, com o governo Lula, e nós tivemos mais três universidades no Pará: Ufopa, Unifesspa e o Instituto Federal",Fake
Funcionária do TSE relata a vulnerabilidade do sistema eleitoral brasileiro,Fake
"Após visita de ""dama do tráfico"" a Dino, juíza liberta homens do CV",Fake
Presidente da Coreia do Sul fez uma oração e entregou presentes para Jair Bolsonaro,Fake
"Durante um comício neste sábado, Lula tentou beijar a boca de uma criança",Fake
"Na fala, Lula está reprovando a atitude de alguns políticos que, segundo ele, só pensam na população que tem pouco recurso em épocas de eleição.",True
Empresa contratada pelo TSE para apuração dos votos tem ligação com o PT,Fake
"Nosso compromisso é oferecer previsibilidade regulatória, fortalecer a credibilidade do Brasil no cenário internacional e, sobretudo, assegurar que o uso da tecnologia nuclear traga benefícios concretos e seguros à população brasileira”, afirmou Facure.",True
Foto mostra manifestantes segurando uma faixa com os dizeres 'Lula é um grande filho da puta',Fake
Motociata com Bolsonaro gerou R$ 40 milhões em emprego e renda em SP,Fake
Em 1988 Raul Seixas se assusta com Bolsonaro,Fake
Governo Bolsonaro gastou menos que governo Dilma com viagens no primeiro ano,Fake
"""Ainda existem brasileiros pais de família e trabalhadores que pensam em votar neste ladrão. Não consigo entender….""",Fake
Elon Musk diz que Lula foi nomeado e não eleito.,Fake
Lula prometeu acabar com o Facebook,Fake
A verdade é que Joe Biden prometeu acabar com o cancro se fosse eleito em 11 de junho de 2019 e foi exactamente isso que fez.,Fake
STF decide que piso nacional deve ser pago a professores temporários,True
Guilherme Boulos selou aliança com assassinos do Hamas,Fake
Vacinas contra a covid-19 não reduziram o número de óbitos pela doença. Imunidade natural dos infectados foi a responsável pela queda.,Fake
"""Se as legislativas fossem hoje. Chega com mais 4,82% e PS com mais 0,13% eram os únicos a subir nas intenções de voto! PSD cai 4,27%, restantes partidos caem cerca de 1,5%.""",Fake
"""Quem se cala diante da dor dos inocentes... um dia clamaraá e não será ouvido TODOS POR ISRAEL Ai daqueles que podem ajudar e não ajudam!""",Fake
Lula foi vaiado em evento para entrega de casas em Abaetetuba (PA),Fake
Trump manda recado em português para o Brasil com críticas ao ministro Alexandre de Moraes e ao STF,Fake
Fila de pessoas em busca de gás no governo Lula,Fake
Jair Bolsonaro declara apoio a Pablo Marçal,Fake
Manuela D'Ávila ligou 18 vezes para Adélio Bispo no dia do atentado contra Bolsonaro,Fake
Cármen Lúcia antecipa eleição para sucessão no TSE,True
Daniela Lima disse que os aeroportos voltariam a ficar lotados com Lula,Fake
Fraude comprovada nas urnas em 2022,Fake
"O governo Lula cancelou o bolsa família de 5,5 milhões de pessoas, o que corresponde a quase 30% de todos os beneficiados",Fake
Lula diz que ouvirá demandas de empresários sobre fim da escala 6x1,True
"Governo vai taxar em 27,5% transações financeiras acima de R$ 5.000",Fake
"Com a lei de Tarcísio, vacinação infantil anticovid não é obrigatória em SP",Fake
Pablo Marçal viaja para reunião com Donald Trump,Fake
OAB impediu sabatina de Gilmar Mendes ao STF e mandou investigá-lo,Fake
"Nos primeiros nove meses de mandato, foram gastos no cartão corporativo:
- Lula gastou 300mil
- Dilma 350mil
- BOZO 8., 2 milhões
Agora eu pergunto: adiantou usar caneta BIC e comer no bandejão?
Isso se chama populismo, e do mais barato!",Fake
"Imagens são de 2016, na Arena Independência, em jogo contra o Colo-Colo e não em 2021, no Mineirão, como desinforma a legenda",True
Lula beija o dono da Choquei que foi preso pela PF,Fake
Governo pediu que jovens se alistem por conta do conflito no Oriente Médio,Fake
Chefes de Poderes assinarão pacto contra o feminicídio no Brasil,True
Barroso disse que há risco de fraude no sistema eleitoral brasileiro,Fake
TSE não cumpre lei para impressão do voto sancionada por Lula,Fake
Vídeo mostra batalhão do exército chamando o STF de 'Supremo Comunista',Fake
"Homem dançando ao lado de Flávio Dino, ministro do Supremo Tribunal Federal (STF), é Domingos Brazão",Fake
Governo Lula quer reduzir um litro de gasolina para 680 ml para baraterar combustível,Fake
Lula decretou o fim dos aplicativos de entrega,Fake
Vídeo mostra momento que eles estão preparando a arquibancada para receber o presidente Bolsonaro,Fake
"O presidente da Ucrânia, Volodimir Zelensky, reconhece nessa entrevista que usa cocaína",Fake
Deputado do PT afirma que governo não tem dinheiro para manter o básico,Fake
"Na cerimônia, o presidente Lula ressaltou a importância do fortalecimento das agências reguladoras como instrumentos do Estado para assegurar qualidade de serviços, proteção da população e estímulo ao desenvolvimento sustentável.",True
"Os primeiros apartamentos do Minha Casa Minha Vida com varanda, elevador e com três dormitórios da faixa um do Minha Casa Minha Vida – que é a popular – foram feitos pelo Movimento Sem Teto em parceria com Minha Casa Minha Vida.",Fake
"Na Índia, Lula defende governança global da IA liderada pela ONU",True
"Todos os Estados brasileiros fizeram quarentena e lockdown,mas alguns tiveram mais morte do que os outros",Fake
"Imprensa dos EUA elogia decisão do ministro Alexandre de Moraes, do STF, em suspender o X no Brasil",Fake
"O presidente da Ucrânia, Volodimir Zelensky, vestindo farda para lutar contra a invasão da Rússia em 2022",Fake
Dinamarca proíbe voto de quem recebe benefícios sociais,Fake
Associado ao MST foi preso por tentar matar Jair Bolsonaro em Não-Me-Toque (RS),Fake
Alexandre Frota denuncia plano de bolsonaristas para atacar igrejas e culpar o PT antes das eleições,Fake
Intervenção do Exército na sala secreta do TSE impediu fraude que daria vitória a Lula no 1º turno,Fake
"""A Igreja não tem apoiado os valores na política. Desde o fim do CDS só o Chega nos representa.""",Fake
Tabata Amaral teria tirado fotos sensuais que foram vazadas,Fake
Capa da Veja chama julgamento de Bolsonaro de 'farsa',Fake
Boletins de Urna com mais votos para Bolsonaro do que para Lula comprovam fraude em Minas Gerais,Fake
Musk criou limusine da Tesla para Trump e convidou Bolsonaro para conhecê-la,Fake
"Governo Lula se recusou a transportar o corpo de Juliana Marins, mas decidiu trazer em avião da FAB ex-primeira-dama do Peru",Fake
"Guilherme Boulos mostra “Celtinha” nas redes sociais, mas usa Toyota Corolla na vida real",Fake
“Presidente da Guine-Bissau a espancar o ministro da Saúde por desvio de fundo para a luta contra a Covid-19.”,Fake
É a partir desse arquivo que o relatório zerésima – relatório que indica que a urna não possui votos registrados – é emitido.,True
"Ninguém pode ser preso no dia da eleição, apenas quem usar celular na cabine de votação",Fake
"MOTOCIATA EM BRASÍLIA AGORA REAJA BRASIL! Ex-assessor de Alexandre de Moraes revela provas que podem mudar tudo e suspender o julgamento do presidente Jair Bolsonaro""",Fake
"Urna de uma seção eleitoral em Cordeiro, na Região Serrana do Rio já tinha 139 votos registrados para Lula",Fake
"Tanto Fachin como o MST negam a alegação. Ainda que tivesse sido advogado do movimento social, isso não seria impeditivo para ele assumir uma cadeira na corte.",True
Ex-ministro Gustavo Bebianno diz que facada foi articulação do próprio Bolsonaro.,Fake
Fux acaba de anular 6 processos de Jair Bolsonaro e transfere causa para TJE,Fake
"Pobres não podem pagar por irresponsabilidade das guerras, diz Lula",True
"Inclusive, quando o Bolsonaro era presidente, ele deixava ter o Bolsa Família com renda alternativa. (…) O Lula ganhou, a primeira coisa que ele fez foi revogar isso.",Fake
Lula foi excluído de foto do G-7,Fake
"Fernando Haddad anuncia Projeto Bolsa Travestis no valor de 1.800,00 reais em 24/01/2023",Fake
"Bomba. Elon Musk divulgou conversas secretas de Alexandre de Moraes do Twitter. Eleição foi uma farsa, números, propaganda, perseguições, tudo combinado",Fake
"Logs apresentaram nomes de eleitores, o que violou sigilo do voto",Fake
"""*Lulinha*, matrix de delinquente, *filho* do ex presidente *Lula*, maior *ladrão* da história do Brasil, saindo do hotel em Dubai, com a sua Ferrari, *banhada a ouro*, adquirida às custas do sacrifício do povo brasileiro""",Fake
Lula assina MP que libera FGTS a entidades filantrópicas,True
Michelle Bolsonaro sendo recebida por nada mais nada menos que Donald Trump,Fake
"A candidata a vereadora de Palmas, Tocantins, Rose Ribeiro estava com 1.111 votos e depois estava computando apenas 58 votos.",Fake
Muita gente dizendo que precisa apertar confirma três vezes para confirmar o voto no presidente da República,Fake
Foto mostra visita de Moraes a cela de Bolsonaro na Papuda,Fake
Grupo Flow teria recebido repasses de R$ 474 mil da Prefeitura de São Paulo,Fake
"STF mandou, e Facebook e Twitter derrubaram perfis de Carlos Bolsonaro",Fake
Papa Leão XIV surpreende o mundo ao citar Nikolas Ferreira em primeiro pronunciamento oficial,Fake
Bolsonaro concluiu ferrovia Norte/Sul,Fake
STF pode acabar com a prisão em segunda instância e beneficiar 169 mil presos!,Fake
"Em carta ao Senado, Flávio Dino diz abandonará o comunismo caso seja confirmado como ministro do STF",Fake
Vídeo mostra Tom Cruise apoiando o presidente Jair Bolsonaro,Fake
Lula doou R$ 25 milhões ao Hamas por meio de um decreto em 2010,Fake
País gasta R$15 bilhões com educação básica em repasses para municípios e estados no Fundeb. A gente gasta a mesma coisa com aposentadoria de professor universitário.,Fake
Ex-ministro do STF Carlos Ayres Britto escreveu carta com críticas a Sergio Moro,Fake
Este vídeo mostra que em 2017 o TSE era a favor do voto impresso,Fake
A Imagem do abraço de Lula e beijo em Suzanne Von Richtofen diz tudo,Fake
"Visita do ex-presidente Bolsonaro ao presidente Lula, que está internado!",Fake
Aposentados que forem às urnas em outubro: o voto servirá de prova de vida junto ao INSS.,Fake
"Vídeo mostra autor de atentado em Brasília, Francisco Wanderley Luiz, ao lado de Jair Bolsonaro e Abílio Brunini",Fake
Vídeos mostram protestos contra Lula nos EUA em fevereiro de 2023,Fake
"O debate todo [do Grupo Flow], a gente foi campeão em alta no Google.",Fake
Vídeo mostra urnas sendo fraudadas em Sindicato filiado à CUT,Fake
Está no site do governo: Lula doou R$ 25 milhões a grupos terroristas,Fake
"Judiciário brasileiro é eleito o segundo mais corrupto e injusto do mundo, segundo ranking global",Fake
"Tropas do exército estão se dirigindo para as casas dos 11 ministros do STF, a ordem é para cortar a grama",Fake
Governo Lula está importando arroz de plástico e papel da China,Fake
"Esposa do médico de Jair Bolsonaro publicou foto em que ex-presidente aparece em pé e sorridente no quarto do hospital DF Star, em Brasília, após receber alta da UTI",Fake
"UMA PONTE QUE QUASE NINGUÉM SABE DA SUA EXISTÊNCIA. PQ A MÍDIA LIXO ESCONDEU TODAS OBRAS DA GESTÃO DE BOLSONARO. UMA DAS GRANDES OBRAS DE ENGENHARIA DO GOVERNO BOLSONARO E TARCÍSIO.* *DIVULGUE, POIS A NOSSA MÍDIA COMUNISTA NÃO O FAZ.",Fake
4 pessoas MORRERAM com o desabamento de 2 Pontes superfaturadas construídas por Bolsonaro e pelo então ministro Tarcísio no Amazonas,Fake
"Depois de ouvir Mark Zuckerberg dizer que publicar a oração do 'Pai Nosso' viola as suas políticas, peço a todos os cristãos que sigam o meu exemplo e publiquem o 'Pai Nosso'.",Fake
Pesquisa Genial/Quaest mostra que Lula tem 86% de reprovação da população,Fake
"Marcelo Odebrecht afirma em depoimento à justiça que governo PT mandou dinheiro para o narcotráfico do Rio, as Farc, sequestradores e traficantes internacionais.",Fake
"Vídeo com imagens da ponte rodoferroviária Rollemberg-Vuolo, em que o narrador detalha informações do projeto. Sobrepostas aos vídeos estão fotos de Jair e Michelle Bolsonaro, dando a entender que o empreendimento foi uma iniciativa do governo do ex-presidente.",Fake
"Vice de Haddad garante: a bandeira LGBT tremulará junto com a brasileira, com a volta do PT",Fake
"Haddad diz que a eleição já acabou, agora pede dinheiro para os eleitores.",Fake
"""Imprensa e fact checkers ainda estarão estudando como desmentir áudio de Lula mandado dar cabo de Palocci""",Fake
"URGENTE: Nikolas fala em renunciar mandato, deixar a política e ir morar nos EUA. Você apoia?",Fake
Senador Randolfe Rodrigues prestou solidariedade ao atirador de Trump.,Fake
"Lula diz, em áudio, que só venceu a eleição porque o povo nordestino é analfabeto",Fake
Segundo informações bolsonaristas começam a se aglomerar em frente a casa do ex presidente Bolsonaro,Fake
Vídeo mostra abraço de Amorim e Maduro,Fake
Alckmin espera diálogo e “boa química” em encontro entre Lula e Trump,True
Sergio Moro é bom pra burro!,Fake
Empresa investigada por roubar 32 milhões dos aposentados do INSS pagava cartão de crédito de Michelle Bolsonaro,Fake
Brasil atinge recorde de feminicídios em 2025: quatro mortes por dia,True
"Lula quer de volta os R$ 6,5 milhões que o governo liberou para família custear remédio contra doença rara.",Fake
"O ex-presidente Lula disse que mostrará a padres e pastores ""qual é o papel deles""",Fake
Governo federal vai usar multa de 40% do FGTS para bancar seguro-desemprego e ajustar contas públicas,Fake
Plano de atentado contra Moraes torna processos do 8/1 nulos,Fake
Bolsonaro levou uma facada durante a campanha eleitoral de 2018.,True
Presidiários comemoram decisão do ministro do STF Edson Fachin depois de ter anulado as condenações de Lula,Fake
"O Estado português está a pagar neste momento mais subvenções vitalícias a ex-politicos do que o número de deputados que existem no Parlamento. Este ano a despesa com estas pensões subiu 15%, o maior custo de sempre. Assim não vamos lá! Temos de acabar com isto!",True
"Lula critica Zema por não usar R$ 3,5 bi em obras de prevenção à chuva",True
Governo mandou 10 mil cabeças de gado para a Venezuela,Fake
Ministro do STF André Mendonça assistiu partida ao lado de Bolsonaro na Vila Belmiro em 2022,Fake
"Bolsonaro: Se autoproclamar presidente é fácil, quero ver governar. Boa noite a todos! Juan Guaidó: Un jefe de estado no ejerce la democracia por el twitter.",Fake
"Impasse entre governo, Senado e setor produtivo deve adiar novamente votação de projeto sobre dívidas rurais",True
Foto de inauguração do Banco Master - 2021. Vorcaro - Careca do INSS - Flávio Bolsonaro,Fake
Alexandre de Moraes retirou toda a segurança pessoal de Bolsonaro,Fake
Investigações americanas apontam que Brasil forneceu urânio para o Irã,Fake
Lula está preparando o fim do Bolsa Família,Fake
Projeção em prédio: BH é Bolsonaro,Fake
"Dom Paulo Garcia, arcebispo católico, foi ameaçado de prisão por Alexandre de Moraes, do STF",Fake
Foi aprovado o impeachment do Xandão (Alexandre de Moraes),Fake
Pesquisa aponta Lula com mais de 40 pontos e vitória no primeiro turno,Fake
Mourão escreveu texto que diz que Bolsonaro é a 'única opção' dos brasileiros.,Fake
"Vídeo afirma que reportagem foi exibida durante o governo do PT, mas a matéria foi ao ar em junho de 2001, durante o segundo mandato de FHC",True
Traficantes ordenaram voto em Lula dentro de seções eleitorais do RJ,Fake
Peritos federais intervêm e provam fraude nas urnas em 2022,Fake
TSE destruiu 200 mil urnas para apagar rastros de fraude e enterrar chances de autoria nas eleições,Fake
Flávio Dino liberou R$ 100 milhões para melhorar a vida de presos no RN,Fake
Frases preconceituosas do presidente Lula,Fake
Pesquisa da CNN mostra Bolsonaro com 31% das intenções de voto nas eleições de 2022 no Brasil,Fake
"Público grita ‘Lula ladrão, seu lugar é na prisão’ na Sapucaí",Fake
Fim da escala 6x1: Lula diz que vai se reunir com Motta e afirma ser contra transição: 'É brincar de fazer redução',True
Foto mostra apoiadores em frente à casa de Bolsonaro após decretação de prisão domiciliar,Fake
"Em 2025, cerca de 18 milhões de família receberam auxílio do governo",True
Fagner apoia Bolsonaro para presidente em 2022,Fake
Cartórios de todo o Brasil fazem mutirão de registro civil esta semana,True
Guilherme Boulos (Psol) e Tabata Amaral (PSB) votaram contra a isenção do imposto de renda para quem recebe até R$5.000.,Fake
"Comitê de 27 pessoas será o responsável pelas decisões tributárias de todos os valores arrecadados no Brasil, substituindo o Congresso",Fake
Presidência da República oficializa indicação de Jorge Messias ao STF,True
TRE-RJ marca para terça recontagem de votos após cassação de Bacellar,True
"A Jornalista (sic ) Vera Magalhães, recebe mensalmente a bagatela de 500 mil reais da TV Cultura para meter o pau em Bolsonaro e chupar as bolas de Dória. MEIO MILHÃO!!!",Fake
São impressas cinco vias obrigatórias do boletim de urna e até 15 vias adicionais.,True
Michelle Bolsonaro recebe repatriados de Israel,Fake
O que meu filho [Carlos Bolsonaro] botou [em redes sociais] foi 'Por que o Rodrigo Maia está nervoso?'. Nada mais além disso,Fake
Quem for diganosticado com covid-19 a partir de 1º de novembro não poderá votar nas eleições municipais,Fake
Vídeo mostra primeiro discurso de André Mendonça como ministro do STF,Fake
STF quer censurar o termo “mãe” por violar o direito de pessoas trans e travestis,Fake
"Âncora revela que Vera Magalhães agiu como militante de propósito, para irritar o Presidente Jair Bolsonaro.",Fake
Lula bate o martelo: CNH gratuita para milhares de brasileiros e também para analfabetos,Fake
Sabatina de Jorge Messias para o STF começa no Senado,True
Live feita pelo presidente da República em 29/04/2021,Fake
STF quer acabar com a aposentadoria para a vida toda e com o PIS/Confins,Fake
Flávio Bolsonaro e Daniel Vorcaro abraçados,Fake
Vídeo de agentes da PRF cantando contra o STF,Fake
Saiba quais ministros deixam os cargos para disputar as eleições,True
"Governo libera R$ 7,3 mil para famílias atingidas por chuvas em MG",True
"“Kolinda Grabar-Kitarovic, a presidente da Croácia: 1 - Vendeu o avião presidencial. 2 - Vendeu os 35 Mercedes Benz que estavam destinados aos ministros e outros funcionários e devolveu o dinheiro aos cofres do estado. 3 - Baixou o seu salário e o dos ministros ao meio. (…)”",Fake
"Esse é o Janino, conhecido como ‘pai das urnas eletrônicas’. Comandou as urnas no TSE por 15 anos. Qdo a PF ficou na cola dele, ele foi exonerado no TSE é virou ASSESSOR do Barroso.",Fake
Paraná Pesquisas mostra que Bolsonaro lidera disputa presidencial em todos os estados,Fake
Urnas chegam em escola no Rio de Janeiro de táxi sem escolta policial,Fake
"""A GRANDE CHANTAGEM Ursula Von Der Leyen, a prepotente Presidente da Comissão Europeia e descendente de simpatizantes do regime totalitário, prepara-se para forçar o CANCELAMENTO do Código de Nuremberga""",Fake
Eu não falei que ele [Datena] é estuprador.,Fake
Bolsonaro construiu secretamente indústrias de vacina e de tecnologia 5G,Fake
"Fotos mostram a primeira-dama, Janja da Silva, grávida ao lado do presidente Lula",Fake
Lula defende sacrificar pobres para conter crise causada pelo PT,Fake
Pré-candidata é presa por trocar relação por voto em Goiânia.,Fake
Lula tem plano de implantar Moradia Social e Poupança Fraterna,Fake
Vídeo mostra apoio de Tom Cruise ao presidente Jair Bolsonaro,Fake
"Bolsonaro não recebeu nenhum voto em urnas antigas, que não passaram por auditoria",Fake
"Flávio Dino (PSB) foi o mentor da tentativa de golpe do dia 8 de janeiro, em Brasília.",Fake
"Ele é entregue no dia da votação, pelo(a) mesário(a) da seção eleitoral em que o eleitor ou eleitora votou.",True
"O governo japonês decidiu se livrar de todos os fornos de microondas do país, antes do final do ano. Todos os cidadãos e organizações, que não cumprirem este requisito, enfrentam penas de prisão de 5 a 15 anos, dependendo da gravidade do crime.",Fake
"O registro do voto garante o seu sigilo : assim como numa urna de lona tradicional, na qual as cédulas de papel ficam embaralhadas impossibilitando a vinculação de cada cédula a um eleitor, no RDV cada voto é gravado numa posição aleatória do arquivo.",True
"""Superior Tribunal Militar diz que Bolsonaro não pode cumprir pena na Papuda. Integrantes da Corte alegam falta de segurança e prerrogativas de ex-presidente. A decisão amplia o impasse entre o STF e os militares e reacende o debate sobre perseguição política""",Fake
Parece que mulher do Bolsonaro já foi condenada por tráfico de drogas,Fake
"Lula nega piso nacional da enfermagem e diz que pode criar o ""Mais Enfermeiras""",Fake
Alexandre de Moraes disse que quem reclamar das urnas será preso,Fake
Especialistas ouvidos pelo Comprova desmentem alegações de um médico em um vídeo publicado por deputado federal no Facebook. Os especialistas reforçam que não existem estudos científicos catalogados de que no futuro as vacinas contra o novo coronavírus possam causar câncer ou alterações genéticas em quem se imunizar.,True
Peritos da PF comprovaram que as urnas eletrônicas são fraudáveis,Fake
"""Este é o Sr. Zelensky o Presidente da Ucrânia! É este homem que as televisões e os jornais enaltecem de todas as maneiras... Um fascista! Um nazista!""",Fake
"""Escolhi meus ministros pelos critérios técnicos""",Fake
"ACHANDO QUE O ALEXANDRE DE MORAES É BOM, SABEMOS QUE NÃO, NEM A POLÍCIA FEDERAL. A VERDADE: QUEM MANDOU LIBERTAR OS PATRIOTAS INOCENTES, FOI O TRIBUNAL INTERNACIONAL, E É A PRIMEIRA VEZ QUE MUITOS DE NÓS ESTAMOS VENDO ESTE PODEROSO ÓRGÃO FUNCIONAR. O LULA, XANDÃO E SEU GOVERNO USURPADOR, ESTÃO ACUSADOS E DENUNCIADOS DE CRIMES CONTRA A HUMANIDADE, CAMPOS DE CONCENTRAÇÃO E DAS MUITAS MORTES, LÁ! ETC. CUMPRINDO A NOSSA PARTE VAMOS DIVULGAR?",Fake
Nova pesquisa data mercado: Lula 18% e Bolsonaro 70%,Fake
"Lula é herói da vida, diz premiê do Japão entre outros elogios",Fake
"Pilili, nova mascote do TSE, ‘fez o L’ em evento",Fake
Putin diz que irá intervir no Brasil caso haja fraude nas eleições,Fake
"Está sendo preparada uma festa em Curitiba, sem precedentes para o final do mês, quando o STF vota as solturas dos condenados em segunda instância. Imediatamente após a votação, haverá o encaminhamento do pedido de liberdade imediata do Sr. Lula, onde está sendo organizada uma marcha de 1 milhão de pessoas, COM REPRESENTANTES OFICIAIS DOS GOVERNOS DA AMÉRICA LATINA E CENTRAL, + DELEGAÇÕES DO CONTINENTE AFRICANO!",Fake
STF autoriza construção de campos de concentração para não vacinados,Fake
Uma tentativa de golpe está em andamento porque o TSE adiou para as eleições seguintes a proibição de voto entre presos provisórios.,Fake
Governo pagará parcela de 13º para beneficiários do Bolsa Família em 2023,Fake
"Não faltaram, nos hospitais, os meios para atender aos pacientes de covid",Fake
Vídeo mostra Lula sendo recebido em Recife aos gritos de ‘ladrão’ em julho de 2022,Fake
Donald Trump ligou para Bolsonaro durante ato pró-anistia em SP,Fake
O Tribunal Superior Eleitoral rejeitou o processo de inelegibilidade de Bolsonaro,Fake
"""O Governo aprova amnistia que abrange traficantes de droga até aos 30 anos.""",Fake
PT mandou o TSE cassar o mandato de todos os deputados do PL,Fake
Sanfoneiro toca “Baile de Favela” em jantar com Moro,Fake
Governo federal pediu ao STF para suspender investigações da fraude no INSS,Fake
Passamos de déficit para superávit [nas empresas estatais].,Fake
"""A audiência da Globo batia 17% antes do horário da entrevista, já entre as 20h05 e 20h45 chegou a 82%, acabou a entrevista e caiu para 16%. A Globo já estava na m**** e Bolsonaro tirou mais 1% da audiência deles""",Fake
Foto mostra militares pavimentando trecho da BR-163 durante governo Bolsonaro,Fake
Bolsonaro arrasta multidão na Avenida Paulista,Fake
Jair Bostanaro inelegível chega ao aeroporto em Recife e é recebido por apoiadores (e vaias),Fake
Pesquisa Ipec de de 5 de outubro de 2022 mostra Jair Bolsonaro à frente de Lula,Fake
"Em áudio vazado, Flávio Dino diz que objetivo do governo Lula é destruir a economia",Fake
Haddad defende fim da estabilidade do servidor público,Fake
Suspeitas contra Castro foram encontradas no celular de Vorcaro,True
"Milhões de votos foram registrados após às 17h, indicando fraude",Fake
Flávio Bolsonaro diz que se for eleito criará uma lei de redução de salário,Fake
Governo Federal está indenizando brasileiros em até R$ 20 mil,Fake
O Brasil é o maior produtor de proteína animal do mundo,Fake
Juíza dos Estados Unidos manda recado a Moraes,Fake
Revista Veja chama de farsa o julgamento de Bolsonaro no STF,Fake
Publicações mentem ao compartilhar imagens manipuladas de uma criadora de conteúdo adulto e associá-las a Tabata Amaral.,True
Elon Musk está distribuindo internet no Brasil quase de graça,Fake
[Ricardo Nunes] teve a coragem de alterar as metas do Bruno Covas para baixo e ainda assim não conseguiu entregar metade.,Fake
Carta de traficante a Edson Fachin: áudio do chefe do tráfico enviado para ministro do STF,Fake
Carreata gigante em Brasília contra o presidente Jair Bolsonaro em janeiro de 2021,Fake
Ficou provado no autoteste do TRE-SP que os teclados das urnas (Diebold) adulteraram os votos que eram digitados.,Fake
Justiça arquiva ação contra Pablo Marçal mas processa Jair Bolsonaro por que ele combate o sistema,Fake
Somos um dos países que mais preserva o meio ambiente e suas florestas,Fake
"AGORA: No Obelisco, milhares de argentinos comemoram a condenação da esquerdista Cristina Kirchner",Fake
Pesquisa do Datafolha mostra que Bolsonaro possui 64% de aprovação,Fake
"""Vinte anos passaram e ela [Catarina Martins] agora usufrui de tudo que criticava no ano 2000. Tem boas casas, empreendimentos, tem um rebanho que vota bloco e faz parte do governo que aplicou a maior carga fiscal de sempre (algo que ela tanto reclamava). Aqui se vê o tamanho da hipocrisia.""",Fake
Lira e Pacheco têm 189 e 281 processos no STF,Fake
"Audiência da Globo chega a 82% com entrevista de Bolsonaro, mas cai para 16%",Fake
Achado petróleo no mato grosso para 80 anos de consumo e pode agora nosso combustível reduzir para 2.70 o litro vamos divulgar valeu Bolsonaro....,Fake
Dinheiro pode ser sacado no site do Consulta Brasil,Fake
Estados Unidos ou Itália pode conceder passaporte para Bolsonaro,Fake
Barroso exerceu atividade político-partidária e deve sofrer impeachment,Fake
PF prende ex-presidente do BRB citado no caso do Banco Master,True
São Paulo caiu 19 posições no ranking das capitais brasileiras em alfabetização durante a gestão de Ricardo Nunes.,Fake
Me diz aí um cara inocente que foi preso na Lava Jato,Fake
Ipec deixou de fazer pesquisa boca de urna após errar resultado,Fake
"O face bloqueou o vídeo que postei, pois diz que não tenho autorização sobre a música do meu presidente Bolsonaro. Mas a ginasta brasileira arrasou na apresentação com a música do meu presidente Bolsonaro. A música do meu presidente Bolsonaro deu um toque especial à performance da nossa brasileira.",Fake
MPF disse que não existe prova de corrupção no governo Bolsonaro,Fake
Senador tirou falas de Drauzio Varella do contexto,Fake
STF e TSE vão cassar todos os políticos cristãos,Fake
Deputados paranaenses foram feitos reféns durante protesto na Alep,Fake
Abuso! Deputado do PT do Rio de Janeiro visita escolas e oferece dinheiro para que as professoras façam um vídeo falso. Veja o que aconteceu,Fake
"Votação manual Na situação em que a adoção da urna de contingência e do flash card de contingência não consiga sanar o problema, não resta outra alternativa a não ser adotar a votação manual por cédulas.",True
"“Nosso problema é outro, o Haddad, este vai ganhar força, vocês não conseguem fazer algo para impedir a candidatura?""",Fake
Guilherme Boulos (PSOL) vai implementar em São Paulo o IPTU para túmulos,Fake
Vídeo que compara pesquisas de 2018 e o resultado das eleições omite levantamentos e induz a acreditar que os institutos erraram nas previsões.,True
Adolescente entrevistado pede prisão de Moraes e emissora derruba sinal,Fake
"Lula recebe muçulmanos e a Operação Acolhida, do governo federal, está pagando R$ 7 mil por mês e dando moradia a refugiados da Palestina e de outros países.",Fake
"""Vamos ver quem é quem"", diz Lula sobre redução da jornada de trabalho",True
Caminhoneiros decretaram greve geral em apoio a Bolsonaro após reunião em São Paulo,Fake
"Com afastamento de Lula, governo pode abrir exceção e nomear Janja para assumir presidência no lugar de Geraldo Alckmin devido sua capacidade de liderança",Fake
Congresso dos EUA intimou Alexandre de Moraes,Fake
Este vídeo mostra o deputado Glauber Braga escondendo dinheiro na cueca,Fake
O presidente argentino Alberto Fernández pediu que as Forças Armadas saíam às ruas para obrigar a população a ficar em casa,Fake
Presidente Bolsonaro NÃO RENOVE A CONCESSÃO da Rede Globo,Fake
"Conselho de Ética da Câmara aprovou cassação de Glauber Braga, mas não votou até hoje processo de Chiquinho Brazão",Fake
Governo vai controlar todos os celulares que estiverem cadastros no aplicativo Celular Seguro,Fake
Manifestação contra as fraudes eleitorais nos Estados Unidos.,Fake
"O presidente Bolsonaro vai agir, e eu olhando na sua câmera, digo: não vai. Não vai. E digo: não se iludam. Vocês serão presos. E não haverá ninguém que os defenda",Fake
"Lula e outros integrantes do PT tiraram foto com o ex-líder do Hamas, Khalid Meshal",Fake
"""A primeira [Joacine Katar Moreira] tem 38 anos e a segunda [Maria Begonha] tem 32, ambas são parlamentares neste triste país""",Fake
"""Vexame! O presidente dos petistas, completamente embriagado, agarra e beija uma mulher na frente de todos inclusive da Canja!""",Fake
Utilização do Recuperador de Dados (RED) Para encerrar votação Esse procedimento é utilizado para encerrar a votação quando por falha operacional (o mesário desligou a urna sem executar a rotina de encerramento da votação).,True
A PM informou que 86 milhões de pessoas foram aos atos de 7 de setembro a favor de Bolsonaro,Fake
"Debora, a mulher que pichou ""Perdeu, mané"" no 8 de janeiro foi condenada a 14 anos de prisão e sua defesa negou acordo",Fake
A MAIOR REVIRAVOLTA DA HISTÓRIA! BOULOS CASSADO MARÇAL ASSUME SEGUNDO TURNO COM RICARDO NUNES MUDOU,Fake
STM dá 72 horas para Alexandre de Moraes explicar fraude eleitoral,Fake
"Lula acena, mas é ignorado por funcionários de aeroporto",Fake
Post insinuava que STF havia atuado de maneira inconstitucional em decisões sobre Jair Bolsonaro,Fake
Eu tive um sintoma igualzinho ao que eu tive da primeira vez que eu fui infectado. O que eu fiz? Tomei aquilo [cloroquina]. E ponto final. E depois fui fazer o exame. Não deu nada.,Fake
"""Presidente Putin sobre a prisão de Bolsonaro: ""O Brasil está lidando da forma deles, na Rússia, golpistas e traidores são executados""""",Fake
Proibido rir [...] Esondeu dólares na cueca e virou presidente de comissão que vai combater a corrupção,Fake
"A justiça brasileira não é lenta. É você que é pobre. O Lula, que é RICO, teve 145 habeas corpus analisados, mobilizando 175 juízes em 44 instâncias [e] pulando na frente de 3.730.138 processos. Enquanto isso você espera 8 anos para a Justiça decidir que o SUS deve lhe dar o remédio que salvará sua vida.",Fake
Nikolas Ferreira é acompanhado de multidão em caminhada contra prisão de Bolsonaro ao lado de André Fernandes e Gustavo Gayer,Fake
"Lula esperava por agenda de Marcola, do PCC, para almoçarem juntos",Fake
Silas Malafaia detona e mostra que já soltou a mão de Flávio Bolsonaro,Fake
Carlos Bolsonaro postou foto segurando uma arma e um vaso de flores minutos após Marielle Franco ser assassinada,Fake
Ratinho diz que governo Lula é melhor do que Bolsonaro e que o petista é o verdadeiro pai dos pobres,Fake
O Brasil foi o último a dar o direito do voto a mulher,Fake
Governo do Rio Grande do Sul está montando barreiras para cobrar IPVA de voluntários civis,Fake
"Ministro do STF Luís Roberto Barroso diz que “eleição não se vence, se toma”.",Fake
"Lula já fala em acabar com o Congresso, mera coincidência com a Venezuela? o Brasil ainda não acordou",Fake
Eleitor sem pendências com a Justiça Eleitoral é impedido de votar em 2022,Fake
Horário das câmeras de segurança mostra que infiltrados vandalizaram o Congresso antes da chegada dos manifestantes bolsonaristas,Fake
Lula está morto e foi substituído por sósia,Fake
Só no Brasil um meliante preso em flagrante com 200 mil dólares na cueca vira deputado. Em qualquer país civilizado estaria puxando 10 anos de cadeia.,Fake
Câmara aprova projeto de lei que põe fim às autoescolas,Fake
"NOVA DECISÃO DO STF TRAFICANTES ESTÃO ISENTOS DA COMPROVAÇÃO DE POSSE E PORTE DE ARMAS PROMESSA DE CAMPANH A AOS CPX CUMPRIDA! Único trabalho (já definido em legislação) que poderá portar arma de qualquer calibre e sem registro? Da série: _SÓ NO BRASIL!_ Traficante tem porte de arma de fogo liberado! Tribunal superior cria jurisprudência no sentido de que, PRESOS POR TRÁFICO, que em momento de sua prisão forem FLAGRADOS PORTANDO ARMAS (não importando o calibre) não responderão por porte e posse ILEGAL de arma, somente responderão pelo crime de tráfico, pois ESTÃO USANDO a ARMA de FOGO na ""ATIVIDADE"" (LEMBRANDO QUE ""ATIVIDADE"" que a decisão se refere é o CRIME DE TRÁFICO DE DROGAS). _CIDADÃO DE BEM não pode ter armas, CRIMINOSO até R15 tá liberado, tá bom pra vocês trabalhadores pagadores de impostos!!????_ ATENÇÃO ADVOGADOS, _ MUDANÇAS DAS ABERRAÇÕES do JUDICIÁRIO BRASILEIRO!",Fake
Prazo para tirar ou regularizar título de eleitor termina nesta quarta,True
"Medida Judicial permite obtenção de cashback via Procon, diz senador Cleitinho",Fake
"""Deputado... €8.700.00 — Para nos lixar a vida.""",Fake
Ceará tem 66 municípios com emergência reconhecida pelo Governo Federal,True
Máquina de votação no Arkansas muda voto de Donald Trump para Kamala Harris,Fake
Lula disse no Twitter que o tráfico de drogas gera riqueza para comunidades,Fake
Guilherme Boulos (Psol) é xingado e hostilizado pela população de São Paulo.,Fake
STF julga validade de lei da igualdade salarial entre homem e mulher,True
"URGENTE. CARLOS BOLSONARO foi EXPULSO de TODAS as redes sociais (Twitter, Face, Instagram) por ordem de GILMAR MENDES após a mobilização da hashtag #ImpeachmentGilmarMendes.",Fake
Lula fez um decreto para retirar de uso os caminhões e ônibus com mais de 20 anos de uso,Fake
Estados Unidos anunciam nova caçada contra Alexandre de Moraes,Fake
Vídeo mostra deputado do PT propondo desarmar policiais,Fake
Governo quer anular parte da eleição para conselhos tutelares pois a direita venceu,Fake
"Presidente da Argentina, Javier Milei, acabou com os 30 dias de férias, aumentou a jornada de trabalho para 12 horas e tirou quase todos os direitos trabalhistas",Fake
Bolsonaro enganou o povo nas eleições prometendo (...) gasolina por menos de 3 reais,Fake
"""Michele Bolsonaro posta 'Não haverá posse. Não haverá governo do ladrão.' Já está dado o recado!""",Fake
"STF vai tirar do ar WhatsApp, Twitter, Facebook e Instagram no 7 de setembro",Fake
Tatá Werneck tenta constranger Michelle Bolsonaro em entrevista,Fake
Lula discursou bêbado em evento na Bahia,Fake
Diploma de Lula tem erros de português e universidade nega emissão do documento,Fake
Anac autoriza cargueira mexicana a operar regularmente no Brasil,True
"Trechos de uma entrevista ao Jornal da Record foram recortados e manipulados. Na entrevista original, ele não faz menção a questões religiosas.",True
"""O PT e o Haddad prega isso para o seu filho. Seu filho de cinco, seis anos de idade vai beber mamadeira na creche com isso aqui, para combater a homofobia.""",Fake
"Se nós pegarmos [os concursos] mais recentes, entram mais mulheres do que homens [na magistratura].

Algumas legislações ficam imutáveis. Na Constituição, há 101 emendas em 20 anos.

Então não há dúvida de que a nossa Constituição, de todas as constituições brasileiras anteriores, e comparada com as constituições europeias, é a que tem o maior número de prerrogativas de foro.",Fake
O que o projeto de lei em tramitação na Câmara propõe é a definição de uma lista de pessoas prioritárias para uma possível campanha de imunização. A possibilidade de adoção de vacinação obrigatória contra covid-19 já está prevista em lei sancionada pelo presidente da República em fevereiro,True
"Quando eu deixei a Presidência, o Brasil era a sexta maior economia do mundo. Agora, quando voltei, o Brasil era o 12º em termos de economia",Fake
Medidas foram tomadas pelo governo Bolsonaro em reação à pandemia do coronavírus,Fake
Governo da Flórida declarou vacina contra a covid-19 como arma biológica,Fake
Alexandre de Moraes deu 48 horas para Lady Gaga se posicionar a respeito de apoio a Bolsonaro,Fake
Bolsonaro é inocentado pelo TSE,Fake
Governo autoriza bloqueio total do Bolsa Família a partir de novembro de 2025,Fake
"A PF disse que não há ""confusão de saques"" envolvendo Michelle Bolsonaro",Fake
Vamos relembrar o exato momento em que o povo de bem do Brasil expulsou esse lixo da presidência,Fake
Passaporte de Lula foi apreendido pela PF em 2022,Fake
"Filho do ex-senador Marcos Freire, ele lutava contra um câncer e estava internado em Brasília",True
Lula e Trump chegam a acordo para fim do tarifaço sobre produtos brasileiros,Fake
TSE demorou 1 minuto e 6 segundos para cassar mandato de Deltan Dallagnol,Fake
Jair Bolsonaro sendo ovacionado em Buenos Aires,Fake
"Números da COVID que exigem uma explicação da OMS: nos primeiros 27 meses de Pandemia, Taiwan chegou a 873 mortes por COVID. Foi quando alcançou 78% da população completamente vacinada. A partir dai, se as vacinas fossem eficazes, deveriam diminuir as internações e mortes, mas aconteceu o contrário. Nos 16 meses seguintes explodiram as mortes por COVID, chegando a 19.005, até 30/09/2023. Foram 21 VEZES MAIS MORTES do que antes da população chegar a 78% de vacinados!! Na Austrália o mesmo aconteceu: quando chegou a 77% da população completamente vacinada, 24 meses depois do início da Pandemia, ela tinha 3.144 mortes por COVID. Nos 22 meses seguintes, saltou para 22.754, sete vezes mais do que antes de chegar a 77% da população vacinada!! O Japão, em fevereiro de 2022 (24 meses após o início da Pandemia) chegou a 81% da população completamente vacinada, tinha, então, 20.701 mortes por COVID. Nos 20 meses seguintes o número de mortes saltou para 74.694, por COVID!! Quase 4 vezes mais do que antes de chegar a 81% de vacinados. Aguardamos as explicações da OMS ou dos nossos “especialistas “ da grande mídia…",Fake
Juíza que atuou ao lado de Moro na Lava-Jato manda recado para Lula (PT),Fake
Débora Santos pode ser condenada a 14 anos de prisão por pichar estátua da Justiça com batom,Fake
EUA mantiveram sanções da Magnitsky contra Alexandre de Moraes,Fake
Apresentador da CNN ri e ironiza pesquisa que aponta Lula à frente de Bolsonaro,Fake
"Câncer no seio não precisa mais fazer cirurgia. Presidente Bolsonaro vai autorizar a importação dessa tecnologia de Israel. Embora chamado de machista, foi o único presidente que se lembrou em primeiro lugar das mulheres… Vamos divulgar!",Fake
"Fizemos toda nossa parte, inclusive somos um exemplo para o mundo no tocante à aquisição de vacinas",Fake
Lula diz quem com 10 reais compra o voto dos baianos.,Fake
"O termo foi celebrado com a Organização para a Libertação da Palestina (OLP), em nome da ANP, não tendo qualquer relação com o Hamas.",True
STF começa a julgar hoje se mantém prisão de ex-presidente do BRB,True
Magno Malta mostra áudio de Flávio Dino ameaçando senadores que votarem contra sua indicação ao STF,Fake
"""Casal encontrou registo de votos na rua que comprova fraude nas eleições do Brasil"".",Fake
Bolsonaro disse que lidou melhor com o desmatamento na Amazônia do que Lula,Fake
General Heleno previu atentado contra Tarcísio de Freitas,Fake
"Vídeo mostra Antônio José Santos Saraiva, homem que ameaçou matar Alexandre de Moraes",Fake
"URGENTE - Governo Lula estuda nova CPMF digital (imposto do PIX) para aumentar receita sem mexer em gastos A proposta pode prever a cobrança de 0,10% e 0,20% sobre transações realizadas com Pix, TED, DOC e carteiras digitais",Fake
Governo envia bombeiros para conter incêndios na Bolívia enquanto a Amazônia queima.,Fake
Aprendendo com Lula como ofender seus próprios eleitores. Jumento andando de moto ou de carro?,Fake
Vídeo mostra o nível de água em Sobradinho subindo após o fechamento da transposição do rio São Francisco no governo Lula,Fake
"Exército fez questionamentos ao TSE sobre a segurança das urnas, mas o órgão não respondeu a esses pedidos.",Fake
Parece que Kamala Harris estava sendo treinada usando fones de ouvido embutidos em seus brincos durante o debate presidencial da ABC contra o presidente Trump,Fake
Parece que o Brasil DESPIOROU com o Presidente @jairmessiasbolsonaro! Com o PT a estrada era desasfaltada e com Bolsonaro ela foi desemlameada!,Fake
"Alexandre de Moraes e outros funcionários do governo ameaçaram processar criminalmente o advogado do Twitter no Brasil se ele não entregasse informações privadas e pessoais, incluindo números de telefone das pessoas e suas mensagens diretas pessoais!",Fake
Palocci afirmou que eleições eram decididas pela cúpula. Urnas foram encomendadas para fraudar eleições! O que o TSE vai dizer agora?,Fake
"Barroso acusa Bolsonaro de ordenar sobrevoo de caças no STF, mas caso é de 2012",Fake
"Como é que vão condenar uma pessoa [Bolsonaro] sem nenhuma prova? Porque eles têm uma única delação de um colaborador [Mauro Cid] que mudou a versão seis, sete vezes em três dias, sob coação",Fake
"""Olhem o que o Presidente da Coreia do Sul fez com o Presidente Bolsonaro. Isso você nunca verá na mídia vendida para o comunismo!!! É por isso que a fúria é grande contra a vida desse homem! Mas Deus é com ele!""",Fake
Bolsonaro foi preso por descobrir microfone em tornozeleira eletrônica,Fake
"Terceiro mandato de Lula bateu recorde de emendas parlamentares pagas, com R$ 30 bilhões em 2023, R$ 37 bilhões em 2024 e previsão de R$ 58 bilhões em 2025",Fake
"Moraes levaria US$ 50 milhões para fraudar eleição, segundo órgão de inteligência Americana",Fake
"Para consultar o local de votação , informe nome completo ou o número de CPF/título eleitoral, a data de nascimento e o nome da mãe.",True
Áudio mostra Moraes ameaçando Hugo Motta e Davi Alcolumbre caso sejam pautados seu impeachment e anistia aos golpistas do 8 de Janeiro.,Fake
Zelensky comprou o banco de investimento francês Milleis,Fake
Abraji/Comprova filtraram informações que deveriam chegar ao público em 2022,Fake
"Postagens reproduz uma imagem de postagem de Lula sobre o resultado da eleição na Argentina com uma suposta resposta de Javier Milei com o texto: Lula ladrón, tu lugar está en la prisión",Fake
"""80 boletins com votos em Trump a serem queimados.""",Fake
Ana Paula Henkel fala sobre vista de Donald Trump a Jair Bolsonaro,Fake
"Tem que esperar esse negócio do ‘confira seu voto’ acabar, demora lá alguns segundos, e aí aparece o aviso ‘aperte a tecla confirma para confirmar seu voto’ (...) Dá impressão que isso é feito pra confundir, pra pessoa perder voto.""",Fake
Cortei 13% de custeio [da cidade de São Paulo].,Fake
"Obra da ponte sobre o Rio das Mortes, na rodovia MT-326, entre Cocalinho e Nova Nazaré, no Mato Grosso, é responsabilidade do governo Bolsonaro.",Fake
Foi Jair Bolsonaro quem acionou agentes da Polícia Penal para avisar que tornozeleira estava sem bateria,Fake
"""Esse Lula está de brincadeira. Faz um L""",Fake
Urnas eletrônicas de Serafina Corrêa (RS) tinham votos computados para Lula,Fake
Governo Lula descumpriu promessa de entregar chaves de conjunto habitacional em Macapá apenas para lotar cerimônia com presença de Lula,Fake
Eleitor que não levar caneta será proibido de votar,Fake
Governo Lula soltou Marcola e outros 174 membros do PCC,Fake
Presidente Lula morreu e foi substituído por sósia,Fake
Trecho em que Daniela Lima lê mensagem de ministro do STF sobre Carla Zambelli foi retirado do ar pela Globo,Fake
Ministro Barroso mentindo no Reino Unido dizendo que o que estava sendo proposto ano passado era o voto em papel com contagem manual,Fake
Multidão na Avenida Paulista comemora a prisão de Bolsonaro,Fake
Pablo Marçal aparece em 1º na pesquisa eleitoral do Instituto Veritá,Fake
Militantes de esquerda manipularam foto para inflar protestos recentes contra Bolsonaro,Fake
Vídeo mostra Lula se negando a descer de ônibus para cumprimentar a população,Fake
"Reflexo de uma política econômica socialista, muitos outros se seguiram, muitos outros seguirão. Só resta lamentar e orar a Deus para que nos livre deste mal que está a governar nosso país.",Fake
Vídeo mostra Bolsonaro orando antes de participar da entrevista no Jornal Nacional,Fake
STF liberou a maconha no Brasil,Fake
"Lula mais uma vez desafia Trump; ""Se ele invadir Cuba, o Brasil estará pronto para ajudar a proteger a soberania do país""",Fake
Vídeo de ciclista mostra trecho da Transposição do São Francisco em que Lula mandou desligar bomba,Fake
Neymar declara apoio a Bolsonaro em vídeo,Fake
Postagem dizia que STF considerou inconstitucional o voto impresso,Fake
Grampo com Alexandre de Moraes mostra como Lula venceu as eleições,Fake
Bolsonaro desobedeceu o STF e cometeu crime ao enviar ajuda ao Amazonas.,Fake
China suspende três frigoríficos brasileiros após irregularidades,True
Repórter mostrou o vídeo do Nikolas,Fake
Arrastão no Carnaval de Olinda associado ao governo Lula,Fake
Lula subiu de penetra na foto dos líderes do G7 e o segurança do rei mandou se afastar e descer do degrau,Fake
Lula vai acabar com trabalho por aplicativo se for eleito presidente,Fake
"Não, não foi na cidade toda. A mais atingida [pelo apagão] foi a zona sul.",True
"Lula disse: 'Não se ganha copa com hospitais, vou construir estádios de futebol'; 'Ainda bem que a ‘natureza’ criou o coronavírus'; 'Um político ladrão é mais digno que um funcionário público'; 'Eu não vou enganar o povo mais uma vez'; e 'Eu não posso ver mais jovem de 14, 15 anos, assaltando e sendo violentado pela polícia só porque roubou um celular'",Fake
Polícia age com truculência em MG a mando do governo federal,Fake
Vídeo mostra Lula fugindo do Palácio após ser vaiado,Fake
Vídeo gravado para a campanha presidencial de 2006 mostra Dona Marisa e Lula falando sobre o sítio de Atibaia,Fake
Bolsonaro acaba com a multa para quem é demitido sem justa causa,Fake
Ministros do STF recebem R$ 90 mil por mês de auxílio-alimentação.,Fake
STF valida voto secreto e eleições indiretas para governo do Rio,True
Lula disse que só ganhou de Bolsonaro porque os nordestinos são analfabetos,Fake
"""A aprovação do voto [pela memória das vítimas do Holocausto] foi saudada com aplausos por quase todos os deputados. Digo quase, porque houve um que se recusou a aplaudir""",True
"Esta foto mostra o ministro Alexandre de Moraes com ""chefões do PCC""",Fake
PL relatado por Flávio Bolsonaro impediu saidinha de Natal de Jair Bolsonaro,Fake
Governadores de 12 estados assinaram carta pedindo ao Senado intervenção federal no STF,Fake
Luiz Henrique de Castro autor da chacina de Suzano [vestindo uma camiseta de Bolsonaro],Fake
"Maduro diz que Moraes, Mendes e Toffoli receberam R$ 38 milhões para blindar investigação contra Foro de São Paulo",Fake
"Lula disse que, se for reeleito, não deixará que ninguém lave dinheiro no Brasil",Fake
Urna eletrônica não permite recontagem de votos,Fake
Alexandre de Moraes trocou 48 urnas em SP para prejudicar Marçal,Fake
"Certidão do TRF-1, para fins eleitorais, aponta a existência de processos com potencial de gerar a inelegibilidade de Lula",Fake
PF conclui que troca de mensagens entre Flávio Bolsonaro e Vorcaro não apresenta indícios de crime,Fake
Lula desviou R$ 716 bilhões do BNDES,Fake
"1.713.566 assinaturas: numa ordem de revogação, senadores poderão perder o mandato e ainda terem que pagar multa a todos brasileiros.",Fake
Os ordenados dos políticos aumentaram 5%.,Fake
Elon Musk denunciou fraude nas eleições de 2022 no Brasil,Fake
Bolsonaro inaugurou trecho de transposição do Rio São Francisco mostrado em foto,Fake
Flordelis vota pela manutenção da prisão de Daniel Silveira.,Fake
Alguma vez em toda a história da humanidade vocês viram uma eleição mais escandalosamente fraudulenta igual a essa dos Estados Unidos?,Fake
Prefeitura Belo Horizonte anula eleição para Conselho Tutelar por irregularidades em urnas eletrônicas do TSE,Fake
Ex-delegado federal Protógenes Queiroz teve que fugir para a Suíça por descobrir fraude nas urnas,Fake
Será que a fica está caindo? Anitta critica Lula,Fake
As barras do gráfico são desproporcionais e números exibidos fazem referência a intervalos de tempo diferentes,True
Governo Lula abandonou a Operação Carro-Pipa.,Fake
"Durante os governos Lula, Dilma e Temer, os aviões que transportavam homens da comitiva presidencial, bem como a tripulação, não tinham a permissão do Itamaraty para serem revistados. O sargento que foi preso na Espanha com 39 kg de cocaína em seu ‘container’ de mão, já havia participado em de 56 voos de preparação do presidente Lula, 52 da ‘PresidentA Dilma’ e 2 do Temer. Só foi preso agora porque sem comunicação prévia, o governo Bolsonaro retirou a inviolabilidade de bagagens diplomáticas nas comitivas presidenciais. Isso a imprensa não informa.",Fake
"""Chegou a ministra sem nunca ter trabalhado, e já tutela a Policia Politica que começou a implementar. Nova PIDE com um lápis Rosa vai decidir o que é discurso de ódio e o que não é, nas redes sociais. 25 de Abril foi-se...""",Fake
Haddad é o criador do kit gay para crianças de seis anos,Fake
Urnas foram apreendidas no Amazonas com maioria de votos para Haddad,Fake
O ministro Alexandre de Moraes autorizou a PRISÃO preventiva do deputado Nikolas Ferreira e de manifestantes ANTES mesmo de qualquer ato acontecer!,Fake
Filha de Barroso que mora e estuda nos EUA será deportada,Fake
Dino diz que operação no RJ foi um dos maiores crimes contra a humanidade e defende desmilitarização das polícias,Fake
"O Presidente de França, Emmanuel Macron, chamou a Putin 'carniceiro' e fez comentários sobre os seus 'crimes de guerra'.",Fake
TSE envia censor aos estúdios do Pânico,Fake
Eleitores com mais de 70 anos precisam fazer a biometria e renovar o título para votar em 2022,Fake
"Manchete utilizada é de junho de 2019, quando o acordo foi anunciado. Negociações para que o acordo entre em vigor estão estagnadas.",True
Rodrigo Maia não nasceu no Brasil e não pode ser o Presidente da Câmara.,Fake
Voto de Fux remete processo de Bolsonaro para a primeira instância,Fake
"Bolsonaro: Não sei porque tanto mi mi mi [sobre a morte de Marielle]… foi apenas mais uma mulher negra que tombou! É a vida, amigo!",Fake
"Toffoli diz que relatório da CPI é ""aventureiro"" e para obter votos",True
Guilherme Boulos pretende adotar um modelo de lockdown para abrigar moradores em situação de rua nas casas das pessoas com quartos vagos.,Fake
"Após Gilmar Mendes dizer que não houve golpe do ex-presidente bolsonarista Jair Bolsonaro no 8 de janeiro, Alexandre de Moraes manda a PF na casa do ministro",Fake
FBI enviou agentes ao Brasil para prender o ministro Alexandre de Moraes,Fake
Presidente do Irã andou de bicicleta para comemorar cessar-fogo com os EUA,Fake
O ministro do STF Alexandre de Moraes pediu o cancelamento do documento de uma estudante que criticou o presidente Lula,Fake
Haddad em isolamento pelo Covid-19 comemora sozinho seu aniversário. Esses tralhas são especialistas em mentir.,Fake
Marçal fez uma apresentação de drones para divulgar sua candidatura à prefeitura de SP,Fake
"""Guerra é do Trump, não é do povo brasileiro"", diz Lula",True
Governo Lula aumentou imposto sobre herança para 40%,Fake
Mulher que mora nos EUA descobriu registro de voto nas eleições de 2022 no Brasil,Fake
"Governo de Jair Bolsonaro conseguiu segurar o preço da gasolina e entregá-la a R$ 4,88 em meio a guerra da Ucrânia, quando o valor do barril do petróleo chegou a custar US$ 141,00.",Fake
Polícia Federal encontrou urnas já com votos registrados,Fake
Bolsonaro em Tianguá-CE é chamado de assassino,Fake
Luís Roberto Barroso recuou por causa dos EUA e reconheceu em discurso recente que dirigentes brasileiros não são bem-vindos em países democráticos e é olhado com desconfiança e desprezo,Fake
Marcelo Rezende chamou Pablo Marçal de maior picareta do Brasil,Fake
Ausência confirmada! Lula não irá à posse de Donald Trump porque não foi convidado,Fake
Lula tem evolução satisfatória após cirurgia de catarata,True
Tabata Amaral posa para fotos sensuais,Fake
André Mendonça fala na cara dos ministros que estão perseguido Bolsonaro,Fake
Boulos declara possuir um Celta mas anda de Toyota blindado,Fake
Foto mostra Lula com o rosto atingido por ovos,Fake
Foto mostra Bolsonaro ao lado do chefe do Hamas,Fake
Governo vai inaugurar mais duas Casas da Mulher Brasileira em março,True
Governo ficha-suja: mais da metade dos ministros [de Bolsonaro] tem problema com a Justiça.,Fake
"Bolsonaro agradou o mercado. Eu vou dizer uma coisa, meu filho. Se o Bolsonaro agrada o mercado, nós do PT temos que desagradar o mercado, porque nós não combinamos.",Fake
"[Eu tinha] um partido pequeno, sete segundos de televisão, sem fundo partidário",Fake
Evolução patrimonial do presidente Jair Bolsonaro (427%) e de seus filhos Flávio (397%) e Eduardo (432%) comparada à elevação de preços da gasolina (116%).,Fake
"Mas, se houver a convocação para revisão de eleitorado com o objetivo de coletar a biometria da população e o eleitor ou a eleitora não comparecer ao procedimento, poderá ter seu título cancelado e, por essa razão, não poderá votar.",True
Delegado que investiga atentado contra Bolsonaro é petista declarado e já trabalhou para Pimentel,Fake
"""O Parlamento, por proposta do PSD e com os votos contra do PS, aprovou uma redução de 50% no preço das portagens a partir de 1 julho. o Governo anuncia a redução como sua mas afinal vamos a ver o desconto e é apenas de 30%.""",Fake
"Os recursos humanos e financeiros, destinados ao fortalecimento dos órgãos ambientais, foram dobrados",Fake
"Com 97,63% das urnas apuradas, Bolsonaro estava com 55,38% dos votos, enquanto Lula tinha somente 35,80%",Fake
The Intercept Brasil pediu desculpas por falta de provas em matéria sobre Flávio Bolsonaro e Daniel Vorcaro,Fake
Operação policial durante o governo Lula no Natal de 2023,Fake
Presidente Lula (PT) foi vaiado e xingado de “ladrão” no Nordeste.,Fake
"Lula: Desenrola Brasil ajudará população a ""tirar corda do pescoço""",True
O próprio TSE disse que em 2018 números podem ter sido alterados,Fake
Bolsonaro não xingou ministros do STF,Fake
Site fornece formulário de inscrição para o programa Auxílio Cesta Básica 2023 do governo federal,Fake
Flávio Bolsonaro disse que irá privatizar o SUS no dia em que tomar posse como presidente da República,Fake
"Vamos esquecer o que o FMI fala, porque quando houve a crise nos Estados Unidos em 2008, o FMI ficou todo o tempo da crise parado sem falar nada nem da Europa, nem dos Estados Unidos",Fake
"No Dia do #OrgulhoLGBT, reafirmo meu compromisso com o respeito à diversidade e com o enfrentamento a toda forma de discriminação e violência. (…) O meu governo sempre teve como prioridade a inclusão e o combate ao preconceito de gênero, raça, sexual ou de classe social.. Veja o levantamento ano a ano, com base nos dados do Siga Brasil.. Veja o total de repasses por ano, segundo o portal da Transparência.",Fake
"Nós criamos o Pé-de-Meia para ajudar as crianças mais pobres, que abandonaram a escola para poder trabalhar e ajudar a mãe.",Fake
Lula e sua família sofreram sanções dos EUA e tiveram investimentos bloqueados,Fake
"‘A Lava Jato é uma árvore podre e deve ser anulada. Todos os julgamentos e condenações’, afirmou o Senador da Rede.",Fake
Alguns estados brasileiros registram greve de transportadores de combustíveis pela alta no preço do diesel no primeiro ano de governo Lula,Fake
"Publicação compara anúncio de Haddad de que pode bloquear até R$ 23 bilhões para cumprir déficit zero com o Plano Collor, de 1990, que confiscou cadernetas de poupança: “Não parece familiar??”.",Fake
Líder indígena brasileiro é anistiado 43 anos após sua morte,True
Mesária mostra fraude na urna ao filmar voto sendo contabilizado duas vezes,Fake
"Projeto de lei em tramitação na Câmara dos Deputados quer obrigar as pessoas a tomarem a vacina contra a covid-19, sob pena de serem detidos por até um ano",Fake
Globo disse que convenção de hackers em Las Vegas comprovou que as urnas eletrônicas brasileiras são hackeáveis,Fake
"Vídeo do projeto “Você Fiscal”, para que o TSE não fraude as urnas nas eleições 2022",Fake
Divulgadas fotos do acidente que matou o presidente do Irã,Fake
"Elon Musk oferece milhões de dólares para que Mark Zuckerberg, dono do WhatsApp e CEO da Meta, recupere as mensagens apagadas de Alexandre de Moraes.",Fake
Parlamentares do PSOL vão ao STF pedir a proibição o uso de cães em Operações,Fake
Michelle Bolsonaro mandando o recado: anistia já aos presos do 08/01 e ao Presidente Jair Bolsonaro!,Fake
Pendrive com informações sobre joias sauditas foi apreendido pela PF com Bolsonaro na última sexta-feira (18),Fake
"Em particular, o voto, em cada cargo, é armazenado numa posição diferente, não permitindo qualquer tipo de associação entre votos, tampouco a associação desses votos com a sequência de comparecimento dos eleitores.",True
Adiamos o pagamento de dívidas dos estados e municípios,Fake
"“O que está aqui em causa é estabelecermos um paralelo entre um candidato que está há quatro anos, que fez um trajeto coerente, que sabe o que quer, ou então alguém que aparece agora. Sempre que alguém se propôs a eleições a um, dois, três meses, perdeu”",True
Lula diz que se for preso leva STF junto,Fake
Guilherme Boulos depredou a Fiesp em protesto em 2016,Fake
"Se o cara ganha alguma coisa de assistência social que não dá pra ele sobreviver, ele é contado como desempregado profissional. Ele não tá nessa conta aí [de ocupação].",Fake
"Governo americano cancelou o visto do general do Exército brasileiro, Tomás Ribeiro Paiva",Fake
"Postagens exibem um vídeo de Lula sendo abraçado por uma mulher não identificada. Na situação, ele estava acompanhado da primeira-dama, Janja, e da equipe de segurança. A legenda da publicação afirma que o presidente estava “completamente embriagado” e que ele “beija uma mulher na frente de todos”, inclusive de Janja.",Fake
Rodrigo Pacheco ameaçou ministros após não ter sido indicado por Lula ao STF,Fake
"""Povo arrombou portão do escritório do primeiro-ministro e exige a sua renuncia. Povo cansado da política comunista. Presidente renunciou e fugiu para as Maldivas. China colocou um primeiro-ministro provisório no lugar.""",Fake
Não se vê qualquer iniciativa do presidente de cercear a liberdade de imprensa.,Fake
"Lula diz: ""Eu só ganhei as eleições porque o povo nordestino é analfabeto""",Fake
"Quando eu cheguei na Presidência, em 2003, o Brasil em 100 anos tinha construído 140 institutos federais. Nós temos hoje 682. Nós vamos para o ano que vem para 782.",Fake
"Conta de 9,4 mil euros de Lula em restaurante em Portugal",Fake
Foto mostra Luciano Huck ao lado de Daniel Silveira.,Fake
Datena não foi expulso do debate da TV Cultura após agredir Pablo Marçal,Fake
Ministro Silvio Almeida quer cancelar a eleição do conselho tutelar,Fake
"Extrema direita tenta 'calar' arte, ciência e professores por 'temer' a educação do povo, diz Lula",True
"A gente está falando de uma eleição em que a gente tem candidatos com históricos muito pesados. Gente [Pablo Marçal] que já foi condenado por roubar aposentadoria de idoso, gente que responde por crime de homicídio.",Fake
"Homem ao lado de Lula no Complexo do Alemão, RJ, foi preso em SP após ataque a Tarcísio de Freitas",Fake
Lula e Janja sendo escorraçados do shopping Barra Salvador,Fake
"""Criança fez discurso a criticar o legado de Lula da Silva"".",Fake
Governo de Lula mente até na foto,Fake
STM autorizou militares do Exército a cumprirem ordem de prisão contra Alexandre de Moraes.,Fake
O governo federal zerou o imposto sobre a gasolina,Fake
"“Não, não é assim”, disse António Costa quando confrontado com a acusação feita minutos antes pela deputada Heloísa Apolónia de que a proposta do Governo de redução da TSU (em 1 ponto percentual) como moeda de troca para o aumento do salário mínimo violava a posição conjunta assinada entre PS e PEV.",Fake
"E temos, que fizemos o meu governo, as PPPs penitenciárias, ou seja penitenciárias construídas em parceria com o setor privado [...] onde nunca houve fuga",Fake
"O transtorno do espectro autista 'diagnosticado precocemente até os cinco anos e onze meses de idade é mutável, podendo mudar tanto de gravidade como até mesmo deixar de existir'.""",Fake
PL que tramita na Câmara cancelaria todos os casamentos homoafetivos celebrados no Brasil,Fake
"O cachaceiro disse isso. Se não acredita, confira no Google. ‘Basta colocar um grão na mesa do nordestino, ele vota em você’. ‘Com dez reais eu compro um baiano’",Fake
"""Então teremos de prendê-lo"". Trump ameaça prender o presidente eleito para a Câmara de Nova Iorque. Este presidente só se ferra vai acabar igual ao Bolsonaro.",Fake
"Carteira estudantil seria gratuita, seguro DPVAT seria extinto e bandidos seriam presos em segunda instância, mas a esquerda não deixou.",Fake
Viva o PT. Lula vai aprovar o que cristãos vão se arrepender. Incesto liberado,Fake
"Governo do PT prometeu R$ 195 milhões para a reconstrução de 1500 casas no RS, mas não enviou nada.",Fake
Governo e Caixa colocaram em sigilo patrocínio a Daniela Mercury e artistas contra anistia são beneficiários do Ministério da Cultura,Fake
Haddad anunciou o confisco de R$ 23 bilhões depositado em contas de poupança dos brasileiros,Fake
"Suprema Corte dos EUA convoca a guarda nacional em 12 estados e começa a efetuar prisões de mesários, funcionários de correios e contadores de votos.",Fake
Elon Musk pede que brasileiros vão as ruas apoiar Pablo Marçal,Fake
Alexandre de Moraes mandou prender o deputado federal Otoni de Paula,Fake
"Em busca de acordo com o governo, comissão do Senado adia novamente votação de projeto sobre dívidas rurais",True
Bolsonaro convoca manifestantes e pede colaboração financeira para evento em 25 de fevereiro,Fake
Guilherme Boulos violou o sigilo do voto ao votar ao lado de sua família e será cassado,Fake
Comandante da Marinha manda recado grave para Lula e STF.,Fake
Governo Federal dá prejuízo de R$ 16 bilhões nos mineiros,Fake
"Em um áudio que circula no WhatsApp, um homem afirma que os eleitores que pretendem votar no ex-presidente Lula devem ir às urnas no dia 3 de outubro (segunda-feira), e não no dia 2 de outubro (domingo), para evitar conflitos com eleitores que votarão em Bolsonaro.",Fake
Lula: qualidade do agro é essencial para ampliar exportações,True
Pablo Marçal apresenta provas de que Guilherme Boulos foi atendido pelo uso de cocaína,Fake
"""Cada deputado eleito ainda recebe por cada voto 4€+- e os partidos ainda recebem uma fatia do orçamento do estado tudo suportado por todos os portugueses.""",Fake
Foto de motociata em apoio ao presidente Jair Bolsonaro em Porto Alegre em 10 de julho de 2021,Fake
Marcelo Rezende chama Pablo Marçal de maior picareta do Brasil,Fake
"Um vídeo que circula nas redes sociais mostra o momento do furto de chocolates realizado por quatro pessoas em uma unidade das Lojas Americanas em Suzano, região metropolitana de São Paulo, sobreposto a uma reportagem da CNN que mostra o discurso de Flávio Dino defendendo que não se aplique a pena de prisão para crimes menos graves. A imagem também é acompanhada do texto “já pode roubar à vontade”.",Fake
"""Jair Bolsonaro foi aposentado aos 33 anos por insanidade mental, foi aposentado como deputado e por fim, será aposentado como presidente""",Fake
"""'Petistas infiltrados' estiveram nas manifestações bolsonaristas que invadiram o congresso do Brasil""",Fake
Forças Armadas traíram Bolsonaro e não deram golpe,Fake
Gilmar Mendes diz que o sistema eletrônico de votação tem falhas e que mesários podem votar pelos eleitores,Fake
"Roubo de celular, que é o crime que mais explodiu em São Paulo.",Fake
Trump manda investigar Eduardo Bolsonaro!,Fake
Ministros do STF se encontram com o criminoso José Dirceu,Fake
Essa médica pediu ajuda ao presidente e foi demitida pelo governador da Bahia.,Fake
Pessoas impedidas de votar em Bolsonaro em Tucuruí no Pará,Fake
Reportagem diz que 6.000 urnas foram substituídas em Fortaleza,Fake
A gravação foi feita em 2010 e mostra o político tendo uma crise de riso ao ler um texto sobre normas para importação de carnes temperadas.,True
Reuniões da primeira-dama do tráfico com ministro Flávio Dino resultou na liberação de 38 presos do Comando Vermelho,Fake
Encontramos um meio de auditar os votos. Cada um de nós se comprometesse a guardar o comprovante de comparecimento às urnas e entregar para o senhor,Fake
O problema que levou Marcelo Rebelo de Sousa ao hospital.,Fake
The Washington Post disse que Bolsonaro é o melhor presidente brasileiro de todos os tempos,Fake
Cédulas de votos de militares para Trump foram encontradas no lixo na Pensilvânia,Fake
6 mil urnas foram trocadas em Fortaleza,Fake
"""Um Presidente da República nunca se deve recandidatar a um segundo mandato. Isso só demonstra a ausência de sentido democrático dessa pessoa"" — citação atribuída a Marcelo Rebelo de Sousa",Fake
Idade mínima para aposentadoria no Brasil. Homens: 65 anos. Mulheres: 62 anos. Políticos: 8 anos.,Fake
Governo Lula aprovou lei extinguindo multa de 40% do FGTS ao trabalhador a partir de fevereiro de 2025,Fake
Tuíte de Fernando Haddad elogia 'revolução na Venezuela' e parabeniza Maduro,Fake
PT pediu ao STF apreensão de CNH e passaporte de endividados,Fake
Em Michigan foram encontradas pelo FBI centenas de caixas com cédulas de eleição em um lixão.,Fake
"Quem votou no Bolsonaro nessas sessões com zero voto para ele, entre em contato",Fake
"Essa alma é JIUSEPPE DUTRA JANINO, chefe do setor de T.I do SUP TRIBUNAL ELEITORAL?. Atolado até os cabelos na fraude das urnas?. Vamos deixar ele famoso?! Pediu demissão e hoje é assessor de Luís Roberto Barroso. Só isso",Fake
Embaixador de Israel levanta cartaz comemorando morte do presidente do Irã,Fake
Desembargador responsável por caso de Flávio Bolsonaro integra comitiva de Jair Bolsonaro em Dubai,Fake
Governo federal e Detrans lançaram programa CNH Social Digital,Fake
Pablo Marçal liberou o acesso ao aplicativo espião usado para vazar áudios do processo que foi condenado,Fake
Jair Bolsonaro terminou obras da transposição do rio São Francisco em Cabrobó (PE),Fake
Alexandre de Moraes acaba de proibir Nikolas Ferreira de visitar Jair Bolsonaro,Fake
"Há um debate posto no mundo sobre a forma dos tribunais supremos deliberarem. E nós temos uma referência na Suprema Corte dos Estados Unidos, que delibera exatamente assim. Ela delibera a partir dos votos individuais e é comunicada a posição da Corte, e não a posição individual",Fake
Alexandre de Moraes aparece em foto com líderes do PCC,Fake
BOLSONARO APARECE NA UTI EM VÍDEO DIVULGADO POR CARLOS BOLSONARO.,Fake
FBI acusa Brasil de favorecer tráfico e pede bloqueio de conta de Moraes,Fake
"Os únicos dois que conseguiram trazer qualquer apoio são os candidatos de máquina. Eu venho pra essa disputa disputando contra o Nunes, que está com a máquina na mão, e o Boulos que tem a máquina do governo federal, tem o apoio do PT e já disputou outras eleições majoritárias.",Fake
"Lula disse que pobres e negros não têm que aprender, e sim trabalhar",Fake
Governo vai proibir Uber e iFood no Brasil,Fake
Lula e Janja são vaiados na Bahia em 9 de fevereiro de 2025,Fake
"Brasil não é menor nem menos competitivo do que ninguém, diz Lula",True
"Com grande pesar e após muita reflexão, submeto respeitosamente a Vossa Excelência a minha renúncia do cargo de Presidente da República Islâmica do Irão.",Fake
"Fux: Sou de confiança do Moro, minha filha é desembargadora indicada por Bolsonaro, meu filho é advogado do Flavio rachadinha, mas meu voto foi totalmente imparcial, ainda que seja o único contrário",Fake
"“Esta guerra foi iniciada por BARACK HUSSEIN OBAMA e JOE BIDEN e temos lutado contra ela há mais de 47 anos! Eu estou pondo um fim a ela porque eu sou o Presidente da Paz! Esta semana eu estarei criando o Conselho de Paz de Hormuz"".",Fake
Não foi aprovado nossos bens e heranças como patrimônio do governo,Fake
Foi pedida a prisão de Bolsonaro; Polícia Federal monitora fuga,Fake
A Caixa deve dinheiro aos cidadãos por cobrança de taxas ilegais e juros abusivos. Ministro Fernando Haddad orienta sobre como obter a indenização que pode chegar a 7 mil reais,Fake
Eike Batista assume que pagou propina para ministros do STF e políticos,Fake
"Post exibe vídeo com trecho de discurso feito por Luiz Inácio Lula da Silva (PT) a líderes sul-americanos, em que o presidente declara: “Sugiro a consideração de vocês às seguintes iniciativas: colocar a poupança regional a serviço do desenvolvimento econômico e social, mobilizando os bancos de desenvolvimento como a CAF, o Fonplata, o Banco do Sul e o BNDES”. Na sequência do conteúdo, uma mulher afirma que Lula irá confiscar a poupança e recomenda que as pessoas salvem seu dinheiro: “Quem tem algum dinheirinho guardado, que seja R$ 1 mil, R$ 2 mil, tira. Voltamos à era do dinheiro no colchão”.",Fake
"Lula diz que ""trabalhador nasceu para trabalhar""",Fake
Viana recorre ao STF para obrigar depoimento de Vorcaro na CPMI,True
Estudo comprova eficácia de cloroquina e azitromicina,Fake
Governo Lula pagou as despesas de 1.337 pessoas na COP28,Fake
Tesla perdeu R$ 186 milhões de valor de mercado e anunciou demissão em massa após Elon Musk atacar Alexandre de Moraes,Fake
"Pablo Marçal com 53,29% dos votos segundo IBPG",Fake
"Programa do governo federal chamado ?Ceia para Todos"" promove descontos de até 90% na compra de produtos para a ceia de Natal em parceria com a Seara.",Fake
"""Uma enfermeira para 20 pacientes e 30 assessores para um deputado. Isso sim é a verdadeira pandemia""",Fake
Servidor exonerado por Alexandre de Moraes denuncia fraude eleitoral em vídeo,Fake
Vídeo mostra multidão gritando ‘sem anistia’ no desfile do 7 de Setembro deste ano,Fake
Deputado afirmou que estudo belga comprovava a eficácia da hidroxicloroquina no tratamento precoce da covid-19,Fake
Presidente afirmou que ninguém poderá ser obrigado a tomar a vacina contra a covid-19,Fake
Decreto assinado por Lula determina que todos os beneficiários do Bolsa Família deverão passar por visita de assistente social,Fake
Urna registrou um voto para Lula e um voto para Bolsonaro ao mesmo tempo,Fake
"“‘Lula é um mero vagabundo que gangrenou a democracia brasileira com a corrupção”, teria dito Mario Vargas Llosa",Fake
Paulo Guedes disse que Bolsonaro dependia dos filhos para aprovar tudo na Presidência,Fake
Vídeo de Musk pedindo apoio para a candidatura de Pablo Marçal,Fake
Deputado do PT apresentou PL para policiais portarem armas descarregadas,Fake
Bolsonaro diz que se recusa estar inelegível e anuncia candidatura para Presidência em 2026,Fake
"Trump peita Lula, defende Bolsonaro e ameaça desrtíuir economia brasil, se Moares continua com perseguição",Fake
Vídeo de Nikolas Ferreira sobre o Pix é o mais visto da história do Instagram.,Fake
"Líder da Igreja Católica ganha cerca de 33 mil dólares por mês e usufrui de regalias únicas no mundo.O recém-eleito Papa Leão XIV, o primeiro norte-americano a liderar a Igreja Católica, assumiu oficialmente o cargo com um salário mensal de 30 mil euros (aproximadamente 33 mil dólares).",Fake
Técnicos do IBGE estão sendo demitidos porque se recusam a maquiar números do PIB para favorecer o governo Lula,Fake
Eduardo Bolsonaro disse que irá pedir aos EUA para a prisão de Moraes pela Interpol,Fake
The New York Times publica texto denunciando abusos de Moraes,Fake
Bolsonaro alegou ter Alzheimer em pedido de prisão domiciliar,Fake
"""Urgente em Jandira facção sequestrou as urnas eletrônicas, TSE está negociando o resgate""",Fake
Malafaia detona Flávio Bolsonaro e filme Dark Horse após divulgação de áudios com Vorcaro,Fake
Foto de Eduardo Bolsonaro na Copa do Qatar é montagem feita por André Janones,Fake
"O governo brasileiro prefere importar leite da Argentina, Uruguai e Nova Zelândia para quebrar os nossos produtores",Fake
Eduardo Girão protocolou recentemente pedido de impeachment de Barroso,Fake
Bolsonaro pede divórcio após suposto envolvimento de Michelle Bolsonaro com o banqueiro Daniel Vorcaro,Fake
O presidente Bolsonaro disse que confiscará aposentadorias se for eleito,Fake
Vídeo em que autor afirma que a candidatura de Boulos foi cassada e que o segundo turno em São Paulo será entre Ricardo Nunes e Pablo Marçal.,Fake
"Segundo ministro da Fazenda, Fernando Haddad, governo analisa proposta de regulamentar casas noturnas de prostituição",Fake
Vídeo mostra Glauber Braga sendo retirado à força da Câmara dos Deputados,Fake
Silas Malafaia ‘detona’ Flávio Bolsonaro e cinebiografia de ex-presidente em vídeo,Fake
Lula revoga projeto de Damares contra abuso infantil no Marajó,Fake
"Pesquisa mostra Bolsonaro na liderança com 86,57% das intenções.",Fake
Foto mostra Lula apanhando de policiais durante a ditadura,Fake
Bolsonaro tornou obrigatória a colocação do CPF nos bilhetes da Mega-Sena.,Fake
STF volta a julgar lei sobre distribuição de royalties do petróleo,True
PF investiga desvio de dinheiro público no Ceará: foi assim que compraram vitória de Lula?,Fake
"Governo Bolsonaro gasta R$ 27,6 milhões em 4 anos no cartão corporativo. Governo Lula gasta R$ 1,4 bilhão no cartão corporativo.",Fake
"Em 2021, Flávio Dino escreveu em uma rede social que é homossexual",Fake
"""Sim, se não vencer com maioria absoluta apresentarei a minha demissão de secretário-geral do PS (eleições de 2015 que perdeu)"". Publicação sugere que António Costa prometeu demitir-se e não o fez, e que Marcelo Rebelo de Sousa defendeu que um Presidente da República não se deve recandidatar.",Fake
"​​No Ipec, Bolsonaro tem 46% e Lula, 31%",Fake
"Em áudios, ministros Luís Roberto Barroso e Alexandre de Moraes lamentam sanções impostas pela Lei Magnitsky",Fake
Boulos disse que casas vazias serão invadidas; paulistanos devem se preparar para perder suas casas,Fake
Pesquisas forjadas não mostraram popularidade de Bolsonaro em 2018,Fake
Teodoro e Sampaio gravaram música para homenagear Jair Bolsonaro e caminhoneiros,Fake
Bolsonaro assinou Ato Institucional n 1 de 9 de dezembro de 2022,Fake
Jornal O Globo faz reportagem intitulada “Intestino de Bolsonaro se adianta e já está preso” para debochar do ex-presidente,Fake
"“Olha o Lewandowski algemado em 1965, por ser Comunista e Terrorista do Grupo Guerrilheiro MR 8! Entendeu porque o Lula o colocou no STF?”",Fake
Governo Lula dá permissão a grupo bilionário para atuar em terras indígenas,Fake
Supremo Tribunal Federal (STF) legalizou maconha no Brasil,Fake
5 - Qual a diferença entre voto em branco e voto nulo?,True
Eu não pude mostrar imagens do Lula falando que um pobre coitado rouba celular para tomar cervejinha.,Fake
Vídeo mostra Bolsonaro recebendo atendimento médico na sede da PF após prisão,Fake
Silas Malafaia chama Michelle Bolsonaro de linguaruda do Satanás,Fake
Vídeo mostra MC Poze do Rodo manifestando apoio a Lula em 2025,Fake
Luiz Antônio Manrrantem denunciou políticos de esquerda que participaram da facada de Bolsonaro.,Fake
Preços do gás de cozinha e do arroz subiram por conta do governo Lula,Fake
Pastor de igreja revelou ameaças de morte sofridas pelo juiz Sergio Moro?,Fake
"Portal de notícias informa que shopping de Fortaleza, no Ceará, proibiu a venda de camisetas “Fora Lula”",Fake
"Agora, quem não quer mudar o sistema é porque tem certeza que o voto não auditável servirá para eleger quem não tem voto",Fake
Ratinho vai entrevistar Bolsonaro na hora do debate na ?Globo?,Fake
Vídeo mostra protestos contra corte de verba do governo Lula,Fake
Estados Unidos rompem relação com o Brasil enquanto Lula for presidente,Fake
'TSE foi HAQUEADO por criança de 14 anos',Fake
"""Se um dos meus filhos for preso, arrasto todo o STF junto!""",Fake
Mediador do debate da TV Cultura brigou com apoiador de Pablo Marçal,Fake
"TSE rejeitou processo de inelegibilidade de Bolsonaro, que poderá concorrer às eleições de 2026",Fake
Governo Lula exonerou 8 mil militares na segunda-feira (2),Fake
"""Novo projeto-lei da deputada portuguesa Joacine Katar Moreira quer impedir que a polícia possa pedir a identificação a pessoas ""racializadas"" com indícios de que estejam irregularmente em território nacional, justificando que isso é 'racista'.""",Fake
"Agentes da Polícia Federal em Brasília identificam fraude nas eleições, envolvendo lote de urnas não zeradas",Fake
"Toda solidariedade à policial federal Karina Lino Miranda de Oliveira, que estava grávida e perdeu seu filho por uma granada lançada pelo Roberto Jefferson, amigo e aliado do presidente @jairbolsonaro",Fake
"Governo Lula ACABA de ANUNCIAR que IRÁ SUSPENDER todos contratos com a Starlink, companhia de Elon Musk",Fake
A adoção do voto auditável é absolutamente necessária para garantir a democracia no Brasil,Fake
"120.000 militares enviaram ofício ao STM (Supremo Tribunal Militar) para que o ministro general Lourival Carvalho cumpra uma ordem de prisão contra o ministro do STF (Supremo Tribunal Federal), Alexandre de Moraes.",Fake
Bolsonaro votou contra a transposição como deputado e agora está falando que ele quem fez.,Fake
Trump diz que Lula é uma ‘piada’ e o chama de ‘palhaço corrupto’,Fake
"""Reino Unido: Chris Witty diretor médico do governo admite sob juramento, decisão de tornar as ?vacinas? covid obrigatória foi 100% política.""",Fake
G1 publicou matéria afirmando que Lula disse que irá adotar pronome neutro na Bíblia,Fake
"Urgente. Após Elon Musk fazer uma investigação sobre Moraes nos Estados Unidos onde descobriu que ele tem 3 mansões avaliadas 43 milhões de dólares, Elon Musk vai trazer mais novidade de dinheiro na conta de Moraes e ele vai ter que explicar para nação brasileira onde ele arrumou todo esse dinheiro",Fake
"""Há dois anos, estavam PS, PCP e BE a fechar a comissão de inquérito à Caixa Geral de Depósitos, a bloquear que os deputados e aquela comissão de inquérito tivessem acesso à lista dos grandes devedores da Caixa, estes que agora aparecem na lista da auditoria que nós não conhecemos oficialmente""",Fake
Pesquisa aponta que Lula está com 97% de intenção de votos para ser o novo presidente do Brasil nas eleições de 2022,Fake
Perfil de Deise Moura no Facebook mostra apoio a Bolsonaro,Fake
Mudança em discurso de Lula prova que presidente foi substituído por sósia,Fake
"Desde 2023, entraram no Brasil 811 mil chineses, todos com título de eleitor",Fake
Em Detroit foi aberto um processo eleitoral por conta de irregularidades de eleitores durante as eleições nos Estados Unidos.,Fake
Jair Bolsonaro saiu da prisão para fazer exames de rotina e descobriu que está curado do câncer,Fake
"Eliane Cantanhêde, da GloboNews, afirmou que Jair Bolsonaro precisa ser preso por ser popular",Fake
Prisão de Lula é questão de tempo assim como foi com seu amigo Maduro,Fake
"""Francisco Rodrigues dos Santos é o líder menos legitimado destas eleições, com uma agravante: é que mandato de FRS termina antes do dia das eleições. (...) O mandato do FRS termina a 26 de janeiro, ou seja, no dia das eleições, o FRS já não é presidente do CDS, mas apresenta-se como tal""",Fake
"Fernando Haddad: ‘Maduro, para mim, é um exemplo e inspiração. Há problemas na Venezuela? Há. Mas a culpa é da oposição que não colabora’.",Fake
"Só Brasil, Butão e Bangladesh usam urnas eletrônicas sem voto impresso",Fake
Presidente de Portugal eleito no domingo disse que Lula não entra em Portugal,Fake
"Javier Milei se ajoelha durante encontro com o presidente da China, Xi Jinping",Fake
Tornozeleira eletrônica de Bolsonaro tinha um microfone,Fake
"Trump sobre Bolsonaro: ""Ele que se entenda com a justiça, não vou me indispor com o governo Brasileiro para livrar ninguém da cadeia""",Fake
Professor foi brutalmente agredido por vestir camisa do Bolsonaro,Fake
"Absurdo. Lula agradecendo o voto do Marcola, líder da organização criminosa PCC",Fake
Alexandre de Moraes foi condenado por tribunal dos EUA,Fake
Governo brasileiro levará militares brasileiros para a Venezuela para ajudar Maduro,Fake
"No PR, produtor de arroz critica governo Lula em meio a crise no setor",Fake
PT elegeu apenas 46 prefeitos na eleição municipal de 2024,Fake
Polícia Federal confirma: Bolsonaro nunca usou cartão corporativo da Presidência,Fake
"Lula confrontou Tribunal Penal Internacional, colocou o Brasil na guerra contra a Ucrânia e, por causa disso, Senado dos Estados Unidos preparam sanção contra o País",Fake
Imprensa inventou que Freire Gomes confirmou a existência da “minuta do golpe”,Fake
O ex-presidente do Uruguai José Pepe Mujica morreu.,Fake
Antonio Palocci disse que urnas eletrônicas são fraudáveis,Fake
Senador Jaques Wagner propõe adiar a eleição de 2026,Fake
"Após ameaça de bomba, voo da Latam de Brasília a São Paulo é adiado",True
STF não tem tem competência para decidir medidas da execução penal de Jair Bolsonaro,Fake
"Nas últimas eleições, os candidatos que foram ao segundo turno gastaram juntos R$ 123 milhões",Fake
Freire Gomes negou a existência de uma 'minuta do golpe' em seu depoimento ao STF.,Fake
Comandante do Exército questionou esquema envolvendo Lula e Moraes,Fake
"""O CSM demitiu Rui Castro, por faltar 9 dias. Quando demitem os deputados que faltam e ainda pedem aos amigos para marcar o ponto?""",Fake
"Haddad é responsável por taxação de 27,5% do fisiculturista Ramon Dino",Fake
Musk revela transações financeiras milionárias de Alexandre de Moraes nos EUA,Fake
Vídeo mostra Bolsonaro deixando hospital em 12 de dezembro após ser curado de câncer,Fake
Alexandre de Moraes disse: “vamos corroer a democracia por dentro”,Fake
Lula afirma que trabalhador nasceu para trabalhar e não precisa de folga,Fake
Pablo Marçal entrou em coma e precisou ser reanimado por médicos após ter sido agredido por Datena,Fake
"Nós precisamos discutir quem é que está preocupado com os milhões de brasileiros que estão dormindo na rua, de forma vergonhosa, coisa que nós tínhamos abolido no nosso governo",Fake
Segurança do ex-delegado Ruy Ferraz Fontes foi retirada por Tarcísio de Freitas,Fake
O STF decidiu que furto de celular não é mais crime no Brasil,Fake
Imprensa mentiu sobre gastos de Lula na posse presidencial,Fake
Estados Unidos desconfia de bananinha e pode deporta-lo,Fake
"Vamos votar no BLOCO que apoia terroristas internacionais do HAMAS (imagem), apoia os atentados ambientalistas da CLIMÁXIMO e é liderado pela filha de um terrorístas que matou e roubou?",Fake
As refinarias da Petrobras estão operando com 70% da sua capacidade...,Fake
"Post no X afirma que a Tesla, montadora de Elon Musk, perdeu R$ 186 bilhões em valor de mercado e irá demitir 15% dos funcionários no mundo inteiro, após um embate formado entre o empresário e o ministro do STF Alexandre de Moraes nas redes sociais, no dia 6 de abril.",Fake
Empresa Diebold foi multada nos EUA por fraudar a programação de urnas eletrônicas,Fake
"Parabéns a OAB, que para intensificar a sua fiscalização ao Governo Bolsonaro irá permitir ao Deputado Tulho Gadeia, namorado de Fatima Bernandes, a sua inscrição sem a necessidade de realização da prova no Exame da Ordem, dada sua agenda, Deputado tem dificuldade na aprovação.",Fake
"""Para que a memória não se apague: Quando em 1987, a AG da ONU aprovou, com 129 votos a favor, um apelo para a libertação incondicional de Nelson Mandela, houve 3 países que votaram contra. Foram eles: os EUA (de Reagan); a Grã-Bretanha (de Tatcher); o governo de Portugal (de Cavaco Silva)""",Fake
Não tratei com o presidente acerca de protocolo tratamento para Covid-19,Fake
Foto mostra políticos de esquerda em carreata no Pernambuco durante a pandemia.,Fake
A votação das eleições municipais de 2020 poderá ser realizada por celular ou computador,Fake
Trecho do Eixo Norte da Transposição foi fechado pelo governo Lula,Fake
Fraudes no INSS financiaram campanhas eleitorais do PT,Fake
Patrimônio de Boulos aumentou 847 vezes em dois anos,Fake
Campos Neto vai para os EUA e entrega à CIA dossiê com 3.847 páginas sobre corrupção de Lula e Moares,Fake
Vídeo mostra Lula e Moraes se beijando,Fake
Flavio Bolsonaro veste camisa com ofensa a nordestinos,Fake
Foto mostra o ator e político Arnold Schwarzenegger com uma camiseta com a foto de Jair Bolsonaro.,Fake
"Eu não pago [pelos cortes], não. [Foi] antes da eleição, isso é aberto para todo mundo. Na eleição e na pré-campanha, zero. Eu não coloquei [dinheiro]. Zero. Eu sei que o que derruba um rico na eleição é abuso de poder econômico. Estão querendo emplacar e eu não fiz, tanto é que não tem prova. Foi uma reportagem que eles pegaram. Não tem nada, o comprovante.",Fake
"Alexandre de Moraes é amigo destes chefões do PCC, isso precisa viralizar até chegar na ONU",Fake
TSE empossa secretamente General Braga Netto como presidente da República.,Fake
Daniela Lima admitiu que a Globo não consegue mais esconder os fracassos do governo Lula,Fake
"Nunca houve uma visita de um Presidente da República, primeira-dama e ministros na Ilha do Marajó.",Fake
Nós (o PT) acabamos com a fome em 2012,Fake
Bolsonaro teve somente 15 dias para se defender das acusações da PGR,Fake
"""Portugal ainda tem muito a aprender com a China. Nunca a China iria permitir que um partido radical como o Chega tivesse direito a participar numas eleições presidenciais. Nojo de Portugal. Por isso é que é a China está cada vez mais rica e poderosa, honra o compromisso de ser um país democrata.""",Fake
Lula explicou no Flow Podcast porque mente tanto,Fake
Ricardo Nunes (MDB) se irritou com Pablo Marçal (PRTB) porque o ex-coach usou tempo do debate para ficar repetindo o próprio número de urna,Fake
"Flávio Dino e José Múcio dançam ao som de Infiel, de Marília Mendonça",Fake
"Ao afrontar o Presidente Jair Bolsonaro sobre o 13º salário do programa, Fernando Haddad (PT) chama o Bolsa-Família de ‘Bolsa-Farelo’. Que DESRESPEITO às famílias beneficiárias, ein, Haddad.",Fake
População maior de 70 anos está tendo o título de eleitor cancelado em 2022,Fake
Maior número de votos para presidente em Uberaba é indício de fraude eleitoral,Fake
"""Você tem filho e vota no PT? Depois não chora não! Colômbia autoriza pedofilia. Supremo Tribunal da Colômbia aprova união livre de menores com adultos""",Fake
Lula vendeu a Amazônia e tira garimpeiros para proteger mineradora,Fake
Vídeo mostra Bolsonaro ‘embolsando’ objeto dourado,Fake
Dias de folga e faltas dos deputados que se opuseram à PL contra a escala 6x1,Fake
Diálogo mostra que Moraes conversou com engenheiro da Oracle para fraudar eleições,Fake
Governo Lula transformou superávit de Bolsonaro em déficit,Fake
"Eu vou fazer aquilo que lamentavelmente o governador vetou quando foi aprovado na Assembleia Legislativa, que é garantir psicólogos em todas as escolas municipais de São Paulo",Fake
Projeto de Lei da deputada Maria do Rosário transforma legítima defesa em crime,Fake
Idosas eleitoras de Bolsonaro espancadas durante a campanha presidencial,Fake
Vídeo mostra Ronaldo escutando música que pede voto a Bolsonaro,Fake
"Governo publica decreto que fixa em R$ 0,44 subsídio por litro da gasolina",True
Globo admitiu chance de fraude nas urnas em reportagem sobre quadrilha de golpistas,Fake
Flávio Dino se encontrou com líderes de facção criminosa no Complexo da Maré,Fake
Bolsonaro pode acabar com reservas federais por decreto presidencial?,Fake
"""A presidente do México, Claudia Sheinbaum, de 63 anos, foi retirada do país e levada para um navio de guerra da Marinha no Pacífico, por razões de segurança""",Fake
José de Abreu pode ser preso por se autoproclamar presidente,Fake
Vorcaro revelou participação de Lulinha e Moraes em atentado a faca contra Bolsonaro,Fake
Vídeo mostra manifestação ocorrida no último sábado (6) pelo impeachment do presidente Lula e do ministro do STF Alexandre de Moraes,Fake
Bolsonaro: criou o Pix grátis e ilimitado para facilitar a sua vida; Lula: vai monitorar o Pix pra te colocar na malha fina e taxar geral,Fake
STF suspende julgamento de recurso para garantir revisão da vida toda,True
"Pressionar a tecla verde ""confirma"" antes de a mensagem ""confira o seu voto"" desaparecer da urna eletrônica vai anular o seu voto",Fake
Empresas demitiram milhares de funcionários nos primeiros dias do governo Lula,Fake
"É enganosa a postagem do vereador Carlos Bolsonaro em que ele usa um vídeo antigo, fora de contexto, para atribuir ao governador do Maranhão conduta de apoio à hidroxicloroquina como remédio eficaz no enfrentamento à covid-19.",True
"Uber é multada em 1 bilhão de reais. Lula bola plano para empresas como Uber, 99 e inDrive saírem do País, para retorno dos táxis",Fake
Juíza sueca fala sobre fraude nas eleições brasileiras de 2022,Fake
Governo brasileiro enviará tropas militares ao Irã,Fake
Recibo em nome de servidor prova que senador Randolfe Rodrigues praticou rachadinha,Fake
Papa Leão XIV cita Nikolas Ferreira em discurso,Fake
"Primeiro que essa política passou a ser privativa dos governadores e prefeitos. O presidente da República em praticamente nada pôde interferir nessa política, Então se ela vai indo bem ou vai indo mal, a responsabilidade é dos governadores e prefeitos, segundo decisão do STF.",Fake
Ônibus de Lula é atacado por ovos e Gleisi Hoffmann se pronuncia,Fake
Vazam áudios de Lula com ordem para barrar investigação do Banco Master,Fake
Nikolas Ferreira votou para aumentar a conta de luz em lei sobre eólicas offshore,Fake
"De um lado [de São Paulo] IDH da Suécia, no outro IDH da Somália, dos países mais pobres do mundo.",Fake
Flávio Dino aparece em foto com o suspeito de atentado terrorista em Brasília,Fake
Presidente do Paraguai preferiu se encontrar com Tarcísio de Freitas do com o presidente Lula,Fake
Boulos questionou o resultado das eleições de SP,Fake
Adivinha quem estava com o presidente miliciano na fatídica marcha para jesus? Ele mesmo! Sargento traficante miliciano do PSL!,Fake
"Quando a gente fala da educação são três compromissos principais que a gente tem com o combate ao racismo. Um deles é a efetivação de uma lei muito importante, que é a lei 10.639, que é justamente da gente trazer a perspectiva não só da história por meio do ponto de vista da África, mas também da cultura afro-brasileira, e poder trazer outros pontos de vista para o currículo escolar.",Fake
Foi constatada fraude nas eleições 2022 em Manaus,Fake
Áudio vazado mostra Randolfe afirmando que controla ações da PF e do STF,Fake
Suzane von Richthofen é candidata a deputada federal pelo PT,Fake
Lula não levou flores ao Museu do Holocausto,Fake
Descobriu-se agora que o presidente Lula tem fortuna milionária e teve R$ 18 milhões em impostos da Receita Federal suspensos pelo Supremo Tribunal Federal,Fake
"""Muita atenção: o cadastro eleitoral encerra a 4 de maio de 2022. Quem não tiver cadastrado a biometria até lá NÃO PODERÁ VOTAR!""",Fake
"O Brasil perde em turismo pra um elevador na França. O elevador da Torre Eiffel. Aqui tem menos turista internacional, tá? Do que o elevador da Torre Eiffel.",Fake
"Doria e Witzel pulam carnaval durante pandemia, mas chamam Bolsonaro de irresponsável",Fake
"Alexandre de Moraes declarou que se Bolsonaro vencer as eleições em 2022, a chapa será cassada",Fake
"Post com vídeo de Flávio Dino dançando ao lado de homem. Os dois usam camisetas de campanha de Lula. Na legenda, o autor escreve: “E a pergunta que não quer calar….. Quem foi mesmo que mandou matar a Marielle?? PTzada vem aqui…”.",Fake
Moraes disse que minuta golpista nunca existiu,Fake
Lula sendo expulso de um restaurante ontem!,Fake
Governo Lula transferiu 84 milhões do Bolsa Família para Secom,Fake
Petrobras cortou 76% dos empregos da Petrobras no Nordeste no governo Lula,Fake
Lula é o mais votado para presidente na história da humanidade,Fake
Lula diz que idosos que reclamam da reoneração dos combustíveis devem andar a pé,Fake
"Onde você viu, no mundo, uma ditadura entregar para a oposição de forma pacífica o governo? Só no Brasil. Então não houve ditadura",Fake
"Lula confessa que roubou ao dizer que ""político quando rouba, submerge""",Fake
Fox News publicou pesquisa eleitoral que indica vitória de Trump com 322 delegados.,Fake
PL da Anistia é aprovado pela Câmara dos Deputados,Fake
Foto de Moro em trem de Portugal é propaganda para conferência,Fake
Flávio vai acabar com o Pix,Fake
"Seções eleitorais com 1,5 mil eleitores é indicativo de fraude eleitoral",Fake
STF decide se mantém decisão que determina prorrogação da CPMI do INSS,True
"Vídeo no TikTok em que um homem trafega pelo Rio Araguaia de balsa e mostra a ponte inacabada. Ele alega que o ex-presidente Jair Bolsonaro (PL) deixou a obra “praticamente pronta”, mas a construção teria sido embargada pelo atual governo, de Luiz Inácio Lula da Silva (PT).",Fake
Ricardo Nunes pede bênção ao padre Júlio Lancellotti para governar São Paulo,Fake
"""GOV AUXÍLIO MORADIA Faça uma consulta para saber se você tem direito ao benefício AUXÍLIO MORADIA no valor de R$830,00 e saque de forma imediata via PIX! Consultas liberada para todos até: 7/04/2025 Mais de 5.325.751 pessoas receberam hoje!""",Fake
Fotos mostram duplicação de rodovia durante governo Bolsonaro,Fake
Vídeo mostra Lula sendo chamado de ladrão em festa em Caruaru-PE,Fake
Flávio Bolsonaro vai acabar com o Bolsa Família e retornar com o Auxílio Brasil de R$ 1.200,Fake
"""E ai ministros do STF, estão satisfeitos?""",Fake
"Atenção: em meio à guerra, governo brasileiro pede que além dos jovens, todas as mulheres também possam se alistar voluntariamente no exército brasileiro",Fake
Roberto Jefferson afirma que Ibope e Folha fizeram pesquisa fake na eleição em Porto Alegre,Fake
As eleições de 2022 usaram modelos de urna antigos que não são passíveis de auditoria.,Fake
Lula se irrita e se recusa a falar com morador de favela em SP,Fake
Lula vai criar Ministério de Todes,Fake
Lula proíbe blindagem de carros no País,Fake
Bolsonaro enviou mais de R$ 200 bilhões para prefeitos e aliados e ainda assim perdeu a eleição para o Lula,Fake
"""No nosso governo a gente combateu tanto a corrupção que até eu fui preso""",Fake
Foto mostra Donald Trump ao lado de uma cadeira com o nome de Jair Bolsonaro na posse do presidente americano,Fake
"""Lula quis antecipar diplomação como Presidente do Brasil porque precisava de passaporte diplomático?""",Fake
Lula diz que Estado deve garantir acesso a medicamentos,True
Fotos mostram atos pró-Bolsonaro em maio de 2022,Fake
"TSE determina retotalização de votos das eleições de 2022, o que fere a democracia brasileira",Fake
"Lula é manchete nos estados unidos Donald Trump reconhece apenas Lula como presidente do Brasil, notícia foi destaque nos jornais",Fake
Jair Bolsonaro foi inocentado pela Justiça,Fake
Dinamarca proibe cidadãos que recebem ajudas sociais de votar,Fake
Vídeo mostra que Bolsonaro foi melhor recebido na China do que Lula,Fake
BR-277 em Foz do Iguaçu: mais uma obra de Bolsonaro,Fake
Bolsonaro deixa hospital com gritos de 'Força Bolsonaro' e 'mito',Fake
"Começa a valer hoje o programa do governo em parceria com a renomada empresa brasileira Friboi, que pretende beneficiar mais de 50 mil famílias no mês de dezembro em comemoração do ano novo. Cada família tem o direito de receber em sua casa o kit churrasco para até 15 pessoas por um preço popular. O kit, que originalmente custa R$ 500 vai valer menos de R$ 90. Para se inscrever, é bem simples: basta acessar o site oficial do governo, digital o CPF e, se você estiver elegível, basta pagar essa taxa popular e seu kit churrasco, em parceria com o governo federal, chegará na sua casa na data programada",Fake
Fux é o único juiz concursado na composição atual do STF,Fake
"Em 2016, Dilma, em Nova York, convocou a imprensa e pediu sanções contra o Brasil (...) porque havia em curso um golpe contra ela",Fake
"Urgente: Ministro Alexandre de Moraes é agredido na portaria de condomínio. Segundo informações, homens estavam de campana em frente ao prédio aguardando saída do ministro.",Fake
Papa Leão XIV citou o ex-presidente Jair Bolsonaro como “exemplo de líder que defende a fé cristã” e orou por ele.,Fake
Procurador-geral do Maranhão é afastado por Alexandre de Moraes após apresentar provas de corrupção contra Flávio Dino,Fake
Apuração secreta é fraude,Fake
PF descobre ilha de R$ 4 milhões da família Lula,Fake
"Lula defendeu que ""pobre não precisa estudar""",Fake
"""Bomba! Vazou tudo. Nova delação de Maduro cita Lula e Moraes""",Fake
Ato pró-Bolsonaro no dia 21 de abril de 2024 gerou pressão internacional sobre o governo do Brasil,Fake
Apresentador ri de pesquisa para presidente do Brasil,Fake
"Lula defendeu ""assaltozinho"" nas ruas",Fake
CNN Britânica diz que Lula perdeu o povo brasileiro e Bolsonaro tem ganhado popularidade,Fake
Vídeo mostra reação de Bolsonaro à prisão de Lula e de Lula à prisão de Bolsonaro,Fake
O primeiro produtor de carne do mundo é o Brasil,Fake
CEO do Carrefour disse ter mudado de ideia sobre carnes do Mercosul após conversa com Musk e Bolsonaro,Fake
"A vice-presidente da Venezuela, Delcy Rodríguez, disse que seu governo firmou um ""convênio"" com o novo coronavírus",Fake
Foto mostra caixas com cédulas de votos em Trump descartas em rua de Michigan.,Fake
Vídeo mostra Bolsonaro e Michelle comemorando prisão domiciliar em 2026,Fake
Decisão de Alexandre de Moraes interrompe o acesso do Exército à internet da Starlink,Fake
Trump acusa STF de golpe de Estado no Brasil e promete sanções duras,Fake
Querem conhecer uma das adegas do nosso ex presidente Lula… que tirou milhões da pobreza…,Fake
Vídeo mostra protesto no Nordeste contra o governo Lula,Fake
A molecada não sofre com o vírus (covid). Tanto é que você não viu moleque morrendo de vírus por aí. Alguém conhece algum filho de alguém que morreu de vírus?,Fake
TV Senado veiculou ‘Grite Fora Bozo!’ em transmissão de depoimento à CPI,Fake
"O mandado de apreensão era datado de hoje, 29/JAN. Ou seja, durante o recesso, logo após a super live que pela 1º vez reuniu Jair Bolsonaro, Flávio Bolsonaro, Carlos Bolsonaro e eu, Alexandre de Moraes escreveu os mandados. Tudo confeccionado entre meia-noite e 06:00h de hoje. Ao que tudo indica, para que todos fossem objeto de busca com base em investigação direcionado ao Carlos.",Fake
"O que estamos denunciando é que o impedimento de Lula seria uma fraude nas eleições. [O boicote] é uma coisa que não está sendo oficialmente discutida ainda, mas vai caminhar para isso se ele for impedido de ser candidato. É um processo que não tem base jurídica.",True
Vídeo de visita de Bolsonaro a terra Yanomami mostra que ex-presidente cuidou dos indígenas,Fake
Imagem de Lula no hospital após cirurgia foi feita em 2023,Fake
Governo determinou que apenas 16 a cada 100 famílias continuarão recebendo o Bolsa Família,Fake
"Revista ""Economist"" elegeu Lula como presidente mais corrupto da história?",Fake
"Ministro da Fazenda, Fernando Haddad, deu entrevista promovendo criptomoedas e está sendo processado por banco",Fake
Investigação da PF descobre que Bolsonaro ganhou no primeiro turno das eleições com 78% dos votos.,Fake
Vídeo mostra artistas que receberam milhões do governo via Lei Rouanet,Fake
"A Anvisa mandou recolher produtos da marca Ypê com base em acusações sem provas e por motivação política, já que diretores da empresa doaram R$ 1 milhão para a campanha de Jair Bolsonaro em 2022.",Fake
Estatais davam um prejuízo enorme antes de mim.,Fake
Checamos o pronunciamento do presidente Jair Bolsonaro à nação em 23 de março de 2021,Fake
Presidente do Comitê Europeu da Otan faz ameaça separatista ao Brasil,Fake
Governo anunciou que CPF usado em aposta vai ser cortado do Bolsa Família,Fake
"PT tira dinheiro da saúde, segurança e Auxílio Brasil para bancar luxo de LGBTs",Fake
Foto mostra Lula em frente a carro alegórico que faz alusão a Bolsonaro preso,Fake
Vereador foi empurrado dentro de esgoto a céu aberto por não cumprir promessa de campanha,Fake
Lula revisou Desenrola Fies e está cobrando dívidas perdoadas por Bolsonaro,Fake
Só o Brasil usa urnas eletrônicas,Fake
"Manifestantes levaram um cartaz com a frase ""Fora Bolsonaro, o resto é tudo ladrão"" em 2 de outubro",Fake
Shakira declarou apoio a Jair Bolsonaro durante show em Copacabana,Fake
Ministros do STF irão a evento após eleições para discutir ‘novo governo’,Fake
Cid Gomes novamente detona o PT e acaba de vez com a candidatura de Haddad,Fake
Descarte de 195 mil urnas eletrônicas é queima de arquivo,Fake
Bolsonaro explica como usou a mentira para chegar ao poder,Fake
Motociata de Bolsonaro teve 6.235 participantes,Fake
Foto mostra Manuela D'Ávila prometendo ir para Cuba caso Jair Bolsonaro vencesse as eleições de 2018.,Fake
"""Tapa na cara do MEC: Colégio militar de Manaus está entre os finalistas de melhores escolas do mundo"" e ""PT pede suspensão da lei das escolas cívico-militares ao STF""",Fake
Cenas mostram protestos contra a prisão de Jair Bolsonaro (PL) no dia 22 de novembro de 2025,Fake
Fux ordena liberdade ao Bolsonaro,Fake
Debate na Band com Bruno Covas (PSDB) e Guilherme (PSOL),Fake
Você sabia que no mundo tem 193 países mas apenas 3 usam urnas eletrônicas?,Fake
"Ao ficar sabendo de qualquer crime ou irregularidade eleitoral, o cidadão deve denunciar o fato ao Ministério Público Eleitoral de sua cidade ou região.",True
Terras indígenas em Rondônia teriam sido vendidas para uma organização irlandesa e que a negociação teria sido anulada pela Justiça.,Fake
"""Não irei a posse de Lula porque ele nunca tomará posse. Simples assim!’, disse Tarcísio",Fake
Post diz que obra da ponte que liga Pará e Tocantins foi feita apenas no governo Lula,Fake
"""Zelensky baniu 11 partidos da Ucrânia, fazendo com que se perdesse 44% da representação eleitoral"".",Fake
Galera escuta o que Leonel brizola falou sobre bolsonaro antes de morre ele ja foi gonvernador,Fake
Violência explodindo no país e o que Haddad faz? Planeja soltar condenados!,Fake
Policiais dizem que urnas no DF já continham votos antes das eleições de 2022,Fake
"""Constituição do Brasil impede Lula da Silva de se pronunciar publicamente durante 72 horas"".",Fake
Foto mostra Michelle Bolsonaro sendo recebida por Donald Trump ao chegar nos Estados Unidos para cerimônia de posse,Fake
Ibama ameaça produtor rural durante o governo Lula,Fake
PL do Senado americano propõe a internacionalização da Amazônia,Fake
Homem que aparece no programa Pânico é censor do TSE,Fake
Governo de SP diz que fará rigorosa apuração sobre corrupção policial,True
Bolsa usuário de drogas do governo federal para receber mil reais,Fake
Tarcísio junta 12 governadores e pedem intervenção federal no STF,Fake
Parágrafo da lei 10.408/2002 garante voto impresso,Fake
"Vídeos que circulam nas redes sociais apontam que Cynthia Herbas, esposa de Willians Camacho, o ‘Marcola’, chefe da facção criminosa Primeiro Comando da Capital (PCC), foi escolhida para comandar o Ministério da Segurança Pública – caso a pasta seja recriada na gestão de Lula. Outro conteúdo cita a indicação de Cynthia para o Ministério da Defesa.",Fake
Apresentador de Portugal Desrespeitou Lula AO VIVO — E o Que Lula Fez Calou Até a Plateia!,Fake
Donald Trump afirmou que vai prender Alexandre de Moraes assim que assumir a Presidência dos EUA,Fake
Quase 80 pessoas já perderam sua vida [por causa do ar poluído].,Fake
Boulos: Corolla pra mim e Celta pro TSE. Boulos havia declarado para o TSE que só tinha um Celta vejam como essa esquerda é mentirosa,Fake
A última vez que a economia brasileira cresceu acima de 3% foi em 2010,Fake
Haddad reclama que Bolsonaro cobrava poucos impostos do povo,Fake
"Sem qualquer aviso prévio, Exército começa a fiscalizar senadores em Brasília",Fake
Deputado federal Márcio Macedo do PT anuncia que Bolsa Família será de R$175,Fake
Parlamentar europeu riu de pedido de homenagem a Lula,Fake
"Deputada Gleisi Hoffmann propôs um ""desemprego efetivo""",Fake
A Fundação Transparência Política Internacional apontou o deputado federal Jair Messias Bolsonaro como o político mais honesto do mundo.,Fake
Daniela Lima admitiu que Bolsonaro venceu a eleição e que pleito foi fraudado pelo TSE,Fake
Torcida xinga Lula durante partida entre Brasil e Chile em março de 2022,Fake
"Tema musical do filme sobre Jair Bolsonaro, está sendo uma das mais tocadas nos Estados Unidos",Fake
Número maior de votos para presidente nos estados demonstra erro na totalização feita pelo TSE,Fake
Você pode consultar dados de candidatos(as) e partidos pelo sistema de Divulgação de Candidaturas e Contas Eleitorais.,True
Tom Hanks e Taylor Swift boicotam os Óscares por causa das políticas de Woke: Defendemos o verdadeiro talento.,Fake
Manifestação pró-Bolsonaro na Av. Paulista no dia 25 de janeiro de 2026,Fake
Brasil está em cooperação técnica com o Hamas,Fake
"15/03 - Av. Paulista em São Paulo. Se não aprovarem as reformas e os projetos parados no congresso nacional, subiremos para Brasília e resolveremos de outro modo a bagunça que os inimigos do Brasil criaram em nosso país. Fiquem alertas e estejam prontos.",Fake
Felipe Neto postou preços em dezembro de 2022 para comparar governo Bolsonaro com o de Lula,Fake
Esse imóvel foi vendido. O meu patrimônio agora é um apartamento na Barra e uma sala comercial,Fake
Alexandre de Moraes ordenou o bloqueio das contas de Trump nas redes sociais,Fake
Senador Randolfe Rodrigues se solidarizou com atirador que tentou assassinar Donald Trump,Fake
Jair Bolsonaro publicou texto para apoiadores em 31 de outubro de 2022,Fake
Lula quer estender seu mandato,Fake
Esta foto mostra a deputada Joice Hasselmann sem máscara após ser diagnosticada com coronavírus COVID-19,Fake
"ABC mostrou resultado da eleição presidencial na Pensilvânia dias antes do pleito, o que prova fraude",Fake
"O ex-ministro da Educação Abraham Weintraub foi indicado pelo presidente dos Estados Unidos, Donald Trump, para diretoria do Banco Mundial",Fake
"Fátima Bezerra (PT) governadora do Rio Grande do Norte, participando de ritual Voodoo com o boneco do presidente Bolsonaro.",Fake
Pesquisas indicam vitória de Marçal no primeiro turno,Fake
Flávio Dino mandou apagar vídeo que prova que não foi o povo que quebrou o Planalto no 8 de Janeiro,Fake
Vídeo mostra congressistas comemorando inelegibilidade de Bolsonaro,Fake
Vídeo mostra ponte construída pelo governo do Pará por R$ 4 milhões,Fake
"Presidente dos Estados Unidos, Donald Trump, diz que o Supremo Tribunal Federal (STF) deu um golpe de estado no Brasil junto com o presidente Luiz Inácio Lula da Silva e com a cúpula das Forças Armadas.",Fake
Gastos com campanha presidencial 2018. Meirelles: R$ 45 milhões; Alckmin: R$32 milhões; Haddad: R$ 29 milhões; Ciro: R$ 10 milhões; Marina: R$ 4 milhões; Bolsonaro: Wi-Fi de casa,Fake
URGENTE: Alexandre de Moraes dá 48 horas para a FIFA explicar os ataques ao presidente Lula na Copa do Mundo de Clubes,Fake
Urgente Congresso americano convidou o Eduardo Bolsonaro pra depor,Fake
TSE falha e mostra Bolsonaro com 55% dos votos no 1º turno,Fake
"Gastos do cartão corporativo de Lula em 10 meses: R$ 14,8 milhões. Gastos do cartão corporativo de Bolsonaro em 4 anos: R$ 5 milhões",Fake
Vídeo em que mulher preenche cédulas em branco indica fraude nas eleições dos EUA,Fake
Vídeo mostra petistas infiltrados em túnel no Congresso em 8 de janeiro,Fake
"DPVAT custava R$ 12,30 no governo Bolsonaro e passou a custar R$ 292,01 no governo Lula",Fake
Quatro situações em que presidente utilizou argumentos errados para criticar o lockdown,Fake
Trump manda a secretaria rasgar documento enviado por Lula,Fake
Post usando vídeo da inauguração de uma obra por Lula e pela governadora Raquel Lyra afirma que eles reinauguraram uma obra já entregue por Jair Bolsonaro em 2022. A publicação ainda diz que o presidente mandou desligar as bombas da transposição do Rio São Francisco.,Fake
Bolsonaro volta a defender voto impresso na eleição contra fraudes nas urnas eletrônicas,Fake
A iniciativa de convocar novas eleições gerais cabe exclusivamente à presidenta Dilma.,Fake
"Voto de eleitor de Miami, nos EUA, não foi contabilizado",Fake
Bancos poderão realizar débito automático sem autorização para pagar faturas e parcelas de empréstimos vencidos há mais de 30 dias,Fake
"Foto mostra Lula beijando a mão do presidente da China, Xi Jinping",Fake
Programa do Fantástico de 05/06 fez uma matéria sobre o remédio em spray contra covid-19 defendido por Bolsonaro em 2021 sem citá-lo,Fake
"Presidente da Argentina, Javier Milei, disse que não se responsabiliza pelo empréstimo de US$ 1,2 bilhão concedido a Sergio Massa com dinheiro do governo brasileiro",Fake
"Barreiras (BA) registrou 212 mil votos para o ex-presidente Luiz Inácio Lula da Silva (PT), apesar de ter 158 mil habitantes",Fake
Não encontraram nenhuma arma aqui [no 8 de janeiro],Fake
"O ataque hacker ao TSE em 2020 vazou nome, CPF, foto, RG e dados biométricos",Fake
Trump concedeu passaporte diplomático a Bolsonaro,Fake
"Criar o programa permanente de valorização da docência, com a redefinição de faixas salariais para cada nível da carreira e os critérios de avanço mediante cursos de qualificação e tempo de serviço. Vamos garantir remuneração adequada para os professores e trabalhadores da Educação da rede estadual.",Fake
A deputada Maria do Rosário perdeu a sua dentadura durante uma votação na CCJ.,Fake
Governo Lula vai taxar os entregadores de aplicativo,Fake
"“É a primeira vez que um Presidente da República que se recandidata participa num debate com todos os candidatos a Presidente”, disse Marcelo, que participava no debate com os seis adversários para as presidenciais de 24 de janeiro. “Nunca aconteceu na história da democracia portuguesa”",Fake
"""ATENÇÃO: Hospital em Orlando nega que Bolsonaro esteja internado no hospital""",Fake
Demonstração mostra fraudes em urnas,Fake
Pablo Marçal apresenta documento que seria a prova de que Boulos é usuário de drogas,Fake
Vídeo mostra eleitores impedidos de votar no Amazonas em 30/10/2022,Fake
"""(…) É que nós fizemos alianças políticas para governar e até hoje, preste atenção, até hoje todos os projetos que nós mandamos para o Congresso foram aprovados de acordo com os interesses de que o governo queria.”",Fake
Flávio Dino dança com trajes indígenas na Festa do Pescador de Baixo Guandu,Fake
Vergonha nacional. Áudio do chefe do tráfico enviado para ministro do STF [Edson Fachin],Fake
Até quando vamos ser enganados? - imagem de Lula com 10 dedos,Fake
Agradeça ao STF que proibiu a polícia de subir o morro e utilizar helicóptero,Fake
Lula propôs projeto denominado ‘Bolsa Sopão’,Fake
Flávio Bolsonaro é flagrado fumando vape e bebendo em ensaio de escola de samba no Rio após visita a igreja,Fake
Governo Lula liberou apenas R$ 7 milhões para o litoral norte de SP,Fake
Bolsonaro assinou decreto que proíbe políticos de tirarem passaporte diplomático ou cidadania e os impede de saírem do país,Fake
Moraes diz em áudio que pretende proibir ‘vocabulário golpista’,Fake
Suposta manifestação contra o STF foi omitida pela imprensa,Fake
Esse é o deputado que chamou Moro de ladrão,Fake
"Bolsonaro gastou R$ 15,6 milhões em leite condensado em 2020.",Fake
"Entre Glauber Braga, Marcel Van Hattem e André Janones, só Marcel Van Hattem sofreu punição na Câmara dos Deputados",Fake
Homem faz tatuagem no anus em protesto contra Bolsonaro e diz que todos os Lula-livre devem fazer o mesmo,Fake
Esta noticia sobre o preço da gasolina é de fevereiro de 2023,Fake
Filha de Lula ganha R$ 58 mil no Senado,Fake
Deputada americana criticou Moraes por suspender o X no Brasil,Fake
"De acordo com o TSE, os votos registrados no dia da eleição e as justificativas de abstenções são registradas no mesmo banco de dados, mas são arquivos diferentes. Além disso, especialistas ouvidos pelo Comprova dizem que o vazamento de dados por um ataque hacker não seria capaz de alterar os resultados da eleição",True
Por que reter o celular? Não tem o título de eleitor no celular? Vai ser detido?,Fake
Bolsonaro aparece em propaganda da Volvo,Fake
Não é a primeira vez que um secretário de Estado do Ministério das Finanças contradiz aquilo que disse o ministro das Finanças. No seu Governo há completa impunidade? Cada um diz o que quer?,Fake
"Em 2014, a previdência social era superavitária.",Fake
"Arthur Lira, um réu por corrupção na presidência da Câmara dos Deputados. Flordelis, uma ré por assassinato na Secretaria da Mulher",Fake
"Presidente da Petrobras anuncia a melhor notícia: preço do gás de cozinha caiu R$ 0,13",Fake
"Bolsonaro terá 85 milhões de votos no 1º turno no dia 22 de outubro, informou a pesquisa Ipespe. Ou seja, 70% dos votos",Fake
Shakira fez o L de Lula em show no Rio,Fake
Lula não teve nenhum problema de conviver com um Congresso que parecia adverso,Fake
Afirmação de que uma liminar do Supremo Tribunal Federal (STF) mantém o deputado distrital e candidato à reeleição José Gomes (PP) no cargo há um ano e meio.,Fake
TSE entregou códigos de segurança das urnas eletrônicas para a Venezuela e negou acesso para auditores brasileiros,Fake
Antena parabólica digital está sendo distribuída pelo governo.,Fake
Somos o terceiro maior exportador de aviões no mundo.,Fake
Ministra Cármen Lúcia proferiu voto a favor de Bolsonaro em julgamento,Fake
Vídeo mostra o presidente da Guiné-Bissau agredindo seu ministro da Saúde por desvio de fundos contra a covid-19,Fake
"Bolsonaro ""desbanca"" Lula e coloca projeto de transposição do São Francisco ""para funcionar""",Fake
Moro publicou tweet com elogios a Alexandre de Moraes por banir Telegram,Fake
STF acaba com demissão sem justa causa,Fake
"O governo deu início a um plano de retirada de valores retidos, batizado pelo presidente Lula como ""resgate da prosperidade""",Fake
"Ministro Gilmar Mendes, do Supremo Tribunal Federal (STF), admitiu não ter ocorrido tentativa de golpe nos atos de 8 de janeiro de 2023, na Praça dos Três Poderes, em Brasília",Fake
"""Por curiosidade, fui verificar a composição dos meus três governos durante os dez anos em que fui primeiro-ministro e não detetei lá - espero não me ter enganado - nenhuma ligação familiar""",Fake
Ministra confirma que Lula não ganhou eleição,Fake
"Ibope: Bolsonaro 57% Haddad 43%; Band News: Bolsonaro 73% Haddad 27%; Paraná Pesquisas: Bolsonaro 61%, Haddad 39,1%; Record News: 74%, Haddad 16%; BTG Pactual: Bolsonaro 63%, Haddad 37%.",Fake
Proposta sobre prisão em segunda instância acaba de ser aprovada na CCJ da Câmara dos Deputados em dezembro de 2021,Fake
Doleiro Youssef ou ex-deputado Nasser Youssef Nasr é dono de lotérica que saiu prêmio de R$ 205 milhões da Mega Sena em Brasília,Fake
Seção de eleitora de Petrópolis sumiu e voto não foi contabilizado,Fake
Ratinho entrevistará Bolsonaro na quinta feira dia 25/08,Fake
"""Projeto de lei 2351/2023. Deputado Igor Silva PT para inocentar o furto mínimo no valor até 400 reais. Essa lei baseia-se no princípio da insignificância onde o autor não comete grave ameaça ou risco a vítima",Fake
Governo Lula liberou R$ 1 bilhão para pagar dívida da Venezuela e Moçambique,Fake
Lamentável! Domingo 20 novembro Urnas eletrônicas sendo carregadas. Pra onde? Só Deus e Lex Luthor sabe,Fake
Deputada Federal Erika Hilton (Psol-SP) falsificou seu número de seguidores no Instagram e foi desmascarada pelo Anonymous,Fake
Vaza conversas íntimas de Michelle Bolsonaro e Daniel Vorcaro,Fake
Vídeo mostra deputado comemorando prorrogação do auxílio emergencial em outubro de 2021,Fake
"Gilmar Mendes fala sobre falhas nas urnas eletrônicas, incluindo mesário pianista",Fake
"Presidente dos Estados Unidos, Donald Trump, não descarta uma operação militar na Venezuela",Fake
Efeito Trump ! Fux faz crítica arrasadora à militância do STF,Fake
Vídeo mostra mesários inserindo votos fraudulentos em urnas nos EUA,Fake
Nikolas Ferreira votou contra isenção do imposto de renda para quem recebe até R$ 5 mil,Fake
"Lula teve 26 processos e foi absolvido em todos eles, além de ter sido absolvido na ONU e no STF",Fake
"Após o bispo Edir Macedo declarar apoio ao Bolsonaro, manifestantes de esquerda protestam em frente à Igreja Universal.",Fake
Esta foto mostra Jair Bolsonaro usando a faixa presidencial no batizado de um sobrinho,Fake
CNN noticiou que ex-assessor de Moraes entregou ao TSE imagens inéditas do 8 de Janeiro,Fake
"Foto mostra Lula beijando testa de dono da Choquei, preso pela PF",Fake
Rodrigo Bartolomei sofreu atentado em SP e culpou Lula e o PCC,Fake
Trump manda a secretaria dele rasgar o documento que o presidente Lula mandou pra ele assinar e foi aplaudido de pé pelo seu povo,Fake
Hacker foi preso por invadir o sistema do TSE,Fake
General Paulo Sérgio diz em entrevista que houve fraude nas eleições,Fake
"O presidente Ibrahim Traoré, de Burkina Faso, de fato proibiu a pornografia no país. A decisão, segundo informações, visa proteger os valores morais e salvaguardar as gerações futuras. É uma medida significativa, e as reações têm sido variadas",Fake
"Lula diz que trabalhador tem de trabalhar, não pensar em lazer",Fake
Dólar atingiu valor mais alto do Plano Real no governo Bolsonaro,Fake
Vídeo mostra recepção ao presidente Bolsonaro em aeroporto de Belo Horizonte,Fake
"Boulos, Dilma e Lula registraram a virada na eleição coincidentemente às 18h45",Fake
EUA construíram máquinas de votação para o Brasil,Fake
"Onyx Lorenzoni recebeu Pix do ""Careca do INSS"" para a campanha eleitoral",Fake
Presidente da UNE tem 33 anos,Fake
"""Lula confirma criação da guarda nacional o maior exército vermelho da América Latina"" [sic].",Fake
Agora tudo está claro: imagem mostra ministro Alexandre de Moraes usando boné da USAID,Fake
Eu nunca ataquei banqueiros.,Fake
Eduardo Bolsonaro divulga nota de pesar após Trump receber Lula na Casa Branca,Fake
"Agora, levando-se em conta o mundo todo, o Brasil é um país que menos sofreu com a pandemia.",Fake
Famosos pedem anistia a Bolsonaro,Fake
O novo presidente de Portugal chamou Lula de bandido,Fake
Lula cobra taxa por quem usa poços artesianos,Fake
"Lula disse na ONU que se o Brasil for invadido, ele entrega a nação",Fake
Nunes Marques tornou Bolsonaro elegível novamente,Fake
Pablo Marçal substitui fogos de artifício por drones em campanha em 2024,Fake
"""Bolsonaro quer acabar com feriado religioso no Brasil"".",Fake
Manifestação contra o Lula na Argentina,Fake
Dino anulou sentença que o condenava a pagar R$ 141 milhões,Fake
"Urgente: Lula planeja trazer Putin ao Brasil em novembro para reunião do G20! Devido às sanções, Putin teria que ser preso ao pisar no território brasileiro. Se Lula não fizer isso, ele irá desrespeitar constituição brasileira e colocar o Brasil em uma crise",Fake
Ministro do STF André Mendonça sofreu atentado,Fake
​​Major do Exército foi preso por apoio a Bolsonaro,Fake
"Tem que ser preso! Arthur Lira denuncia atentado na Câmara. Estranho isso gente porque na eleição o sistema caiu quando meu patrão foi votar na hora de confirmar o sim pra Bolsonaro 22""",Fake
Zico critica Bolsonaro em entrevista,Fake
"A pedido do PT, STF decide que quem não quitar dúvidas não poderá mais dirigir e nem sair do país",Fake
A urna eletrônica pode ser infectada por vírus malicioso que altera ou rouba dados?,Fake
Vídeo de Lindbergh Farias tem relação com assalto à casa da ex-esposa de Bolsonaro,Fake
"Ex-presidiário Lula faz ameaças de perseguição, caso seja eleito em 2022",Fake
"Fraude em urna em Macapá, no Amapá, nos votos para presidente",Fake
Lula quer o comprovante do voto impresso para confirmar a vitória do Maduro na Venezuela porque não confia nas urnas eletrônicas,Fake
Este vídeo mostra um discurso feito pelo presidente Jair Bolsonaro em 08/12/2022,Fake
Vídeo mostra protesto de nordestinos contra Lula,Fake
STM cobra explicações de Moraes após fraude constatada pelo Exército,Fake
Ela é realizada junto ao período de cadastramento eleitoral que está fechado desde 9 de maio e será reaberto em 5 de novembro .,True
Governo federal vai criar um imposto para donos de animais domésticos,Fake
Senado aprova PEC que permite que o congresso revogue as ações do STF,Fake
"DataFolha como sempre muito preciso. Em 22 de agosto de 2018, davam 39% para Lula e 19% para Bolsonaro e o final vocês já sabem",Fake
Vídeo mostra Lula sendo vaiado na arquibancada da Sapucaí,Fake
"Em meio a ataques na Câmara, Sérgio Moro dispara: “Se eu falar a verdade vou ter que prender todos e fechar o congresso!”",Fake
Lula publicou tweet em apoio a vereador que invadiu igreja e disse que vai cortar benefícios de templos,Fake
"Lula criou casa fake para simular entrega do Minha Casa, Minha Vida",Fake
Não meti um dia de atestado na campanha.,Fake
"Ministro André Mendonça não quer a quebra do sigilo do Banco Master, enquanto Moraes defende a abertura",Fake
Donald Trump concedeu passaporte diplomático a Jair Bolsonaro que é agora cidadão americano e tem dupla nacionalidade brasileira e norte-americana.,Fake
Post no Twitter diz que o jornal “Financial Times afirma categoricamente que o governo americano interferiu nas eleições brasileiras para ajudar Lula”.,Fake
A deputada Talíria Petrone propôs a criação da profissão de ladrão em um projeto de lei,Fake
1 milhão de pessoas compareceram no ato de apoio a Jair Bolsonaro na Avenida Paulista,Fake
A urna brasileira não é auditável,Fake
Vídeo mostra Lula aplaudido de pé por chefes de Estado na Assembleia Geral da ONU,Fake
FBI pediu a prisão Moraes após descobrir que o ministro recebe dinheiro do narcotráfico,Fake
Funcionário do sistema eleitoral da Venezuela publicou foto que mostra derrota de Maduro,Fake
Deputados exibem cartaz sobre valorização do corpo da mulher,Fake
Bolsonaristas atearam fogo em banheiros químicos próximo ao STF em dia de julgamento da trama golpista,Fake
Flavio quer revogar isenção do Importo de Renda (IR),Fake
Flávio Bolsonaro disse no Rio Grande do Sul que aumentará a idade para aposentar para 75 e 72 anos e que cortará direitos trabalhistas,Fake
Superior Tribunal Militar decreta ilegalidade das eleições de 2022 em decreto 9.735/22,Fake
​​PT usou ônibus escolares para levar partidários a um comício de Lula em Florianópolis,Fake
Público grita “Globo lixo” e “Lula ladrão” durante os desfiles das escolas de samba do Rio de Janeiro na Marquês de Sapucaí,Fake
Jornal Nacional entregou respostas para Lula durante entrevista,Fake
"ACM morreu em Julho de 2007, em um ‘acidente’ de helicóptero. Poucas semanas antes fez um pronunciamento na tribuna do Senado, em plena vigência do 2º mandato de Lula, que até hoje não havia sido divulgado. Veja o que ele disse…",Fake
"Governo aumenta alíquota do imposto de renda de 27,5% para 35%",Fake
Voto impresso aprovado na Comissão de Constituição e Justiça (CCJ) por 33 votos a favor e 5 contra,Fake
Elon postou hoje no X. Bolsonaro ganhou no primeiro turno! Sempre soube!,Fake
Boulos teria sido internado por uso de cocaína,Fake
"Emir do Qatar afirma no discurso de abertura da Copa: No Brasil está acontecendo uma coisa muito grave e todos precisam saber. Ouçam. As eleições lá foram roubadas e, como consequência, queremos prestar solidariedade ao povo, ao povo brasileiro honesto e trabalhador, que estão (sic) nas ruas protestando, os patriotas",Fake
Bolsonaro confessou que só venceu eleições em 2018 porque Lula foi preso,Fake
"Kim Kataguiri disse que ""destruir"" Flávio Bolsonaro é o primeiro passo para o MBL chegar ao poder",Fake
O passageiro que filmou o deputado José Guimarães em um voo está preso sem direito a fiança,Fake
Queixas sobre urnas devem ser reportadas pelo aplicativo Pardal,Fake
"A repórter Maju, foi entrevista pela TV de Portugal, ontem e o repórter perguntou sobre a questão do Presidente Jair Bolsonaro, ela disse que existe uma grande crise no Brasil, se for necessário ela trabalha até de graça para ver a queda do presidente.",Fake
Lula inaugurou refinaria que havia sido fechada durante o governo de Jair Bolsonaro,Fake
Anunciadas prisões de Eduardo e Michelle Bolsonaro após delação premiada de Mauro Cid,Fake
Fernando Haddad elogiou a Venezuela no Twitter,Fake
Soma de votos por região mostra Bolsonaro como ganhador das eleições,Fake
Olha só como Bolsonaro foi recebido no jogo do Palmeiras de 2023,Fake
Lula confessa que colocou sindicalista corrupto na Petrobras,Fake
"Joaquim Barbosa, ele diz claramente lá: 'O único deputado de tal partido que não foi buscar dinheiro na Petrobras foi o senhor Jair Bolsonaro'",Fake
"Eleitor perderá voto caso aperte a tecla “confirma” da urna eletrônica enquanto o equipamento exibir o aviso ""Confira seu voto""",Fake
Michelle Bolsonaro tenha voltado a dar aulas de libras,Fake
Trump mandou Eduardo Bolsonaro se calar e marcou encontro com Lula na ONU,Fake
Lula vai trocar picanha por carne de jumento,Fake
Trump concedeu passaporte diplomático para Bolsonaro,Fake
Lula e Eduardo Paes foram vaiados durante jogo do Vasco no dia 27/2/2023,Fake
"Lula chama Erika Hilton de ""ele""",Fake
Lula diz que compraria voto de baianos por 10 reais,Fake
Urnas dos EUA são test drive para Brasil,Fake
"Lula ladrão, seu lugar é na prisão, na inauguração de ponte construída por Bolsonaro",Fake
Soma de percentuais de votos das regiões mostra que Bolsonaro venceu as eleições,Fake
General Manda Tomar Código Fonte a Força De Moraes. Com a Paciência Pouca Ele Abre o Jogo: 'Vou Mostrar Quem Manda'. A Paciência Acabou,Fake
Estes bastões de beisebol foram apreendidos nos atos críticos a Bolsonaro realizados em São Paulo ou no Rio de Janeiro em 7 de junho,Fake
É impossível fazer uma auditoria em eleições aqui no Brasil.,Fake
Senadores pedem impeachment dos ministros Toffoli e Moraes em 2022,Fake
Qualquer narrativa de que o 8 de janeiro de 2023 foi uma tentativa de golpe deveria ter sido enterrada no dia em que foi publicado que o ex-ministro do Gabinete de Segurança Institucional (GSI) falsificou o relatório do atentado enviado à comissão de inteligência do Congresso,Fake
Boulos não foi condenado em nenhum dos cinco processos em que foi réu. O político também não foi enquadrado pela Lei da Ficha Limpa.,True
New York Times publicou reportagem sobre investigação de Trump contra Eduardo Bolsonaro,Fake
Estamos sendo impedidos pelo TSE de vacinar contra a poliomielite,Fake
"DIVISOR DE ÁGUAS – Para o presidente da CBF, o Mundial de 2027 será um marco para o futebol feminino brasileiro e da América do Sul.",True
Maior número de votos para presidente em Macapá é indício de fraude eleitoral,Fake
Manifestação em Belo Horizonte contra o presidente Jair Bolsonaro em 19 de junho de 2021,Fake
É estranho Lira denunciar atentado na Câmara porque sistema caiu nas eleições.,Fake
Pra ninguém esquecer essa foto do Carluxo segurando uma arma e um vaso de flores minutos após Marielle Franco ser assassinada.,Fake
Mulher entregou a homem na multidão a faca usada em ataque a Bolsonaro,Fake
"""Aos 50 anos de idade e com 20 de descontos como deputado, Marques Mendes requereu a pensão a que tinha direito, no valor mensal vitalício de 2.905 euros.""",Fake
Reinaldo Azevedo faz críticas na cara de Lula,Fake
"""Louçã foi eleito para o Conselho de Estado porque BE ficou em terceiro, logo, Ventura tem de ter agora um lugar nesse órgão""",Fake
Presidente Bolsonaro tem provas sobre a insegurança das urnas eletrônicas. Hacker teve acesso ao código-fonte das urnas e milhares ou milhões de votos foram adulterados em 2018,Fake
Foto mostra Lula preso pela Polícia Federal em 2018,Fake
Fernandinho Beira-Mar disse que a política da extrema-direita brasileira é pior que qualquer facção,Fake
Bolsonaro defendeu o aborto em discurso na Câmara,Fake
"""Auditoria internacional reconheceu que houve fraude nas eleições presidenciais do Brasil de 2022"".",Fake
Arnaldo Jabor escreveu texto de apoio a Jair Bolsonaro,Fake
TSE permitirá voto por celular nas eleições de 2020.,Fake
Governo federal inaugura primeira Casa da Igualdade Racial no país,True
O deputado federal José Guimarães escondeu dólares na cueca e virou presidente de uma comissão de combate à corrupção,Fake
Haddad diz que gosta de taxar os pobres,Fake
Indígenas caminhando em direção ao Congresso protestando contra Lula,Fake
Google deixará o Brasil após decisão do STF,Fake
Flávio Dino visitou o Complexo da Maré sem segurança,Fake
Flávio e Eduardo Bolsonaro pedem doações para custear processo do pai,Fake
"Você sabe que eu fui condenado e o crime que eu cometi foi ""fato indeterminado"". Esse é o crime que eu cometi: fato indeterminado.",Fake
"Se preferir, baixe o aplicativo e-Título (título de eleitor em meio digital, disponível para Android ou iOS ), que substitui documento oficial com foto.",True
Jair Bolsonaro obteve zero voto em São Gabriel da Cachoeira nas eleições de 2022,Fake
Lula disse que só ganhou as eleições porque os nordestinos são analfabetos,Fake
Eduardo Bolsonaro renuncia ao cargo de deputado federal e fica nos EUA,Fake
Primeira Turma do STF forma maioria para suspender o X,Fake
Ninguém pode ser preso nos dias próximos a uma eleição,Fake
"""Sérgio Moro escreveu carta a apelar à revolução do povo brasileiro""",Fake
Retrospectiva do governo Lula em 2023; um verdadeiro desgoverno,Fake
Bolsonaro foi inocentado da acusação de tentativa de golpe de Estado,Fake
Vídeo mostra invasão ao Congresso Nacional por policiais em 2022,Fake
Bolsonaro disse que irá ‘entregar’ todo mundo caso seja preso,Fake
"A ponte entre Pará e Tocantins que Bolsonaro deixou quase pronta, o Lula se recusa a terminar e entregar para o povo",Fake
Homem diz para Lula que o maior orgulho que já sentiu dele foi quando o petista foi preso,Fake
"Mortes por covid no Grupo Conceição de 01/01 a 03/03: os vacinados com 2 ou 3 doses somam 85,7% dos que morreram",Fake
"Vídeo do senador Cleitinho em que ele diz que após a decretação de uma medida judicial contra as bandeiras de cartões de crédito, consumidores poderiam receber valores significativos em cashback e milhas acumuladas desde 2015.",Fake
Datafolha computou para Haddad voto declarado em Bolsonaro,Fake
"Luís Roberto Barroso disse que “eleição não se vence, se toma”.",Fake
"A questão de extirpar a maconha na América do Sul... Vejam, as pessoas inventam e vão passando para blogs que ninguém conhece. Os blogs vão proliferando e uma invenção vira uma verdade de que, por mais ridícula que seja, você tem que ficar sempre se defendendo.

Nós temos, no Brasil, um prejuízo de R$ 30 bilhões de contrabando de cigarro.

72% das mulheres que estão presas… vejam a gravidade: de cada dez mulheres presas, sete são presas por tráfico; dessas sete, se uma realmente for traficante, é muito.

A alteração legislativa despenalizou o usuário, não descriminalizou (...). Isso, ao invés de diminuir o número de prisões, fez com que aumentasse, porque se passou a tipificar o usuário que estava naquela linha tênue entre usuário e pequeno traficante, que compra um pouco mais e vende para sustentar o seu vício, esse, que antes da lei de 2006 era tipificado como usuário, passou a ser tipificado como traficante.",Fake
Trump ameaçou vir ao Brasil com Exército,Fake
Ministro Alexandre de Morais afasta dois auditores da Receita Federal,Fake
A primeira mulher presidente da Namíbia ordenou a deportação de mais de 500 americanos,Fake
"Leonardo DiCaprio: A senhor está afundando o Brazil, Mr. President! @jairbolsonaro. Bolsonaro: E tu, que afundou aquele navio, seu leso?",Fake
Apoio a Jair Bolsonaro repercute nas redes sociais. Uma cena inesperada durante o jogo do Vasco chamou a atenção de todos.,Fake
Urnas brasileiras não mudaram,Fake
Vídeo mostra comício de Lula em Montes Claros no dia 15 de setembro com baixa adesão,Fake
Moraes censura posts que ligam sua mulher ao caso do Banco Master,Fake
"""A pessoa tem que aprender a tirar a bunda da cadeira e andar um pouco""",Fake
"'Caso Bolsonaro seja eleito, saio do STF', diz Gilmar Mendes",Fake
PT só venceu a disputa para prefeitura em 46 municípios,Fake
Eleitores do PT espancaram idosas eleitoras de Bolsonaro,Fake
"Em evento na cidade de Porto Alegre (RS), o Senador Flávio Bolsonaro (PL-RJ) afirmou que pretende REVOGAR A ISENÇÃO DO IMPOSTO DE RENDA do Presidente Lula (PT-SP)",Fake
"Serviço Secreto de Israel, Mossad, descobre e comprova envio de recursos do governo Lula para o Hamas, Hezbollah, Irão e compra de petróleo da Rússia.",Fake
"""Lula confessa que gastou 60 bilhões de dólares na COMPRA de VOTOS para vencer as eleições de 2022""",Fake
"A primeira ministra italiana, Giorgia Meloni, se negou a apertar a mão do presidente israelense, Benjamin Netanyahu",Fake
governo criou im posto pra quem movimenta R$ 5 mil por mês,Fake
"Se você for procurar o Diário do Congresso de 2 de abril de 1964, ele não existe mais",Fake
"Trump vai decretar Jair Messias Bolsonaro, cidadão americano, e nomear ele embaixador dos Estados Unidos no Brasil",Fake
Bolsonaro está livre!! 2026 vem para presidente.,Fake
"Donald Trump humilhou o primeiro-ministro da Espanha, Pedro Sánchez, mandando-o sentar, quando este tentou um talking com o Mr. President. Lol",Fake
Ministro do STF André Mendonça afirma que a casa tem feito perseguição descarada contra Jair Bolsonaro e que estão tentando calar milhões de brasileiros.,Fake
"A decisão do ministro do STF Edson Fachin em 8 de março ""inocentou"" o ex-presidente Lula",Fake
Wisconsin tem mais votos computados do que eleitores registrados.,Fake
O PT tinha acabado com a fome no Brasil,Fake
Lula definiu Jean Wyllys como ministro da educação,Fake
Vídeo mostra governante da Coreia do Sul orando ao lado de Bolsonaro,Fake
"Lula e Janja sendo escorraçados do shopping Barra, Salvador (BA)",Fake
"Marçal, Hang e Flávio Bolsonaro promovem programa de resgate a saldo no CPF",Fake
"“Ao completar 5 anos de idade, a criança passa a ser propriedade do Estado! Cabe a nós decidir se menino será menina e vice-versa! Aos pais cabe acatar nossa decisão respeitosamente! Sabemos o que é melhor para as crianças!” - Fernando Haddad",Fake
Polícia Federal concluí que troca de mensagens entre Flávio Bolsonaro e Daniel Vorcaro não apresenta indícios de crime,Fake
[As pesquisas eleitorais] usam dinheiro público para manipular o público.,Fake
Eduardo Bolsonaro e André Porciuncula Esteves roubaram R$ 600 milhões da Lei Rouanet para abrir empresa nos Estados Unidos,Fake
Putin diz que na Rússia golpistas são executados em referência à prisão de Bolsonaro,Fake
Governador Tarcísio quer taxar gorjeta de garçons em São Paulo,Fake
"Flávio Bolsonaro, que também está no inquérito do golpe, acaba de fugir do Brasil. O golpista foi para a Europa.",Fake
Lulinha opera empresas-fantasmas para receber valores milionários,Fake
Policiais acionados na casa de Moraes; Trump quer sancionar novamente o ministro,Fake
Estátua de Che foi retirada de cidade do Rio após eleição de Bolsonaro,Fake
Decreto assinado! Governo libera saques para quem utilizou pix e cartão de crédito entre 2019 e 2022,Fake
"Capa da Veja diz que Sergio Moro impediu investigações de crimes de Aécio, Cunha e Temer",Fake
Lula diz que pobre tem que trabalhar porque se estudar ele parar de votar.,Fake
Corte de madeira em Cachoeira do Aruã (PA) mostra descaso do governo Lula com a Amazônia,Fake
Moraes disse que “pouco importa se a minuta apreendida era a minuta real do plano golpista”,Fake
Fui o nome mais pesquisado no Google [depois dos debates],Fake
Cantora erra hino nacional em evento de Lula e Alckmin,Fake
Adélio Bispo confessou que o PT mandou matar o ex-presidente Jair Bolsonaro (PL),Fake
"Lula apresentou proposta para proibir aplicativos como Uber e iFood, conforme havia alegado Eduardo Bolsonaro em 2022.",Fake
Lula vaiado no Congresso em 2025,Fake
Brasil do 36ª para 119ª lugar em ranking de educação durante governos do PT,Fake
"""Maduro, o amigo do lula está dando papelão moído para o povo comer dizendo que é atum. Enquanto isso no Brasil o lula tá prometendo abóbora no lugar da picanha prometida em campanha eleitoral.""",Fake
"Ela [a construtora Camargo Corrêa] deu para o instituto [Lula] acho que a metade do que ela deu para o [Instituto] Fernando Henrique Cardoso, metade, deveria ter dado mais, mas deu menos.",Fake
Lula é capa da revista Time em maio de 2026,Fake
"Se eu quiser vencer uma batalha, eu preciso construir uma narrativa para destruir o meu potencial inimigo. Você sabe a narrativa que se construiu contra a Venezuela, de antidemocracia e do autoritarismo",Fake
Presidente eleito de Portugal fez ‘dancinha da picanha’,Fake
"Quando a Luiza Erundina foi prefeita de São Paulo — em 88 que ela ganhou — a um dia da eleição, ela estava em terceiro lugar. Era João Leiva, Maluf e ela em terceiro, a um dia da eleição, na pesquisa. (…) A manchete do jornal, no dia da eleição, era ‘Maluf deve ser o próximo prefeito’. Quando abriu a urna, Erundina se elegeu.",Fake
O Tribunal Superior Eleitoral (TSE) publicou um vídeo em 2017 defendendo o voto impresso,Fake
"Advogados do ex-presidente Jair Bolsonaro alegam Alzheimer para tentar o ""Mito"" em prisão domiciliar.",Fake
Nikolas Ferreira diz que ministro Luiz Fux precisa concluir pesquisa para libertar Bolsonaro,Fake
Nikolas Ferreira se hospedou em hotel cinco estrelas em Cristalina (GO),Fake
Lula já fala em acabar com o Congresso,Fake
"Essa manifestação pró-Bolsonaro ocorreu em 2023, após eleição de Lula",Fake
O que eu acho grave é que todos os partidos receberam dinheiro da mesma fonte. Os empresários dão dinheiro para todos os partidos.,Fake
Público não compareceu ao desfile de Sete de Setembro em Brasília,Fake
Vídeo mostra prefeito de São Paulo agradecendo Bolsonaro por vacinas hoje,Fake
"""Dia 20 de dezembro foi aprovado às escondidas do povo pelos deputados o 'regime geral de proteção de denunciantes de infrações'.
É o regresso da bufaria, uma tradição da inquisição que tanto jeito dá à pide (polícia de investigação e defesa da esquerda).""",Fake
Cármen Lúcia: Lei não permite candidatura de candidato condenado em segunda instância. Lula não será candidato,Fake
Lula tem 250 milhões de euros no banco do Vaticano,Fake
Lula quer confiscar terras atingidas por queimadas,Fake
STF tem maioria para manter prisão de ex-presidente do BRB,True
"Post feito pelo deputado federal José Medeiros (PL) que usa trecho de vídeo da GloboNews sobre confronto envolvendo soldados venezuelanos na fronteira com o Brasil. Em entrevista à emissora, um militar de Pacaraima (RR) cita que o território brasileiro foi atingido por gás lacrimogêneo, balas de borracha e tiros disparados pelo Exército da Venezuela. O deputado acrescenta o seguinte comentário à postagem: “Soldado brasileiro tomando tiro de borracha de exército venezuelano. Acabou!!!”",Fake
"A lei agora aprovada não resulta nenhum aumento de subvenção estatal, ou seja de aumento de dinheiros públicos para os partidos políticos.",Fake
Lula perdeu todas as eleições com votação manual e nunca perdeu eleição com urna eletrônica,Fake
Vídeos mostram voto em Bolsonaro sendo anulado,Fake
Foto atual de Jair Bolsonaro no hospital com o filho Carlos,Fake
Lula é ignorado no G20,Fake
"“Segundo a Veja, está publicado aqui, quem vazou esse processo para a Globo foi o seu governador [do RJ, Wilson] Witzel”",Fake
Eleitores receberam comprovantes do segundo turno das eleições 2022 antes de sua realização,Fake
"Lula é responsável por demarcações de Raposa Serra do Sol e Suiá Missú, que prejudicaram agricultores",Fake
"Eduardo Paes levou o Lula ontem ao jogo do Vasco. Meu valoroso respeito a torcida vascaína, que recepcionou como devia esse bandido.",Fake
"E, graças a Deus, nós conseguimos acabar com a fome no país [durante os governos do PT]",Fake
Gilmar Mendes e Tóffolli foram enfiados no STF de forma ilegal,Fake
"“Tem o áudio dele [Pablo Marçal] onde prova claramente que ele integrava a cúpula da organização criminosa, invadindo conta das pessoas aposentadas, dos mais pobres, para tirar o dinheiro.”",Fake
Atentados contra Bolsonaro e Trump foram forjados,Fake
"Após acusação de assédio, Silvio Almeida reaparece para pedir votos ao Guilherme Boulos",Fake
Maioria dos ministros do STF foram indicados por Lula,Fake
Temer e FHC usam a Abin para ameaçar Temer?,Fake
"Candidata a vereadora de Palmas, no Tocantins, começou a apuração das urnas com 1.111 votos e terminou com 58, o que aponta fraude nas eleições",Fake
Bolsonaro deixou pronta a ponte sobre o rio Araguaia,Fake
Alguém [Boulos] que agora se converteu na Assembleia de Deus.,Fake
Vídeo mostra Jair Bolsonaro dizendo que Michelle Bolsonaro foi condenada por tráfico de drogas,Fake
Vídeo mostra Biden travando durante discurso,Fake
Ministros do TSE levaram apenas um minuto e seis segundos para cassar Deltan Dallagnol,Fake
Foto de Vorcaro com Bolsonaro e Campos Neto,Fake
Pesquisa realizada hoje pelo instituto Paraná Pesquisas e registrada no TSE mostra Bolsonaro vence hoje em todos os estados,Fake
Jair Bolsonaro sai do hospital em pé acenando para apoiadores,Fake
"Circula nas redes, inclusive no WhatsApp, mensagem falsa sobre o resultado da votação para presidente no município de Barreiras, na Bahia. A mensagem diz que a cidade tem 153 mil habitantes, e vem acompanhada de uma imagem mostrando que, supostamente, o ex-presidente e candidato à reeleição Luiz Inácio Lula da Silva (PT) teria recebido 213 mil votos no local.",Fake
Invasão a uma loja da Havan após a eleição de Lula para a Presidência,Fake
"NOSSO PRESIDENTE Bolsonaro...🇧🇷🇧🇷🇧🇷💯
Olha o brinquedinho novo que o governo Bolsonaro, implantou na PRF!!! Esse é o
#BRASILQUE_EU_QUERO",Fake
Votação pela urna eletrônica pode ser manipulada via internet,Fake
"""O descondenado Lula deu indulto no último dia da sua presidência (31/12/2010) a Cesare Battisti, terrorista italiano que matou pelo menos quatro pessoas num atentado""",Fake
As empresas Probank que faziam manutenção das urnas eram de José Dirceu,Fake
Houve onda de protestos no Brasil em 18/02/2023 após decisão do STF de proibir a prisão após a segunda instância,Fake
Caminhoneiros começam a parar após prisão de Bolsonaro,Fake
Reforma Tributária permite ao governo tabelar os preços dos imóveis,Fake
"O G7, mesmo quando o Brasil chegou à sexta economia do mundo, a gente era convidado como convidado e não como participante",Fake
Decisão do TSE de manter direito de voto a presos na eleição de 2026 é golpe,Fake
"Vídeo mostra cédulas de votos em Javier Milei rasgadas e rasuradas, comprovando fraude eleitoral",Fake
STF e TSE querem cassar candidatos cristãos,Fake
Imagem prova que Randolfe Rodrigues fingiu tomar vacina contra covid,Fake
Lula proíbe cercas elétricas e facilita para bandidos roubarem.,Fake
Lula concedeu entrevista bêbado,Fake
"A posse da primeira diretoria da ANSN simboliza uma nova fase para o Brasil, alinhando o país às melhores práticas internacionais na regulação nuclear e fortalecendo a credibilidade técnica e a transparência institucional.",True
A irmã orou tanto pro filho sair das drogas aí foi lá votou no 13 e o STF liberou,Fake
Comandante do Exército cobra contraprovas do TSE sobre fraude nas urnas,Fake
"STF acata pedido da Receita Federal, desliga rastreamento de bebidas e mortes por metanol explodem no Brasil",Fake
Lula anunciou construção de prisão exclusiva para pessoas de direita,Fake
Bomba. Donald Trump em sua rede social falou que não convidou Lula para sua posse porque lugar de ladrão é na cadeia e não na presidência. Já dorme sem essa bandidão de 9 dedos,Fake
Lula disse ser contra cuidar de pobres porque já tem seus votos na eleição,Fake
"Nunca estive em nenhuma obra de inauguração [sic], nem de estradas, nem de autoestradas, nem de pontes, nem de coisa nenhuma. Estaria lá com certeza o senhor ministro da Economia em representação do Governo.",Fake
Veja o Jair Bolsonaro vai usa tornozeleira eletrônica,Fake
"Daí eu convidei os embaixadores para mostrar o inquérito 1361, e com todo respeito, mesmo que seja um outro... Um outro foco, um inquérito, após a minha conversa com os embaixadores, no dia seguinte, ser classificado como confidencial, a gente fica um pouco surpreso com isso",Fake
Não é possível fazer denúncia de crime eleitoral contra o PT no aplicativo Pardal do TSE,Fake
Vídeo mostra Bolsonaro em praia no Rio de Janeiro em 13/5/2023,Fake
Convite à posse de Trump apresentado por Bolsonaro é resposta automática de site,Fake
"“Ele [Guilherme Boulos] falou aqui, gente, infelizmente, mais uma inverdade: que eu dei o negócio do transporte aquático para Transwolff. Quem opera, quem opera, é a Prefeitura de São Paulo, é a SPTrans.”",Fake
Lula estava bêbado em Paris,Fake
"Flávio Dino disse que a partir de agora, quem for pego com uma arma na rua que não for ladrão, vai ser preso",Fake
G1 noticiou que Lula disse que se houver aumento na conta de luz não fará diferença,Fake
Nós estamos aumentando o efetivo da Polícia Federal.,Fake
Deputadas extremistas vão à ONU contra denunciar estupradores,Fake
Guilherme Boulos afirmou no Twitter que irá decretar que pessoas com quartos sem uso abriguem moradores de rua,Fake
"Site ""Veja seu Voto"" mostra votos de mortos para Lula, o que o STF fará?",Fake
Vídeo mostra Lula falando em inglês sobre compra de Viagra para as Forças Armadas,Fake
Bolsonaro não recebeu votos em Manicoré (AM),Fake
Lula confessou ter levado 11 contêineres de presentes após fim de segundo mandato,Fake
Deputada Maria do Rosário disse que perdoaria estupradores,Fake
CyberArmy vaza dados do TSE no dia da eleição,Fake
"MARCOLA, CHEFE DA MAIOR FACÇÃO CRIMINOSA, DECLARA VOTO EM LULA",Fake
Eliane Cantanhêde disse que Bolsonaro precisa ser preso por ser popular,Fake
Prédio da Localiza mostra frase “BH é Bolsonaro”,Fake
Vídeo mostra juíza dos EUA dando recado para Moraes,Fake
Vídeo mostra recepção de Bolsonaro em Goiânia no dia 11 de agosto de 2022,Fake
"Publicação no TikTok que reproduzia trecho de live do deputado federal Coronel Tadeu (PL-SP) junto com o empresário argentino Fernando Cerimedo em que eles afirmavam existir seções eleitorais com 1,5 mil eleitores, o que seria indicativo de fraude eleitoral. No vídeo, eles alegam que, como o tempo médio de votação de um eleitor no primeiro turno era de um minuto e as seções eleitorais ficam abertas por 540 minutos (9 horas, das 8h às 17h), não seria possível haver seções eleitorais que tivessem mais de 540 eleitores. “Se uma pessoa leva um minuto para votar, só pode no máximo 540”. “Você tem 9h de votação, 540 min. Se ele encontrou 1.500 votos em uma urna que só podia ter 540 significa que cada pessoa votou em 20 segundos”. “É sinal de que votos foram inseridos na urna”, concluem.",Fake
Católicos vão ser excomungados por votar em partidos comunistas,Fake
Vídeo mostra homem preso por montar bomba em caminhão em Brasília junto de Flávio Dino,Fake
URGENTE: PESQUISA Tracking BTG. Acabou de Sair para o Mercado Financeiro: Bolsonaro 77%. Haddad 23%,Fake
Guga Chacra chora ao vivo ao ver Donald Trump sendo eleito nos Estados Unidos,Fake
A revista francesa Charlie Hebdo publicou capa satirizando o STF e Lula,Fake
Ursal armou esquema para manipular urnas,Fake
Vídeo mostra urna anulando voto em Bolsonaro,Fake
"Mediador do debate da TV Cultura, Leão Serva, arremessa celular para longe após cadeirada de Datena contra Marçal",Fake
Petrobras fez acordo sobre preços da gasolina,Fake
Lula vai colocar banheiro unissex nas escolas de crianças,Fake
"Bolsonaro não foi votado na cidade de Manicoré, Amazonas",Fake
Diretor do Datafolha confessa plano para fraudar urnas eletrônicas,Fake
"Antes desse encontro, dia 22, o @TSEjusbr julgará a inelegibilidade de @jairbolsonaro por ter se reunido com embaixadores. No próximo dia 29 Lula se reunirá com ditadores Maduro (Venezuela), Ortega (Nicarágua), Diaz-Canel (Cuba)...",Fake
Moraes bloqueia conta de Bolsonaro que pedia PIX,Fake
Registro de aperto de mãos de Lula e Daniel Vorcaro,Fake
Boletim de urna no lixo prova que houve fraude na eleição de 2018,Fake
"O Exército brasileiro encontrou água em Caicó, no Rio Grande do Norte, durante o governo do presidente Jair Bolsonaro",Fake
"O Ipec divulgou uma nova pesquisa contratada pela TV Globo sobre a intenção de voto para as eleições presidenciais. A disputa segue estável. Jair Bolsonaro tem 46%, e Lula tem 31% das intenções de voto",Fake
"Fotos mostram o ministro Alexandre de Moraes jantando com José Dirceu, em Portugal",Fake
Imagem modificada faz cartaz pró-Bolsonaro virar mensagem falsa sobre Moro,Fake
Vídeo mostra fiscais do Ibama incendiando mata no Maranhão para culpar Bolsonaro,Fake
"Essa vitória eu dedico a todo povo mexicano que sofre com o partido de esquerda no poder, e ao maior defensor das liberdades nas américas, Jair Messias Bolsonaro, o melhor presidente de todos os tempos",Fake
Bolsonaro ameaça Alexandre de Moraes em vídeo gravado no dia 13 de dezembro de 2022,Fake
"Proibido de ir aos EUA, vídeo de Bolsonaro e Michelle é exibido na Times Square em Nova York",Fake
​​Lula sancionou voto impresso a partir de 2014,Fake
Senado determinou fim do transporte público gratuito para idosos,Fake
O TSE vetou a campanha de vacinação do Ministério da Saúde contra poliomielite,Fake
"Lula afirmou que pobres não devem estudar, só trabalhar",Fake
"Dino ""arregou"" de decisão sobre Magnitsky",Fake
Alexandre de Moraes admitiu que 'houve fraude' nas eleições de 2022,Fake
O dono do caminhão que transportou as urnas é petista,Fake
Lula disse que é formado em Medicina,Fake
Governo federal vai taxar heranças em 40% e venda de imóveis em 25%.,Fake
Programa de governo registrado no TSE de Marcelo Crivella,Fake
"Conta de luz sobe quase 50% puxada por imposto. Com R$ 18,00 dá pra pagar o aumento da conta de luz?",Fake
"Dos 38 deputados que votaram contra o impeachment do Collor em 1992, 37 não se elegeram mais, nem para síndico de prédio. Fica o lembrete aos nossos caros deputados. Apenas Roberto Jefferson se reelegeu.. Veja quem são e como estão todos os 38 políticos em nossa tabela detalhada.",Fake
General Heleno é presidente do país por tempo indeterminado,Fake
Prefeito Elinaldo Araújo é preso por compra de votos em Camaçari,Fake
Bolsa Família do governo Lula pagará entre R$ 150 e R$ 375,Fake
Tem 34 facções criminosas no Brasil.,Fake
Governador Tarcísio coloca frota de ônibus movidos a água para rodar em SP,Fake
Vídeo mostra que eleitora idosa de SC teve seu título cancelado sem motivo,Fake
"Na semana seguinte ao segundo turno de 2018, foi instalado o inquérito 1361 para apurar inconsistências, fragilidade do sistema eleitoral.",Fake
"Apenas Brasil, Venezuela e Cuba utilizam urnas eletrônicas nas eleições",Fake
Modelos anteriores à UE2020 apresentam código incorreto que inviabilizam conferência dos boletins das urnas,Fake
Demétrio Magnoli foi demitido após criticar a possível cassação do mandato do senador Sergio Moro (União Brasil),Fake
Humilhação: Lula é ignorado por Biden após seu pronunciamento. Deixe sua opinião!,Fake
Bolsonaro é carregado por multidão em Franco da Rocha em 2022,Fake
"Netanyahu foi eleito ""assassino do ano"" pela revista Time.",Fake
TSE não cumpre lei para impressão de voto sancionada por Lula,Fake
Governo Bolsonaro inaugura primeiro poço artesiano que funciona com energia solar,Fake
STF foi incluído em uma investigação do Congresso dos Estados Unidos e seus membros 'estarão sujeitos às penalidades legais e criminais do direito americano e internacional',Fake
Lula disse que pobre tem que passar fome,Fake
"SUA HORA ESTÁ CHEGANDO, [ALEXANDRE DE MORAES], GOSTA TANTO DE MANDAR PRENDER NÃO É MESMO POIS AGORA VAI TER QUE EXPERIMENTAR DO SEU PRÓPRIO VENENO!!",Fake
"Subprocurador-geral da República Nicolao Dino, irmão de Flávio Dino, está envolvido no roubo do INSS.",Fake
Foto mostra operação do FBI contra fraudes eleitorais em Wisconsin e Michigan,Fake
PT pagou 50 bilhões pela inelegibilidade de todos os deputados do PL,Fake
"Quem conhece a minha história sabe que na campanha de 2018 eu caminhei de um lado, Bolsonaro de outro. Em 2022, a mesma coisa. Exceto no segundo turno, quando eu já estava reeleito e o apoiei.",Fake
"O ministro Alexandre de Moraes, do Supremo Tribunal Federal, lucrou ""milhões de dólares"" com o tráfico internacional de drogas, libertar chefes do crime organizado de prisões brasileiras e de manter associação criminosa com carteis de drogas mexicanos. Os crimes chegaram ao conhecimento do FBI por meio da deputada Paula Belmonte (Cidadania-DF), que entregou as provas pessoalmente na sede do departamento de investigações americano, em Washington. Com isso, o diretor do FBI, Christopher Wray, enviou agentes para levar Moraes sob custódia para os EUA",Fake
Ministro do STF Alexandre de Moraes manifesta preocupação com a qualidade das drogas no Brasil,Fake
Presidente mexicana Claudia Sheinbaum publicou texto com críticas a Trump,Fake
"Papa envia terço a Lula, preso político há 67 dias.",Fake
"Após um advogado ser impedido de entrar na sessão do Supremo Tribunal Federal (STF) que julgava denúncia contra o ex-presidente Jair Bolsonaro (PL) e outras sete pessoas, começaram a circular posts dizendo que o órgão feriu o Estatuto da Ordem dos Advogados do Brasil (OAB), segundo o qual advogados podem entrar livremente em qualquer julgamento.",Fake
Parentes de homem que atacou Bolsonaro trabalharam com deputada Maria do Rosário,Fake
Mexeu com o Xandão já era em. 14/03/2023,Fake
Lula criou imposto para taxar compras da Shein,Fake
"Para fazer auditoria na votação presidencial, basta colocar o número do candidato em quem votou ao lado da assinatura do eleitor no momento da votação.",Fake
"Gasolina era mais barata no governo Bolsonaro, enquanto governo Lula aumenta preço do combustível",Fake
"""Lula dispara nas pesquisas! 93% querem ele preso novamente este ano""",Fake
Ministro do STF [André Mendonça] acompanhar um presidente [Jair Bolsonaro] em jogo de futebol é algo estranho,Fake
Pesquisa da Tv Record mostra Jair Bolsonaro com 59% das intenções de voto contra 16% do segundo colocado,Fake
Documento prova que Guilherme Boulos foi internado em 2021 por uso de cocaína,Fake
Soltura de Lula é provisória,Fake
Os Estados Unidos têm 10 mil bancos aproximadamente.,Fake
Advogado defende a impressão de comprovantes de votação durante julgamento no STF e fala sobre falhas encontradas nas urnas eletrônicas que poderiam ameaçar o processo eleitoral.,Fake
TSE pode ser pego por fraude em terceirizações,Fake
"Placa ""marginal Luis Inácio Lula da Silva"" homenageia presidente",Fake
Schwarzenegger usa camiseta em apoio a Jair Bolsonaro,Fake
Voto é anulado ao votar para presidente e em branco para os demais candidatos,Fake
"""George Soros foi preso e está atualmente sob custódia federal na Filadélfia. (…) Soros cometeu uma série de crimes graves antes da eleição nos Estados Unidos.""",Fake
"Correios argentinos não lançaram selo ""Lula Libre""",Fake
"Em vídeo, Lula se pronuncia sobre a morte do cão Orelha",Fake
Primeiro presidente a reduzir impostos,Fake
2 de abril de 1964 não existe no Diário do Congresso,Fake
Polícia Federal fez dossiê contra Nikolas Ferreira e irmão de Bolsonaro,Fake
"""Mariana Mortágua acaba de ser eleita pelo método marxista antidemocrático de braço no ar. E não pelo voto secreto. Vamos esperar pela posição do Tribunal Constitucional sobre a falta de respeito pela constituição desta eleição e deste partido. Estes é que são um perigo para a democracia.""",Fake
Ministro André Mendonça disse no plenário do STF que Jair Bolsonaro sofre perseguição descarada da Justiça,Fake
Lula está prestes a ser transferido para penitenciária comum,Fake
Policiais são proibidos de combater tráfico de drogas em Guarulhos durante governo Lula,Fake
"Professores protestam contra governo Lula por reajuste de 0,37%",Fake
"Presídio de Bangu 1, em dia de visitação. Já que os ""semi-deuses"" do STF proibiram a revista para não ""constranger os inocentes visitantes"", a Administração do presídio usou um cão farejador. Vejam o resultado! VIRALIZEM. REPASSEM.",Fake
"Governo Lula é uma ditadura das mais ferrenha que já teve no país, que persegue absurdamente como é o caso do Nego Di. E Monark avisou",Fake
"""Urgente. Carlos Bolsonaro foi expulso de todas as redes sociais (Twitter, Facebook, Instagram) por ordem de Gilmar Mendes, após a mobilização da hastag #impeachmentGilmarMendes""",Fake
Lula mente sobre resultados do governo federal em pronunciamento oficial,Fake
"Flávio Dino é flagrado dançando com vestimentas indígenas em Festa do Pescador de Baixo Guandu, no Espírito Santo. Não interessa em quem você votou, mas seja sincero, isso é postura de um ministro?",Fake
Fernando Haddad disse que gosta de taxar pobres e que eles são 98% da população brasileira,Fake
Mulher de Tom Cavalcante recebe R$ 10 mi do governo via Lei Rouanet para produzir longa-metragem,Fake
Elon Musk postou no X provas de que eleições brasileiras foram fraudadas e que Jair Bolsonaro (PL) venceu as eleições de 2022,Fake
Guilherme Boulos vai incluir linguagem neutra nas escolas caso eleito,Fake
Vídeo mostra secretária de Trump rasgando documento enviado por Lula,Fake
Eu montei um ministério técnico.,Fake
Áudio vazado daPolícia Militar caracteriza uma ocorrência num comício de Pablo Marçal como 'tentativa de homicídio' contra o candidato,Fake
"Lula diz que, em janeiro, vai colocar caminhoneiros em seu devido lugar, porque o Brasil não pode parar",Fake
Portal G1 publicou uma matéria afirmando que Lula pretende acabar com o Pix se for eleito,Fake
Não é possível auditar urnas eletrônicas,Fake
"Esse vídeo passou no Jornal Nacional, só a parte que a Polícia do Planalto prende ele. Mas a parte que esse homem ameaça o Presidente Bolsonaro o Jornal Nacional não mostrou",Fake
"Se Bolsonaro vetar o fundão eleitoral? Túlio Gadêlha: Bolsonaro, derrubamos o veto.",Fake
Rodrigo Constantino anunciou que Eduardo Bolsonaro foi convidado a depor no Congresso americano,Fake
Janja vai assumir Presidência enquanto Lula estiver se recuperando de cirurgia,Fake
Lula destinou R$ 15 bilhões para a Lei Rouanet,Fake
Alexandre de Moraes jantou com José Dirceu em Portugal,Fake
"Empresa chinesa Lenovo comprou a Positivo, fabricante das urnas das eleições de 2022",Fake
"Parabéns ao presidente Bolsonaro e ao ministro Tarcisio de Freitas. Do Pará ao Maranhão, quase 1.000 km de trem.",Fake
"A revista reproduz várias acusações feitas pela ex-esposa de Bolsonaro em um processo que corria na Vara de Família sobre a guarda de filhos. O processo foi movido pelo presidente; ele, portanto, não é o réu.",Fake
Porta-voz dos EUA anunciou uma resposta militar à prisão de Bolsonaro,Fake
Senador Hamilton Mourão teve terreno de US$ 20 milhões confiscado por Trump nos Estados Unidos,Fake
A PARTIR DE AGORA AGRADEÇA AO SENADOR RANDOLFE RODRIGUES SE SUA CASA FOR ASSALTADA E VC NÃO PODERÁ MAIS DIVULGAR A IMAGEM DO ASSALTANTE QUE FOI PEGO PELAS CÂMARAS DE MONITORAMENTO DE SUA RESIDÊNCIA.,Fake
Foto de dinheiro apreendido pela PF mostra brindes entregues a Lula nas eleições 2022,Fake
STF suspende todas as prisões de Bolsonaro e ele está elegível novamente,Fake
Delegado que mandou prender Lula sofre tentativa de assassinato do PCC,Fake
Unafisco diz que Lula aumentou a carga tributária em 22%,Fake
Luciano Hang se emociona após Bolsonaro indicar Flávio Bolsonaro a presidência 2026,Fake
O papa cumprimentando os fiéis sem máscara é genocida? Ou a narrativa só vale para o presidente Bolsonaro?,Fake
"Publicações acompanhadas por um vídeo da participação de Demétrio Magnoli no programa Em Pauta, da GloboNews, afirmam que o jornalista foi demitido após fazer comentários criticando a possível cassação do mandato do senador Sergio Moro (União Brasil) pelo Tribunal Regional Eleitoral do Paraná (TRE-PR) por abuso de poder econômico na pré-campanha eleitoral de 2022.",Fake
"Hackers invadem urnas eletrônicas, mas TSE insiste que são seguras. Você confia?",Fake
Lula confessou que não ganhou a eleição,Fake
Nicolás Maduro denuncia Lula e o Foro de São Paulo em audiência nos EUA,Fake
"PT contrata ""manifestantes"" por R$ 20,00 para protestar contra BOLSONARO na inauguração do aeroporto na Bahia, mas não paga, veja a revolta dos militantes. Kkkkkkk",Fake
Boulos quer instaurar IPTU dos túmulos nos cemitérios,Fake
"Então, o líder das pesquisas com 50% tem 50 vezes menos assistindo a live dele do que a live nossa. É uma prova concreta de que isso é uma farsa. As pesquisas realmente não batem com a realidade.",Fake
A casa caiu Boulos: Médico dono de clínica ligada à acusação contra Boulos diz que laudo é verdadeiro,Fake
"Sem segurança, Lula fez comício em área controlada pelo Comando Vermelho",Fake
"Caminhão que estava indo para Venezuela.

Em um “golpe de sorte” foi interceptado pela PRF, numa blitz.

Depois de algumas perguntas para o motorista, como para onde ia vazio, este se mostrou muito nervoso. Foram encontrados centenas de milhares de dólares onde o motorista confessou que foi contratado para levar o caminhão até Caracas na sede do governo pelo escritório do instituto Lula em São Paulo. Nosso dinheiro sendo desovado pois o cerco está fechando.",Fake
"O Lula sobe 1% a cada 0,5% que Jair Bolsonaro cai",Fake
Campanha de Pablo Marçal teve custo zero,Fake
Médico de clínica ligada à acusação contra Boulos diz que laudo é verdadeiro,Fake
Enviar foto do comprovante de votação ajuda a fiscalizar a eleição,Fake
"Entrevista ao Roda Viva, da TV Cultura",Fake
"João Pedro Stedile, bêbado, se assume como petista corrupto",Fake
700 empresas japonesas querem investir no Brasil por causa das reformas defendidas pelo governo Bolsonaro,Fake
Títulos eleitorais são encontrados no lixo e explicam vitória do PT,Fake
Haddad é acusado de estuprar uma menina de 11 anos de idade,Fake
Porque nós encontramos esse país com 6.000 creches paralisadas.,Fake
A Aneel e Lula resolvem taxar o sol em 68%.,Fake
Juiz Sérgio Moro ganha mais de R$ 100 mil por mês,Fake
Fraude em urna em Uberaba pois havia mais eleitores para presidente do que para outros cargos,Fake
Estado da Pensilvânia declarou fraude nas eleições presidenciais dos EUA,Fake
Foto mostra multidão com Nikolas Ferreira na Caminhada pela Liberdade,Fake
TSE retoma julgamento que pode deixar Castro inelegível,True
Este vídeo prova que Vera Magalhães planejou enfurecer Jair Bolsonaro em debate presidencial,Fake
Moraes proibiu vídeo de Fux e Barroso falando sobre corrupção,Fake
"Ela é Claudia Sheinbaum, judia sionista (falso judaísmo de origem jazaro), Presidente eleita do México.
Tem tatuado o culto da morte, cruz invertida e Bahomet, príncipe dos demónios. Vê-se as tatuagens quando usa blusas sem manga.",Fake
Vídeo mostra fraude eleitoral nos EUA na qual voto de Trump é transferido para Kamala,Fake
Capa da revista Veja chama Alexandre de Moraes de golpista mentiroso,Fake
"O STF liberou para o Lula as mensagens trocadas entre membros da Lava Jato. O STF proibiu Bolsonaro de ter acesso às mensagens dos celulares de Adélio, o esfaqueador.",Fake
Trabalhador perdeu o direito a férias de 30 dias em 2025,Fake
Pablo Marçal indica link para resgate de saldo no CPF,Fake
Livro de Haddad cita “mandamentos de Lênin”,Fake
Documentos mostram que Bolsonaro foi eleito no primeiro turno em 2018,Fake
Facada contra Bolsonaro não aconteceu e foi forjada pelo presidente e por equipe médica,Fake
"Apoio do governo federal é R$ 50,9 bilhões de empréstimo ao Rio Grande do Sul",Fake
"Edson Fachin era advogado do MST?; Luis Roberto Barroso foi advogado de Cesare Battisti?; Ricardo Lewandowski era advogado do ex-prefeito Celso Daniel?; Toffoli era advogado do PT e foi indicado por José Dirceu?; Luiz Fux era sócio de Adriana Ancelmo, mulher de Sérgio Cabral, preso no Rio?; Filha de Marco Aurélio recebeu de Dilma indicação para ser desembargadora federal?; Mulher de Gilmar Mendes trabalha para o advogado de Eike Batista?; Rosa Weber é prima da mulher de Aécio Neves?; Celso de Mello morou com José Dirceu?; Alexandre de Moraes foi advogado do PCC?; Cármen Lúcia é prima de Sepúlveda Pertence?",Fake
Governo federal vai começar a cobrar por uso da transposição por falta de dinheiro para terminar a obra,Fake
Para ganhar votos de evangélicos presidente Bolsonaro vai acabar com o feriado de 12 de outubro dia da padroeira do Brasil nossa senhora de Aparecida,Fake
"Haddad teria feito propaganda de plataforma que investe em criptomoedas e sido processado pelo ""Banco Nacional do Brasil""",Fake
"Venezuelanos pró Maduro, estão entrando no BRASIL junto com refugiados, e desafiam soldados do exército brasileiro com o intuído do revide por parte deles. Ai nas mancheres da imprensa lixo vão colocar que BOLSONARO manda exercito agredir refugiados.",Fake
Deputados podem reformar-se ao fim de três anos de atividade e receberem reforma de 100% do vencimento,Fake
"Se Flávio Bolsonaro vencer, eu vou embora para Cuba, diz Lula",Fake
Governo alemão assume que não houve pandemia de Covid-19,Fake
Lula assume que tem fortuna pessoal de US$ 370 bilhões,Fake
"O TSE respondeu ao Ministério da Defesa dizendo que não existe sala secreta de apuração. Mas, não é o que diz esta reportagem do Jornal Nacional de 2014. Ela mostra os detalhes dessa sala, onde 'um seleto grupo de 23 pessoas testemunhou o que a população brasileira inteira queria ver'",Fake
"Gustavo Petro, traficante e ex-terrorista, recém eleito Presidente da Colômbia, ao lado de Pablo Escoba",Fake
G1 noticiou que governo Lula vai pagar indenização e pensão vitalícia a famílias de mortos em megaoperação no RJ,Fake
"Eu nunca igualei os dois países [Rússia e Ucrânia] porque eu sei o que é invasão, eu sei o que é integridade territorial",Fake
Flavio Dino defende autonomia do médico ao prescrever cloroquina contra covid,Fake
Ação da Rede no STF protege black blocs,Fake
TSE já confirmou a fraude no caso das rádios,Fake
"Flávio Dino disse que faz o que Lenin recomendava, ou seja, usar o “idiota útil” na linha de frente, inicitar o “ódio de classe” e “destruir a família e a espiritualidade”.",Fake
Sergio Moro tuitou elogio ao presidente da Câmara Rodrigo Maia no dia em que pediu demissão do Ministério da Justiça,Fake
Mulher diz que encontrou boletins jogados nas ruas de Curitiba e que eles não teriam sido contabilizados,Fake
Ministra Cármen Lúcia corta microfone do ministro Alexandre de Moraes,Fake
"Presidente da UNE, Iago Montalvão, tem 33 anos e estuda Ciências Sociais desde 2004",Fake
Quartel em Tucuruí foi pintado de vermelho após Lula assumir a presidência,Fake
Bolsonaro vai acabar com o feriado de 12 de outubro,Fake
Vídeo mostra fraude nas eleições na França em 2022,Fake
Lula foi substitúído por sósia em homenagem no Carnaval do Rio,Fake
Alexandre de Moraes e Viviane Barci de Moraes comemoram compra de imóvel e contrato com Banco Master brindando com champanhe,Fake
Foto mostra ato contra governo Bolsonaro no Rio de Janeiro ocorrido no dia 29 de maio,Fake
"Deputado federal: R$ 47.700,00 (Salário); R$ 94.300,00 (Verba de Gabinete); R$ 53.400,00 (Auxílio Paletó); R$ 5.000,00 (Combustível); R$ 22.000,00 (Auxílio Moradia); R$ 59.000,00 (Passagens Aéreas); R$ 17.997,00 (Auxílio Saúde); R$ 12.100,00 (Auxílio Educação); R$ 16.400,00 (Auxílio Restaurante); R$ 13.400 (Auxílio Cultural); Auxílio Dentista... Auxílio Farmácia... E outros, para LASCAR as nossas vidas! E o trabalhador R$ 1.412,00 para sustentar a família. Será que o problema do Brasil são os trabalhadores? Os aposentados??",Fake
Elon Musk revela transações milionárias de Alexandre de Moraes nos Estados Unidos,Fake
"Tuíte reproduz participação do comentarista Matthew Tyrmand no programa Tucker Carlson Tonight, da emissora Fox News, dos Estados Unidos. No vídeo, Tyrmand comenta os atos ao redor do Brasil que contestam, sem evidências, o resultado das eleições presidenciais, dizendo se tratar do “maior protesto democrático e possivelmente até da humanidade”.",Fake
Sabe os milicianos que foram presos? Olha só quem estava na festa de aniversário deles,Fake
Fux acaba de votar para inocentar Bolsonaro,Fake
Alexandre de Moraes trocou 48 urnas em cima da hora em SP para derrubar Marçal e favorecer Boulos,Fake
Carlos Bolsonaro diante de uma mesa de celulares,Fake
Lula disse que voto de nordestino pode ser comprado por grão de arroz ou R$ 10,Fake
Conclusão das investigações contra Bolsonaro não são divulgados pela imprensa; casos são factóides,Fake
Vídeo mostra cédulas de votação descartadas na rua nos EUA,Fake
Você pode jogar um tanque de combustível lá [Amazônia] que não pega fogo. A floresta é úmida.,Fake
Dois vídeos da contagem de votos nos EUA provam que a eleição foi fraudada,Fake
Vídeo mostra apoiadores de Lula explodindo uma balsa com opositores do candidato em uma fazenda sua no Pará,Fake
"Ele [Lula] tinha que ser homem, ele tinha que dar orgulho pra gente, mas ele não tá dando orgulho nenhum, não. Ele tá envergonhando os amazonenses. Ele tinha que botar um óculos na cara e sair na rua pra ver o que é que o povo tá fazendo. Não é pra ficar dentro de casa comendo picanha, não.",Fake
Lula destino a 15 milhões de reais as empresas do oriente médio afetada pela guerra e esse dinheiro sai do bolso do povo brasileiro,Fake
Numa banca da sua casa:,Fake
Lula cria 5 mil empregos para chineses na Bahia enquanto o estado sofre com desemprego,Fake
Vídeo mostra Bolsonaro no Agrishow,Fake
"Governo Lula bloqueia R$ 1,5 bilhão dos orçamentos da saúde e educação",Fake
Tarcísio de Freitas gravou áudios golpistas orientando população a se instalar frente a quartéis militares,Fake
Comissão aprova ampliação para 180 dias do prazo para transferência de domicílio eleitoral,True
"Eu gostaria de lembrar que durante a sua jornada no Senado, o senador Anastasia votou pela PL 513/2013, da qual ele foi relator, e essa PL acabou dando benefícios a bandidos, inclusive reduzindo a pena",Fake
Vídeo mostra Flávio Dino abraçando o assassino de Marielle Franco,Fake
Tabata Amaral é criadora de conteúdo adulto,Fake
ALEXANDRE DE MORAES PASSA O CARGO PARA DIAS TÓFOLLI,Fake
Moraes iniciou uma ditadura e determinou a prisão de todos os indígenas que o criticam,Fake
O governo vai implementar o sistema split payment nos próximos meses e pegar automaticamente 28% de tudo aquilo que o empresário ou lojista vender.,Fake
Lula anuncia norma que já existe há SETENTA ANOS. E a imprensa noticia como grande novidade,Fake
Representantes do governo Lula concordaram em assinar um documento que compromete o país a cortar sua produção agropecuária,Fake
É projeto do Boulos para São Paulo criação de IPTU de túmulos,Fake
O decreto [de emergência em saúde pública] foi publicado no dia 3 de Fevereiro de 2020 [pelo governo Bolsonaro] e foi enviado para o Congresso um Projeto de Lei com regras para a quarentena sanitária e foi descartado por Rodrigo Maia.,Fake
"""Isso é gravíssimo, tentaram matar os ministros do STF. Disseram que foi falha mecânica, mas foi sabotagem. Nos motores do avião que iria viajar o ministro luiz fux e André Mendonça no mesmo. Voo""",Fake
"O que é melhor: um grupo parlamentar do BE forte, capaz de fazer frente ao sistema financeiro e de dizer que já chega de dinheiro para a banca ou reeleger os deputados que por este país colocaram 25 mil milhões na banca e encerraram serviços públicos, tantos deles aqui em Viseu e no interior?",Fake
Vídeo mostra briga entre membros da campanha do PT,Fake
Os EUA teriam construído urnas eletrônicas para o Brasil,Fake
Alexandre de Moraes proibiu o uso de camisas do Brasil no dia da votação,Fake
Essa foto o bolsonarismo não quer que você espalhe porque mostra como estão fracos! O povo acordou! Bolsonaro vai perder a eleição e por isso está descontrolado,Fake
Donald Trump afirmou que tomará providências contra Moraes caso ele “encoste” em Eduardo Bolsonaro,Fake
Esta foto foi publicada originalmente pela campanha de Lula,Fake
Conseguiram identificar os nomes e votos de 100% dos eleitores,Fake
NUNES derruba decisão do STF - casa caiu,Fake
Governo Lula cobra que todos que receberam Auxílio Emergencial devolvam o dinheiro,Fake
"Ele próprio [Pablo Marçal é] condenado por fraude bancária, por golpe contra aposentado.",Fake
Nova campanha Resgata Brasil,Fake
Acabamos com a fome nesse país,Fake
"""Lula disse que o governador do Rio não merece estar preso só porque roubou o povo... só porque roubou dinheiro público""",Fake
"""É um caso de polícia"", diz Lula sobre relação entre Flávio e Vorcaro",True
Traficantes fazem L de Lula ao serem presos,Fake
"Postagem exibe captura de tela da notícia “Eduardo Bolsonaro e redes bolsonaristas terão que apagar fake news sobre Lula”, publicada pelo veículo independente Mídia Ninja em 2022. A matéria informa sobre uma decisão do Tribunal Superior Eleitoral (TSE) para ordenar a remoção de publicações que afirmassem que o petista iria proibir o trabalho de entregadores e motoristas de aplicativo, como iFood e Uber.",Fake
Vídeo mostra palestra de Eduardo Bolsonaro no Catar em 2022,Fake
"Mais de 90hs de conversas cabeludas entre ""M"" e integrantes do sistema de apuração das eleições durante a eleição de 2022, foram distribuídas para várias pessoas importantes do Brasil e dos EUA, prometem vir à tona",Fake
Urgente acontecendo em Portugal! Lula é expulso e jogado pra fora com chuva de ovos!,Fake
Guilherme Boulos diz que fará lockdown e quem tem quartos vagos terá que abrigar moradores de rua,Fake
"Caminhão foi flagrado transportando urnas e quem estava transportando era um petista, o que prova fraude.",Fake
Lula disse que 100% das mulheres mexicanas são mulheres,Fake
Bolsonaro se envolveu em fraude eleitoral,Fake
Lula promete que não vai enganar o povo mais uma vez,Fake
"Vídeo mostra discurso na Câmara dos Deputados de político dizendo que o sistema eleitoral brasileiro é uma fraude, que as urnas eletrônicas não são utilizadas em nenhum outro lugar do mundo e são programadas para favorecer candidatos. No início do vídeo, uma mensagem sugere que a gravação é recente e que teria sido retirada do YouTube.",Fake
Eleitores com mais de 60 anos não precisam votar nas eleições municipais de 2020 devido à pandemia de covid-19,Fake
Título de eleitor foi cancelado após maranhense faltar em eleição de 2016,Fake
"2004: Lula presidente, morre seu irmão João Inácio, Lula NÃO VAI ao enterro. 2005: Lula presidente, morre seu irmão Odair Inácio, Lula também NÃO VAI ao enterro. 2019: Lula presidiário, morre seu irmão Vavá, Lula QUER IR ao enterro.",Fake
Foto de jovem autor do atentado de Suzano fazendo gesto de apoio a Lula,Fake
Gilmar Mendes reconhece que o sistema de urnas eletrônicas tem falhas,Fake
https://www.instagram.com/reel/DR23RUzDhQb/,Fake
"O povo, em grande parte, teve arma, e diminuímos em quase 30% o número de mortes por arma de fogo no Brasil.",Fake
Vídeo mostra manifestação de brasileiros e americanos na Casa Branca contra o STF,Fake
Pai de Boulos tem mansão na zona sul de São Paulo,Fake
Depoimento de Mike Benz deixa claro que Brasil foi vítima de golpe de Estado,Fake
Colocaram Alexandre de Moraes para correr,Fake
Governo prepara Desenrola para trabalhadores informais e adimplentes,True
Pablo Marçal comprou uma Ferrari de Lula,Fake
A população de rua quase triplicou nos últimos três anos,Fake
Congresso dos EUA votará para afastar Alexandre de Moraes,Fake
Vídeo mostra Bolsonaro chegando a aeroporto na Argentina,Fake
"Em postagem no X, ministro Flávio Dino defende a desmilitarização das polícias do Brasil",Fake
Olha o motivo porque a deputada Flordelis adotou mais de 50 crianças e todas maiores de 12 anos....5 salários pra casa uma das 51 crianças. Entenderam o aparelhamento da esquerda?? Tirem suas conclusões.,Fake
"A gasolina tá cara? Não tá cara a gasolina, não. Não tá R$ 6,00, R$ 6,50, R$ 7,00, não é verdade. Tá custando na refinaria, o litro da gasolina, R$ 1,95, em média",Fake
Bolsonaro recebe homenagem militar dos EUA,Fake
Lula se despede de ministros e confirma Alckmin como vice em chapa,True
"Lula posta vídeo dizendo ""chama o Samu"" para debochar de Jair Bolsonaro, que foi socorrido por uma ambulância após passar mal",Fake
Eu nunca tive encontros privados com o presidente Bolsonaro.,Fake
Foto de Flávio Bolsonaro e Vorcaro de sunga na piscina,Fake
Lula foi absolvido de todos os processos,Fake
PF descobre que Moraes recebeu R$ 30 milhões por mês para prender Bolsonaro,Fake
"Lula misógino. ?Sofia, você não sabe porr* nenhuma?. Lula xingando sua assessora saindo indignado do debate. Esse é o defensor das mulheres?",Fake
"Eleições: afirmações de Biden e Trump durante o debate sobre coronavírus, economia, voto por correio",Fake
"Pedro Frazão, do Chega, disse em pleno direto na televisão o seguinte: ""Só ponderaria o aborto de um filho meu se tivesse deformação incompatível com a vida ou se fosse negro, no entanto, teria imensos remorsos quanto ao primeiro caso!""",Fake
"Lula diz ""gasolina tá cara? Vá a pé""",Fake
"Imagem forte, impacto global! Michelle Bolsonaro na posse de Trump, ao lado de uma cadeira vazia com a foto de Jair Bolsonaro. Um gesto silencioso que fala alto: perseguição política? Exílio forçado? A cena vai sacudir o mundo!",Fake
91% da população brasileira quer o voto impresso,Fake
Imagens de protestos de motoboys contra o PL 152/2025 do governo federal,Fake
"Em 4 horas de apuração [do segundo turno das eleições de 2014], 240 minutos [Dilma e Aécio se intercalaram na primeira posição], 240 vezes",Fake
"Ele disse não para o ""projeto ficha limpa"". Diga NÃO para o seu voto Celso Russomano",Fake
Lula é xingado em evento ao lado de indígenas,Fake
Ministro do STF Edson Fachin foi advogado do MST,Fake
"Em nenhum outro lugar do mundo, eu acho, que alguém que escreveu lá no monumento público de batom alguma coisa foi condenado a 14 anos. Alguém que sentou numa poltrona foi condenado a 17 anos.",Fake
João Cotrim Figueiredo tem relação com a gestão de Rendeiro no BPP.,Fake
"A T E N Ç Ã O !

Os IDOSOS com mais de 65 anos, que não votam mais, independente de quanto tempo não vote, seja 1 ou 10 anos, TEM QUE FAZER A BIOMETRIA NO T.R.E., pois quem não fizer vai ter o Título Eleitoral cancelado e consequentemente o CPF também. Com isso, quem recebe aposentadoria ou pensão ou algum benéfico, pode ser bloqueado.",Fake
Vídeos mostram protestos contra o Congresso e Hugo Motta,Fake
"Em vídeo publicado no YouTube, o deputado federal Gustavo Gayer (PL-GO) afirma que um suposto “novo entendimento” do STF põe fim à propriedade privada no Brasil. Ele afirma que a Justiça passará a exigir a função social das propriedades rurais e que, “é algo que não há definição”. “É pela compreensão e entendimento deles que vai determinar se a sua propriedade pode ser desapropriada ou não. Preste bastante atenção. Se você mora numa chácara, se você tem uma casa e o STF decidir que a sua casa, a sua chácara não cumpre função social, o governo agora, o Estado brasileiro poderá tomar de você essa propriedade”, afirmou.",Fake
STF diz que Chiquinho Brazão não pode ser preso e Alexandre de Moraes mandou soltá-lo,Fake
"Joe Biden diz que não pode vencer esta eleição, só Donald Trump pode vencer",Fake
"Vídeo que mostra pessoas consumindo maconha em um soprador de folhas tendo como trilha sonora, a música Daddy Cool, do grupo Boney M. Texto sobre as imagens afirma que a cena teria sido gravada na Universidade Federal do Pará (UFPA) e sugere que as drogas teriam sido liberadas pelo Supremo Tribunal Federal (STF).",Fake
Vídeo mostra motociata em Brasília contra a prisão de Jair Bolsonaro,Fake
Lula quer dar comida estragada para a população,Fake
O menor desmatamento da Amazônia foi feito no meu governo,Fake
"‘Temos muito o que aprender com o método de ensino americano, lá até as crianças de 4 anos já sabem falar inglês’, diz Bolsonaro.",Fake
Juiz anula inelegibilidade de Bolsonaro,Fake
Elon Musk descobriu que Alexandre de Moraes possui três mansões avaliadas em US$ 43 milhões nos EUA,Fake
"Agora fedeu de vez pro JAIR!!! Acredite se puder, ou melhor, não acredite, confira: a cada onde mora o MATADOR de Marielle e Anderson pertence ao PRESIDENTE BOLSONARO. Está na declaração de bens dele ao TSE.",Fake
"Postagem nas redes sociais, também compartilhada em aplicativos de mensagens, sugere que o governador de São Paulo, João Doria, e Fábio Luiz Lula da Silva, o Lulinha, filho do ex-presidente Lula, são sócios na empresa fabricante da vacina Coronavac, visando às eleições de 2022",Fake
STF autorizou o cancelamento da CNH pra quem atrasar o pagamento do IPVA,Fake
Barack Obana não nasceu nos EUA e não poderia ser presidente,Fake
Dias Toffoli assumiu o TSE no lugar de Alexandre de Moraes em 4 de outubro de 2022,Fake
"""A revolução 25 de Abril inaugurou uma era de liberdade e democracia que trouxe consigo conquistas há muito almejadas. A liberdade de expressão, eleições livres, o direito à greve, o salário mínimo nacional, a escola pública, o serviço nacional de saúde, a segurança social.""",Fake
"Sylvester Stallone decidiu deixar Nova Iorque, cidade onde viveu por cerca de 40 anos, devido ao que ele chama de ""degradação urbana"" e ""transformações sociais e políticas"" recentes que tornaram o ambiente incompatível com os seus valores.",Fake
"Atenção brasileiros urgente. Como Bolsonaro em breve irá indicar alguns ministros do STF, alguns senadores estão querendo MUDAR a forma de indicação dos ministros para que o presidente fique IMPEDIDO.",Fake
CNN apagou esse tuíte.,Fake
Áudio grampeado de Lula exige prisão e inelegibilidade de Flávio Bolsonaro antes das eleições,Fake
Esta faixa usada por Bolsonaro prova que as Forças Armadas o “empossaram presidente do Estado-Maior” e que seu mandato pode ser prolongado,Fake
"Um milhão de pessoas se reúnem por Bolsonaro em Brasília! É de arrepiar! E ainda dizem que ele não vencerá no primeiro turno, mas é claro que eu não acredito!",Fake
Refrescando a memória: preço do gás em relação ao salário mínimo desde 2001. A culpa é do Bolsonaro?,Fake
Lula abre o jogo e revela q roubou mais de $1.2 trilhões,Fake
Senador utiliza trechos de um vídeo gravado no início da pandemia pelo médico Drauzio Varella para tentar minimizar a gravidade da emergência sanitária.,Fake
"Jair Bolsonaro lidera pesquisa para presidente em tempo real, do Google",Fake
Estes dados indicam fraude nas eleições 2022,Fake
"Em 2015, mais de 13,7 milhões de famílias recebia o Bolsa Família, mas governo golpista de Temer e PSDB têm ameaçado o programa. Em 2017, mais de 326 mil domicílios deixaram de receber o benefício.",Fake
"URGENTE: Roubar celular poderá ser legalizado pelo STF

O entendimento do STF é de que um roubo de celular de até R$ 500 cai no princípio da insignificância. Na prática, é a legalização do furto.",Fake
Trump humilha Lula em coletiva de imprensa na Casa Branca,Fake
"100% ABSURDO! Olha a visão do candidato de LulaLadrão (Malddad), o cara que vocês irão votar a pedido do LulaLadrão, a mesma coisa de Dilma e Temer, ou talvez pior ainda!",Fake
Sabem que a vitória de Flávio Dino é certa. Festa do tráfico no Vidigal RJ,Fake
"Caras de Passos, Ronaldo, Herman, Lili Caneças e Jorge Jesus com o slogan: ""Eu voto Ventura""",Fake
Governo Lula liberou as bets no Brasil,Fake
Lula diz no Twitter que em 8 meses levantará sigilos impostos por Bolsonaro,Fake
Juíza corajosa desafia Moraes e manda libertar Jair Bolsonaro,Fake
"Lula criou auxílio-reclusão, que pode pode chegar a R$ 4.000",Fake
Bolsonaro e Nikolas Ferreira pediram doações para financiar manifestação na avenida Paulista.,Fake
O endividamento acontecendo a passos largos e Haddad trazendo a narrativa de que tudo está bem,Fake
Donald Trump escolheu María Corina Machado para ser a nova presidente da Venezuela,Fake
O ministro Alexandre de Moraes tentou fazer igual ao Bolsonaro e testou sua popularidade na rua,Fake
Nikolas Ferreira e César Tralli informam sobre indenização de 7 mil,Fake
Alexandre de Moraes vota em Boulos em São Paulo,Fake
[O plano de governo de Haddad propõe] Criar mais estatais.,Fake
Senado Federal aprovou lei que cancela carteiras de habilitação vencidas há mais de 30 dias,Fake
"Nova versão do Desenrola será lançada após viagem de Lula, diz Durigan",True
Lula foi recebido com chuva de ovos em Portugal,Fake
"“Nunca vi o povo tão feliz quanto no governo Bolsonaro"", disse Hamilton ao NYT",Fake
Números da apuração a cada 12% comprovam fraude nas urnas em favor de Lula,Fake
Motoboys contra Lula se unem em todo o país para derrubar o regime,Fake
Lula pede ao TSE para barrar vídeos na internet durante as eleições,Fake
Resolução da Câmara suspendeu investigação do STF contra Bolsonaro,Fake
Pablo Marçal fraturou sexto arco costal (uma costela) após cadeirada de Datena durante debate da TV Cultura,Fake
TSE anulou a eleição de deputado federal Nikolas Ferreira por fraude em BH,Fake
"""Vamos sentar o dedo. O vídeo retirado é esse aqui. Esse foi o vídeo que o Alexandre de Moraes mandou apagar da página do Bolsonaro. Vamos todos postar nas redes sociais. Quero ver ele mandar apagar de milhares de pessoas.""",Fake
Governo confirmou lista com 800 mil idosos que perderão benefício,Fake
é possível alterar votos nas urnas brasileiras,Fake
Lula: ‘A Venezuela não precisa de críticas do Presidente do Brasil e sim de financiamento e empréstimos’,Fake
Lula morreu e foi substituído por um sósia,Fake
MTST recebeu R$ 33 milhões no governo Dilma para erguer um condomínio popular não realizou a obra,Fake
Justiça Eleitoral publicou nas redes que voto servirá como prova de vida junto ao INSS.,Fake
Ato em campinas em prol da saúde do PRESIDENTE JAIR MESSIAS BOLSONARO.,Fake
"Os relatórios afirmam que o Presidente venezuelano, Maduro, foi transportado em Nova Iorque num carro com a porta aberta, expondo assim o líder venezuelano aos olhos do público.",Fake
Trump visitou Bolsonaro no hospital em Brasília,Fake
"Nikolas Ferreira publicou no X que faria o dólar chegar a R$ 7, mesmo sabendo que a população mais pobre enfrentará dificuldade.",Fake
Estas fotos de pessoas nadando em um canal de transposição do rio São Francisco foram tiradas durante o governo de Jair Bolsonaro,Fake
Shakira 'fez o L' durante show em Copacabana,Fake
Foto mostra cédulas com votos em Donald Trump enterradas no Arizona,Fake
Lula recebeu votos de brancos e nulos em 2022,Fake
Governo Lula proibiu a criação de tilápia no Brasil,Fake
"Foram presos a caminho de Fortaleza para realizarem saques nos supermercados, mas foram interceptados pelo batalhão da PM a tempo de evitar o vandalismo. Lula ordenou os acéfalos que para levar o caos ao país e colocar culpa em Bolsonaro. E os Fdp com camisa amarela",Fake
Eleitores de Lula estão promovendo ilegalidades para aterrorizar o Brasil,Fake
"O Aloizio Mercadante, ministro da Educação, mobilizou estados e municípios para que fosse incluído no plano estadual ou no plano municipal a ideologia de gênero.",Fake
Governo Federal estuda criar imposto para donos de cães; valor pode ser de R$ 740 por ano,Fake
"Lula não pode ser diplomado. Lula não foi inocentado, ele é ficha suja. Não tem certidões negativas em dia. Lula não foi absolvido. Apenas foi solto porque foi encontrado um erro processual.Uma questão de jurisprudência.",Fake
Ex-presidente Lula doou refinarias para a Bolívia,Fake
"Na Dinamarca, toda pessoa que recebe algum tipo de ajuda social está inabilitada para votar.",Fake
"Em Sapiranga, ao digitar número de candidato, eleitores viram a foto de outra pessoa",Fake
Governo vai cobrar imposto sobre animais domésticos,Fake
Fiscalização do deputado descobre centenas de doações do governo Bolsonaro escondidos pelos PTralhas para não doar as pessoas.,Fake
Lula insinua em debate da Globo que MEI não é trabalhador e quer acabar com a categoria,Fake
Esse foi o vídeo que o Alexandre de Moraes mandou apagar da página do Bolsonaro,Fake
Lula é vaiado dentro da fábrica da Jeep,Fake
"Pablo Marçal divulga o aplicativo ""Opini Pix""",Fake
Janones disse que Lula quer acabar com o Auxílio Brasil,Fake
"Flávio Dino, ministro da Justiça, afirma que vai fechar o Legislativo com apoio do STF",Fake
"Governo Lula cortou R$ 1,5 bilhão na Saúde e na Educação",Fake
"Michelle Bolsonaro segura cartaz com a frase: ""Libertem o noso presidente Bolsonaro. Anistia já""",Fake
Estamos sem água e pagando o preço por ter votado em Lula,Fake
Trump Reconhece Maria Corina Machado como Presidente e Inicia Transição na Venezuela,Fake
Jair Bolsonaro saiu do Exército por insanidade mental,Fake
Bolsonaro excluiu de suas redes sociais fotos em que promove a cloroquina.,Fake
STF quer acabar com a aposentadoria para a vida toda e o PIS e Cofins também estão com os dias contados,Fake
Apagou o Twitter mas o print é eterno. O cara saiu defendendo o PT e o Rodrigo Maia o Botafogo da lista da Odebrecht.,Fake
"O povo do Rio de Janeiro deve dar uma chance a Pezão como governador para ele dar continuidade ao legado de investimentos iniciado por Cabral. Com relação ao 2°turno da eleição federal, Aécio representa a honestidade que o Brasil precisa. #Aecio45 #Pezao15.",Fake
Outdoor em Campo Grande com imagem de João Doria foi pago pelo Governo de São Paulo.,Fake
"""Notícia bombástica internacional confirmada agora. O presidente americano Donald Trump incluiu o nome de Luiz Inácio Lula da Silva e Alexandre de Moraes no protocolo do Veredito Final""",Fake
TSE considera crime baixar preço dos combustíveis em ano eleitoral,Fake
Bolsonaro foi expulso do Exército e foi preso por atos terroristas,Fake
BOLSONARO TINHA RAZÃO. A fabricante de urnas eletrônicas dos Estados Unidos anunciou que mudou de opinião sobre a segurança eleitoral. Agora a empresa pede que o governo torne obrigatório que todas as máquinas emitam comprovante de voto em papel.,Fake
"""08/12/2022 - Bolsonaro hoje despachou fardado.""",Fake
Vídeo mostra urna eletrônica em porta-malas de Uber,Fake
"Marina Silva Disse, Na GloboNews, Que “Nenhum Brasileiro Fica Feliz Ao Ver Lula Preso”",Fake
"Com a permissão e a omissão do governo Lula, o MST deixa mais um estrago em São Paulo.",Fake
"Nós temos pelo governo anterior que foi feito um financiamento excessivo para desovar produções e estoque da indústria e que empurram caminhões a taxa de juros muito baixas e nós temos um excesso de caminhões em circulação, muito mais do que o necessário.",Fake
Lula diz em jantar com aliados que nem Deus tira essa eleição dele,Fake
Bombas que transportavam a água para o Nordeste foram desligadas para a volta da Operação Carro-Pipa,Fake
Alexandre de Moraes determinou censura em comentários de redes sociais,Fake
"Em resposta a atuação de Trump e Eduardo Bolsonaro, Fux afirma que ‘Brasil não tem governo de juízes’",Fake
Marília Arraes quis proibir a leitura da bíblia na Câmara dos Vereadores em Recife,Fake
Posts de opositores e governistas desinformam sobre atos contra Bolsonaro,Fake
Preta Gil zombou da bolsa de colostomia de Bolsonaro e veio a usar também,Fake
"O Presidente Putin sobre a prisão de Bolsonaro: 'O Brasil está lidando da forma deles, na Rússia, golpistas e traidores são executados'",Fake
Lula mentiu que perdeu o dedo catando caranguejo,Fake
"Então, eu peguei um passageiro no aeroporto que tinha acabado de chegar de São Paulo. E ele faz parte da cúpula da Mancha Vermelha, que é uma organização do PT, que participa de altas reuniões junto com o Lula, Zé Dirceu?",Fake
Flávio Bolsonaro disse em Porto Alegre que irá privatizar o SUS no mesmo dia que tomar posse como presidente,Fake
"Visita em risco! Membros do governo de Portugal garantem que Bolsonaro 'não é bem vindo'""",Fake
"""Sabia que o abstencionista oferece 117 deputados aos partidos do regime? Dos 230, os 117 dos abstencionistas ficam sem partido e, segundo a lei, são oferecidos aos 3 partidos mais votados. (...) O abstencionista não sabe é as consequências do que faz.""",Fake
"Em vídeo atual, Tebet critica dados econômicos do governo Lula",Fake
Lula e Haddad têm feito empresas fecharem no Brasil,Fake
"Presidente dos Estados Unidos, Joe Biden, trava durante discurso e esquece o nome de secretário",Fake
Houve fraude na contagem de votos na disputa pela presidência do Senado,Fake
"Em vídeo publicado em 10 de dezembro, por meio de seus perfis no TikTok, no Instagram e no YouTube, o radialista Ricardo Peyroton afirmou que o ministro do Supremo Tribunal Federal (STF) e presidente do Tribunal Superior Eleitoral (TSE), Alexandre de Moraes, teve um pedido de habeas corpus negado pelo Supremo Tribunal Militar (STM).

No vídeo, Ricardo Peyroton reproduz uma entrevista do deputado federal General Girão (PL-RN) em que o parlamentar disse que “o STF, na figura de Moraes, entrou com um habeas corpus na Justiça Militar para se contrapor a uma denúncia recebida por um ex-procurador da Justiça Militar”. Segundo Girão, o STM havia negado o pedido de Moraes e iria apurar um crime de “lesa-pátria” por parte do presidente do TSE.",Fake
Eleitores sem máscara não poderão votar nas eleições 2020,Fake
Lula embarga obra de ponte que liga Pará e Tocantins,Fake
"Vamos fazer viralizar esta ótima notícia, fim do IPVA. Parabéns Sérgio Moro. FORA IPVA. Veículo é considerado bem de consumo e o IPVA deveria ser cobrado uma só vez, e não todo ano. Outra, se o governo privatizou as rodovias e já pagamos pedágio, o IPVA tornou-se uma bi-tributação e isso é ilegal!!! Você é a favor da extinção do IPVA?",Fake
Nunes Marques derruba decisão do STF e devolve mandato do Delegado Francischini,Fake
Marília Gabriela critica Alexandre de Moraes,Fake
Lula bloqueia XVídeos e sites de conteúdo adulto no Brasil,Fake
"Claudia Sheinbaum, presidente do México, ofereceu asilo político a Nicolás Maduro",Fake
Políticos rejeitam Bolsonaro por este não aceitar se associar a partidos envolvidos em corrpução,Fake
"Não compreendemos como é que um hospital, o de Braga, que poupou 80 milhões de euros aos bolsos dos portugueses, por pura opção de esquerda acaba por ser arredado de uma solução. Porquê? Porque é preciso que seja de gestão pública.",Fake
Flávio Dino diz que armas de traficantes não são de sua competência,Fake
Augusto Heleno alerta sobre atentado contra Tarcísio de Freitas,Fake
Há 283 pessoas na equipe de transição de Lula com salários que podem passar de R$ 17 mil,Fake
"Eu dou o inquérito da PF de 2018 para quem quiser. Para quem quiser. Apesar de o STF falar que ele é confidencial, não é confidencial.",Fake
Este vídeo mostra Bolsonaro em uma manifestação em 8 de outubro de 2023,Fake
PF revelou dossiê contra Nikolas Ferreira e irmão de Bolsonaro,Fake
JN repercute escândalo das mensagens vazadas de Alexandre de Moraes,Fake
Posts no Facebook alegam que o ex-presidente Lula recebe R$ 35 mil de aposentadoria como anistiado político,Fake
O ex-ministro petista Antônio Palocci disse que as urnas eletrônicas foram encomendadas para fraudar eleições para partidos de esquerda,Fake
Marçal irrita jornalistas dando entrevista em HEBRAICO,Fake
O presidente da Holanda confirma que teve fraude na Eleição Presidencial no Brasil.,Fake
"""Momento em que presos políticos fueron liberados em Venezuela""",Fake
Não é fake é verídico. FOTO de hoje cedo na casa de maia capeta… com essa judas ai… TRISTEZA um homem se submeter a isso para ter PODER… Deus não deixa ninguém enganado. Aguarde cairão um por um…,Fake
"""E ainda tem eleitor que vota nesse bandido. O pai dos pobres é bi: Revista Forbes revela fortuna bilionária de Lula. 'Um dos mais ricos do mundo'.""",Fake
Bolsonaro autoriza Execução da dívida da Globo de mais de R$ 1 Bilhão de impostos sonegados,Fake
"Em Guarapari-ES um patriota pintou sua casa e o piso da frente com as cores da bandeira do Brasil e, a justiça eleitoral, exigiu que o patriota sob pena de multa, retirasse tudo. Ele foi obrigado a pintar novamente. A censura/DITADURA está latente",Fake
"Serviço Secreto de Israel, Mossad, descobre e comprova envio de recursos do governo Lula para o Hamas, Hezbollah, Irã e compra de petróleo da Rússia.",Fake
Candidato ao Senado foi julgado inelegível por contratar influenciadores,Fake
PT faz trambique em eleições em Diadema,Fake
Nas eleições municipais em São Paulo todas as zonas eleitorais votam iguais,Fake
Marçal recebeu carta de apoio de Donald Trump,Fake
Michelle Bolsonaro posou ao lado de cadeira estampada com a foto de Jair Bolsonaro na posse de Trump,Fake
Urna com 100% dos votos válidos em Lula prova que houve fraude eleitoral,Fake
"Plano nacional de promoção e cidadania LGBT. São 180 itens, entre eles a desconstrução da heteronormatividade. Ou seja, estão ensinando, em algumas escolas, que homem e mulher tá errado.",Fake
"""É bonito de ver o actual treinador do Sporting a exercer o seu dever cívico e votar no seu clube de coração.
Carrega Benfica!""",Fake
"Ministro do Supremo Tribunal Federal (STF) Flávio Dino é visto pulando o carnaval ""fazendo o L"", em apoio a Lula",Fake
TSE cassa candidatura de Lula,Fake
Foto mostra Max Verstappen com camiseta pró-Bolsonaro,Fake
Transposição do Rio São Francisco ficou dez anos abandonada durante os governos do PT e exército refez todo o trecho para o presidente Jair Bolsonaro inaugurar,Fake
DEPUTADO LUIS MIRANDA E SEU IRMÃO FALSIFICAM DOCUMENTO PARA PROPAGAR FAKE MEWS CONTRA O PRESIDENTE BOLSONARO,Fake
Nikolas Ferreira divulga saque do Indeniza Brasil,Fake
O governo não deixou de tomar medidas para combater o coronavírus.,Fake
"Uma notícia que acabou de sair, agora há pouco: Senado aprovou audiência pública sobre denúncias na eleição 2022",Fake
"""Lamento os ataques sofridos, mas os meninos da CPX são honestos e trabalhadores, mais trabalhadores que eleitores do Jair Bolsonaro""",Fake
TSE manda Bolsonaro remover vídeo em que aparece chorando ao relembrar facada de 2018,Fake
Alexandre de Moraes diz que quem for para as ruas no dia 25 vai estar cometendo crime,Fake
Lula recusou a compra da vacina contra a dengue,Fake
Urnas no Arkansas não permitem voto em Trump,Fake
"Governo federal está propondo o projeto “Heróis do Tesouro”, um programa que permite que cidadãos paguem mais imposto de renda voluntariamente",Fake
MARÇAL FOI EXPULSO DO DEBATE. PORQUE DATENA NÃO TEVE O MESMO TRATAMENTO?,Fake
Ordem de Moraes obriga EUA a cumprir mandados de busca e apreensão contra Elon Musk por meio de cooperação entre PF e FBI,Fake
"A presidente mexicana Claudia Sheinbaum dirige-se a Trump: 'Então, votaram para se construísse um muro'.",Fake
URGENTE: Flávio Bolsonaro acabou de fugir do Brasil. O golpista foi pra Europa onde deve ficar foragido. Lembrando que ele está no inquérito do golpe e seria preso no Brasil,Fake
Governo Lula criou 12 novos impostos,Fake
"Não adiantou apagarem o vídeo. Foi resgatado e será repassado aos milhões, basta cada um de nós receber esse vídeo e repassar ao máximo. Vamos dar a nossa contribuição",Fake
"Oito itens do plano de governo de Lula: ministério da verdade, controle de consumo, ideologia de gênero",Fake
Foto mostra deputada Maria do Rosário costurando máscaras sem linha.,Fake
Ex-candidato à Presidência da República Fernando Haddad (PT) criou o “kit gay nas escolas”.,Fake
"Carros elétricos da BYD foram dados como presentes ilegais ao STJ, TCU, Câmara dos Deputados e Presidência da República",Fake
Nunca alguém que fez oposição do PT [no Nordeste] recebeu uma votação tão expressiva.,Fake
Flávio Bolsonaro disse que vai acabar como PIX para agradar o Trump,Fake
Jornalista da Globo trava ao ter que noticiar o rombo de R$230 bilhões nas contas públicas do governo Lula,Fake
Lula assina projeto de lei que prejudica entregadores do Ifood,Fake
"O presidente Jair Bolsonaro disse esta frase durante a reunião de 22 de abril: ""Se eu precisar de apoio eu peço a um desses bostas aí para pegar uma bandeira e balançar aqui na frente do Palácio’",Fake
Governo federal começou a pagar no dia 17/11 um valor extra de R$ 1.150 a beneficiários do INSS,Fake
Não existe anistia criminal sem anistia eleitoral. A nossa Constituição é muito clara.,Fake
"Vaza aúdio do assessor da Casa Civil do governo do Ceára, Ricardo Certi, que indica que decisão de fechar o comércio é para ter uma revolta contra Bolsonaro",Fake
"Após 32 anos de vida pública, o presidente Jair Bolsonaro não responde a nenhum processo",Fake
Idosa de Santa Catarina teve título de eleitor cancelado sem motivo pela Justiça Eleitoral,Fake
Máquinas que Dilma enviaria a países da África e não conseguiu. Bolsonaro descobriu e está distribuindo 1200 máquinas principalmente para o Nordeste.,Fake
Polícia descobre esquema de fraude na Operação Pipa durante governo do PT em 2023,Fake
Elon Musk publicou tuíte elogiando motociata de Bolsonaro em 15/4/2022,Fake
Flávio Dino defende a descriminalização de furtos,Fake
Vídeo mostra plano da esquerda para fraudar as eleições,Fake
Confirma-se que o partido Chega necessitou de 66.442 votos para eleger um deputado enquanto ao PS bastaram 17.608 votos? (método de Hondt),Fake
"Dia 31, a partir das 8 horas da manhã, nós iremos intervir. Nós iremos destituir o presidente junto com o Congresso Nacional e o Judiciário.",Fake
Deputada Talíria Petrone apresentou projeto que cria profissão de ladrão,Fake
Vídeo mostra cabos eleitorais do candidato à Prefeitura de Fortaleza Sarto Nogueira flagrados transportando urnas adulteradas no segundo turno,Fake
Homem-bomba de Brasília aparece em vídeo com Bolsonaro,Fake
Foto mostra ministro do TSE Benedito Gonçalves usando uma camisa com o rosto de Lula,Fake
"Flávio Bolsonaro disse que vai revogar o fim da escala 6x1, caso seja eleito",Fake
"Lula reinaugurou refinaria Abreu e Lima, fechada no governo Bolsonaro, e vai recontratar 3 mil funcionários",Fake
Relator da OEA diz em vídeo que 8 de janeiro foi programado pelo STF para manter a censura,Fake
Tarcísio de Freitas lançou o aplicativo mobizapSP,Fake
Moraes faz novo pronunciamento! Nosso capitão vai voltar,Fake
"Lula mandou entupir (barragem de Negreiros, em Salgueiro). Tudo bloqueado, ninguém tem água.",Fake
Vídeo mostra ação de traficantes após STF proibir polícia de agir no RJ,Fake
"José Dirceu cita ""manifestação do TSE"" que levaria a uma derrota eleitoral de Bolsonaro",Fake
Randolfe faz pedido de impeachment contra ministros do STF,Fake
Luciano Huck compra votos de eleitores do Nordeste,Fake
"Em Springfield, eles [imigrantes] estão comendo cachorros, as pessoas que vieram, eles estão comendo gatos. Eles estão comendo os pets das pessoas que vivem ali. E isso é o que está acontecendo no nosso país",Fake
"EXCLUSIVO! Donald Trump em entrevista fala sobre tentativa de golpe em Jair Bolsonaro e diz que caso isso acontecer, enviará tropas do Exército Americano para o Brasil!",Fake
Lula teria vendido uma Ferrari de R$ 6 milhões para Pablo Marçal,Fake
"Barroso disse que ""eleição não se vence, se toma""",Fake
Jair Bolsonaro: 'Jogue-me aos lobos e voltarei liderando o cardume',Fake
Fernanda Montenegro disse que mulher de respeito não vota em Bolsonaro,Fake
Flávio Dino é um criminoso que responde a 277 processos,Fake
"Live sobre voto impresso com Bia Kicis, Alexandre Garcia e outros",Fake
Pesquisa Ipec apontou Bolsonaro com 44% dos votos,Fake
Governo publicou decreto que convoca brasileiros para o serviço militar,Fake
Tabela mostra que o maior valor médio do programa Bolsa Família foi pago durante o governo do presidente Jair Bolsonaro,Fake
Padre de Ouro Preto faz críticas ao governo federal,Fake
"Publicações no Twitter e TikTok trazem vídeo de uma multidão em uma arena cantando “Eu sou Bolsonaro, com muito orgulho, com muito amor” para o ex-presidente, que aparece junto do governador de São Paulo, Tarcísio de Freitas (Republicanos), e do senador Marcos Pontes (PL-SP). No Twitter, o post afirma que a gravação teria sido feita durante a Agrishow em Ribeirão Preto (SP), em 30 de abril de 2023. Já no TikTok, o usuário diz que a filmagem foi feita no mesmo evento, mas em 1º de maio deste ano.",Fake
Falsas notificações usam ironia para insinuar censura do ministro do Supremo Tribunal Federal,Fake
"Instituto Lula e Ipec, empresa de pesquisa eleitoral, ficam no mesmo endereço",Fake
Brasil apresenta a países latinos medidas para o setor de aviação,True
"Ele é funcionário público, que tal darmos 5 dias para ele explicar a origem do dinheiro para comprar oito imóveis, ao valor médio de 4 milhões [de reais] cada",Fake
Alfaiate de Lula recebeu R$ 31 milhões para fazer terno,Fake
"""Moraes dá 5 dias para Bolsonaro e governantes se manifestarem sobre população de rua”, “Moraes dá 120 dias para governo federal fazer diagnóstico da população em situação de rua”. O post é acompanhado por um emoji de um rosto pensativo.",Fake
Urgentíssimo. Lula admite em vídeo vazado não ter sido eleito pelo povo em primeiro turno,Fake
"""AS TELEVISÕES e RÁDIOS de DESINFORMAÇÃO e que ALIMENTAM o Novo Tipo de MERCENÁRIOS ao Serviço dos SISTEMAS POLÍTICOS CORRUPTOS , MALANDROS e VADIOS e o JORNALIXO COMPRADO com os 15 MILHÕES do COSTA Sempre a Tentar DENEGRIR o ANDRÉ VENTURA mas Sem Argumentos SUFICIENTES VERGONHA, Já SOMOS MILHARES""",Fake
Janja disse que compra em libras enquanto Michelle Bolsonaro fala libras,Fake
Lula usou ponto eletrônico no debate de 16 de outubro de 2022,Fake
Vídeo mostra motociata em Goiânia em 23 de novembro de 2025 contra a prisão de Bolsonaro,Fake
"ACUSADO DE ESTUPRO. O candidato a presidente Fernando Haddad está sendo acusado de estuprar a pequena Vitória de 11 anos, desde ontem ele vem perdendo o apoio de várias pessoas. Fonte: UOL Notícias e Jornal Nacional",Fake
Ministro do STF Alexandre de Moraes foi afastado das funções,Fake
"""Inacreditável! Lula afirma que 'pobre não nasceu para estudar' e causa uma onda de indignação sem precedentes.""",Fake
Jair Bolsonaro decretou estado de sítio após as manifestações de 7 de setembro de 2021,Fake
"Bolsonaro disse 'que o isolamento acabe, a vida volte ao normal e morram quantos tiverem de morrer'",Fake
Vídeos de personalidades públicas brasileiras criticando Bolsonaro,Fake
"Lula questionou: “se a mulher entrar na política, quem é que vai fazer a janta?""",Fake
Decisão do STF impede Bolsonaro de decretar intervenção militar,Fake
Moraes dá 24h para Guilherme Boulos apresentar exame toxicológico,Fake
"""Lula, ladrão, seu lugar é na prisão"". Primeiro comício do mula em Belo Horizonte.",Fake
"""Esse é o atual Presidente! Ore muito, Dona Michelle, mulher de Deus, porque quando a gente fica com alguém pelo dinheiro o tratamento dificilmente é diferente. NÃO ME REPRESENTA!""",Fake
"Resolução n 748 no artigo 99 isenta deputados, senados e ministros do STF de tomarem a vacina",Fake
'Andrade' deixa escapar e confessa que Lula será o verdadeiro presidente em caso de vitória,Fake
Depois de 3 anos governo Lula libera água no Nordeste,Fake
Lula está inelegível para as eleições de 2022,Fake
Michigan registrou 138 mil votos consecutivos para Biden e nenhum para Trump.,Fake
Vídeo mostra Lula assinando acordo bilionário na Itália,Fake
Lula empurra índio em evento,Fake
Quem lembra? Promotores do MPRJ se reúnem em defesa de Dilma contra o “golpe”. São os mesmos que acusam Flávio.,Fake
"Nikolas Ferreira é contra compra de Zolgensma, um dos remédios mais caros do mundo",Fake
Moraes defendeu soberania do Brasil após anúncio de taxação por Trump,Fake
Governo Federal e ministro da Fazenda Fernando Haddad estudam taxa ambiental veicular para veículos com mais de 20 anos de fabricação.,Fake
"gora, começa a surgir ainda, de maneira mais tranquila -porque não é o presidente Bolsonaro no poder-, que a vacina dá efeito colateral",Fake
Moraes é condenado por corte nos EUA,Fake
Conexão com a internet permite fraude no flash card das urnas eletrônicas,Fake
O gás de cozinha custava menos de R$ 40 no meu governo,Fake
Bolsonaro diz que vai acabar com feriado de 12 de outubro,Fake
Transposição do São Francisco sem água desde janeiro; faz o L,Fake
Aprovado projeto de lei que concede aposentadoria especial para mães atípicas,Fake
"Se ele ganhar, eu [Gilmar Mendes] saio do STF; se ele ganhar, eu [Ciro Gomes] saio da política; se ele ganhar, eu [Pabllo Vittar] paro de cantar; se ele ganhar, eu [Jean Wyllys] saio do Brasil",Fake
"Mega arrastão no Carnaval de Olinda com aval presidencial. A impunidade da justiça. Criminosos da lei. Os parças de Dino livres, leves e soltos. O país da injustiça.",Fake
A Polícia Federal pede a prisão do Alexandre de Moraes por fraudar Documentos falsos contra o Jair messias Bolsonaro.,Fake
Foto de Flávio Bolsonaro e Daniel Vorcaro se abraçando,Fake
Flordelis assumiu cargo na Secretaria da Mulher da Câmara dos Deputados,Fake
Governo federal liberou presos do Rio Grande do Sul,Fake
"Bem, não é o Tribunal Superior Eleitoral quem conta os votos. É uma empresa terceirizada.",Fake
Lula diz que pobre não nasceu para estudar mas para trabalhar,Fake
"Advogado lista em vídeo uma série de casos de pessoas famosas que foram diagnosticadas recentemente com pneumonia e questiona se a covid virou pneumonia. Ele afirma ainda que “na época do Bolsonaro, tudo era covid.”",Fake
Lula suspendeu o remédio antidiabético cloridrato de metformina da Farmácia Popular,Fake
Caetano Veloso caiu do palco ao ouvir grito de “É Bolsonaro”,Fake
Donald Trump declarou apoio a Bolsonaro nas eleições de 2026 durante evento da Nascar,Fake
Foto de Eduardo e Jair Bolsonaro vestidos de rosa,Fake
Lula disse que vai suspender mais de um milhão de beneficiários do INSS,Fake
Polícia Federal desmentiu o caso das joias sauditas,Fake
Ministro do STF André Mendonça critica perseguição a Jair Bolsonaro,Fake
Projeto que previa envio de TVs 4k e videogames para escolas de presídios é do governo do Rio e foi suspenso,Fake
[São] 1.000 favelas [em São Paulo].,Fake
"Bolsonaro disse ""estar morrendo"" a Alexandre de Moraes",Fake
"Nem Olinda, nem Salvador, nem Rio de Janeiro… Presidente Jair Bolsonaro assina decreto cortando verba do carnaval e parada gay em todo o Brasil. O decreto já cancela o carnaval de 2019.",Fake
O ex-presidente Lula diz que foi ele que criou o dia de Natal,Fake
Lula levou faqueiro dado por Elizabeth 2ª a Costa e Silva,Fake
STF decidiu que banheiro masculino é para homem e feminino para mulher,Fake
"Em um vídeo que circula nas redes sociais, um homem comenta uma notícia sobre o fato de o Partido Liberal (PL) ter manifestado a intenção de concorrer à presidência da Câmara dos Deputados e conclui que Jair Bolsonaro não está inelegível e que vai mandar no Brasil caso o partido dele vença a eleição interna da Casa. Uma legenda acrescentada sobre as imagens afirma que “Bolsonaro pode assumir a presidência”.",Fake
"Com 0,39% das urnas apuradas [nas eleições municipais de São Paulo], o sistema travou. (...) Quando o sistema voltou a funcionar lá na frente, já com quase 100% [do resultado eleitoral] apurado, a ordem dos candidatos permaneceu exatamente a mesma.",Fake
Bolsonaro é ovacionado no aeroporto de Salvador (BA) em março de 2022,Fake
Magno Malta estava bêbado durante ato realizado em Copacabana (RJ),Fake
Arroz importado pelo governo Lula está contaminado com a maior lombriga já vista modificada geneticamente,Fake
Haddad anuncia criação de bolsa para travestis no valor de R$ 1.800,Fake
Comemoração para Lula nos presídios nas eleições de 2022,Fake
"CCJ suspende julgamento do caso do ""golpe"". Ninguém prende Bolsonaro!",Fake
"Veja o caso da ação penal 470, que é chamada mensalão. Com todos os méritos e esforços do ministro Joaquim Barbosa (...), ainda assim levou cerca de seis anos para o julgamento.",Fake
Governo protocolou ação no STF para impedir que vítimas da fraude do INSS sejam ressarcidas,Fake
"O presidente da Câmara dos Deputados, Hugo Motta, fez um Pix de R$ 12 milhões em recursos públicos ao deputado federal Alexandre Ramagem (PL-RJ), condenado e foragido.",Fake
"Os deputados do Reino Unido não têm lugar certo onde sentar-se; não têm escritórios, nem secretários, nem automóveis; não têm residência (...) não têm passagens de avião gratuitas, salvo quando ao serviço do próprio Parlamento; e o salário equipara-se ao de um chefe de secção de qualquer repartição!",Fake
Jorge Messias chorou após votação no Senado que o rejeitou para o STF,Fake
"Lei sancionada por Lula e assinada por Dino pode colocar humorista na prisão por ""piada ofensiva""",Fake
Brasil vai virar a Argentina e Lula já transforma superávit de Jair Bolsonaro em déficit,Fake
25 milhões de pessoas em mais de 1.200 cidades participaram de manifestações a favor de Bolsonaro,Fake
"Post com uma montagem com trechos de vídeos e áudios envolvendo o desembargador Alexandre Victor de Carvalho, do Tribunal de Justiça de Minas Gerais (TJ-MG). O primeiro vídeo traz uma reportagem sobre denúncia por corrupção passiva, feita em 2020 pelo Ministério Público Federal (MPF), contra Carvalho. Na sequência, há um áudio, gravado em 2015, em que Carvalho discute sua defesa com o hoje ministro do Supremo Tribunal Federal (STF) Alexandre de Moraes, na época secretário de Segurança Pública do estado de São Paulo. Por fim, uma outra reportagem, em vídeo, destaca a posse de Carvalho como vice-presidente do Tribunal Regional Eleitoral de Minas Gerais (TRE-MG), o que ocorreu em 2019.",Fake
Governo federal lançou programa “Resgate da Prosperidade” para distribuir benefícios aos brasileiros,Fake
Luciano Huck declara voto em Lula nas eleições de 2022,Fake
O vice-presidente dela [Tim Walz] diz que aborto no nono mês é absolutamente normal. Ele também diz que a execução depois do nascimento é ok,Fake
"Sabe o que é alguém (ele, Lula) sair da presidência com 11 containers de acervo e não ter onde por? Sair com cadeira, trono, com papel, com tudo que você possa imaginar? E onde estão esses bens?",Fake
Lula foi eleito pela revista The Economist como o ex-presidente mais corrupto do mundo,Fake
Seis mil urnas foram trocadas em Fortaleza,Fake
Aumento do número de armas reduz homicídio,Fake
Ministro Flávio Dino visitou ONG no RJ onde polícia encontrou armas e granadas,Fake
Caminhoneiros obstruíram vias em protesto contra Alexandre de Moraes,Fake
Candidata a vereadora no Maranhão foi presa por trocar voto por sexo,Fake
"""Lula coloca sigilo eterno em seu cartão corporativo e da Janja... Mas ele tirou o sigilo do cidadão trabalhador, que movimentar mais de 5 mil por mês""",Fake
Eleição sem internet: Lula pede ao TSE para proibir vídeos durante eleições,Fake
Lula (PT) vendeu a maior reserva de urânio da Amazônia para a China,Fake
Moraes foi condenado nos EUA por crimes contra o país,Fake
Bolsonaro dispara nas pesquisas de intenção de voto para 2022 e é mais bem avaliado que antecessores,Fake
Sem-teto ocupam imóvel em Higienópolis com Boulos e MST,Fake
Moraes afasta auditores fiscais que identificaram recebimento de propina do PT pelos ministros do STF,Fake
Vídeo de Nikolas Ferreira foi exibido na Times Square,Fake
Ministros do STF receberam valores milionários para manipular as eleições de 2022,Fake
Lula gravou áudio dizendo que a vitória de Boulos é irreversível,Fake
Minha cidade foi a capital que mais andou pra trás na educação [na gestão Ricardo Nunes],Fake
Lançamento da candidatura do Bolsonaro. Ontem em Brasília,Fake
"Na época do Bolsonaro, papelão tava 80 centavos. Isso mesmo, bateu 80 centavos. Hoje, com esse bandido no Lula, está 4 centavos.",Fake
Governo Lula desviou recursos do Bolsa Família,Fake
"""Afinal eu continuo ainda hoje com a dúvida sobre a legalidade do Governo nascido do arranjo político feito pelo PS em 2014. Agora soube que o presidente da Assembleia da República tem de ser sempre o representante do partido mais votado, o que não aconteceu!""",Fake
Documento prova fraude nas urnas em 2018 que impediu a vitória de Bolsonaro no 1º turno das eleições,Fake
Relatório sobre a legalização da maconha para conteúdo recreativo,Fake
Vídeo mostra soltura de presos políticos após captura de Nicolás Maduro,Fake
Estabilidade das porcentagens de votos durante apuração em São Paulo é indício de fraude eleitoral.,Fake
"Rodrigo Maia disse que ""Congresso não é obrigado a ouvir o povo""",Fake
"A Presidente do México usa um chapéu que diz ""Tornem a América Mexicana Outra Vez"". Épico.",Fake
Richarlison dedicou gols marcados contra a Sérvia a Bolsonaro,Fake
Glauber Braga sendo retirado à força da Câmara onde faz protesto,Fake
Artigo 142 determina que presidente não se manifeste por 72 horas após resultado das eleições,Fake
Boulos culpa Marçal e sai em defesa de Datena,Fake
Vídeo mostra Jair Bolsonaro internado atualmente na UTI de um hospital,Fake
Capa da revista Crusoé diz que Michelle Bolsonaro é vigarista,Fake
"Este vídeo mostra ""festa"" no Chile após eleição de Gabriel Boric",Fake
Vídeo mostra manifestação de militares contra a prisão de Bolsonaro,Fake
T5E (TSE) divulgou que vai apurar os votos no Nordeste POR ÚLTIMO,Fake
TSE: falsas pesquisas para tomada do poder no Brasil,Fake
O ministro do Supremo Tribunal Federal Flávio Dino anulou uma sentença judicial em benefício próprio,Fake
"Presidente do México, Claudia Sheinbaum, é autora de texto para Donald Trump sobre muro na fronteira",Fake
Post usa vídeo de uma médica que explica o protocolo adotado pela Prefeitura de Porto Seguro para o tratamento de casos de covid-19. Em nenhum momento a médica “desmascara” políticos ou faz referência ao presidente Jair Bolsonaro,Fake
Trump diz que Lula tem sangue de ‘lampião a álcool’,Fake
Alexandre de Moraes é agredido em frente a condomínio em SP,Fake
A urna eletrônica pode ser hackeada; os resultados das eleições podem ser hackeados,Fake
"Joe Biden não vai chegar a ser eleito, vai cair na Suprema Corte dos EUA por fraude.",Fake
Governo começa a falar em fim do Bolsa Família,Fake
"Fogo em todos os ônibus escolares que Bolsonaro comprou e o Dino não entregou. Como vazou, eles decidiram botar fogo. As crianças e seu dinheiro que se dane. Essa é a esquerda",Fake
URGENTE: Lula diz que Brasil está sob ameaça real de invasão,Fake
Alexandre de Moraes comprou oito imóveis por R$ 4 milhões cada,Fake
O deputado José Guimarães foi detido com dólares escondidos na cueca,Fake
STF aprovou resolução para implementar banheiros unissex nas escolas,Fake
De acordo com o próprio Haddad o país a partir de junho não terá dinheiro nem para pagar o funcionalismo público. A dívida acumulada vai ultrapassar o PIB. O governo somente nesses últimos meses já gastou mais de um trilhão,Fake
"""Funcionária do TSE admitiu que sistema eleitoral brasileiro é uma fraude"".",Fake
Lula diz que papel do pobre é esperar as políticas de ajuda do governo,Fake
Jornalista da Globo parou de ler notícia quando viu que era contra Lula,Fake
Reportagem de Cabrini revelou que fraude do INSS financiou campanha de Bolsonaro,Fake
Trump tem provas de que o STF mandou matar Bolsonaro,Fake
Lula doou R$ 25 milhões ao Hamas em 2010,Fake
Pesquisa mostra Pablo Marçal com 53% das intenções de voto em SP,Fake
[Pablo Marçal] só não cumpriu prisão porque fugiu para os Estados Unidos.,Fake
Urna completa sozinha voto em Haddad,Fake
Meu governo foi o primeiro a reduzir impostos no Brasil.,Fake
Não temos medo de dizer: Lula da Silva é um BANDIDO!'. E assim foi a recepção do ladrão mais famoso do mundo em Portugal. Reforçando: FORA LULA!,Fake
Quem tornou vaga a cadeira do João Goulart foi o Congresso Nacional,Fake
"""Fui presidente da associação de estudantes do meu liceu, fui presidente da associação académica da Universidade. Portanto, sempre estive ligado à política.”",Fake
TRE escolhe urnas que passarão por auditoria,Fake
"o Presidente nunca me orientou, me encaminhou ou me deu ordem.",Fake
Flávio Dino proíbe apreensão de drogas pela PRF,Fake
Governo Lula anunciou essas taxas para o PIX,Fake
Justiça Eleitoral censura eleitor de Bolsonaro por pintura política,Fake
A imprensa mentiu ao afirmar que a estadia do presidente Lula na França foi custeada com dinheiro público. França pagou os custos.,Fake
Vídeo mostra Celso Amorim e Nicolás Maduro se abraçando após a eleição presidencial da Venezuela em 2024,Fake
"Trump alerta sobre lockdowns, fraude eleitoral e varíola dos macacos",Fake
Líder do PSB no PR usou caminhão de empresa para transportar droga e armas?,Fake
Merval Pereira disse que STF colocou Brasil à disposição de Lula e dos comunistas,Fake
Vídeo mostra perícias exigidas para passar no teste de motorista do presidente dos EUA.,Fake
Vídeo mostra deputada dos EUA criticando decisão de Alexandre de Moraes em suspender X no Brasil,Fake
Trump convidou Lula para sua posse,Fake
Presidente do Chile declarou guerra a socialistas e comunistas,Fake
"Papa Leão XIV supreende o mundo ao citar Nikolas Ferreira em discurso histórico, o que ele disse.",Fake
Só um imbecil comparece ao batizado do sobrinho com a faixa presidencial. Virou babador?!?,Fake
Idosa questiona Lula sobre os altos preços da gasolina,Fake
The Intercept Brasil comprovou que Nikolas Ferreira pagou R$ 750 mil com dinheiro público para a Meta,Fake
"Onde andam os espiões da Mossad e da CIA? O Presidente iraniano e vários membros do governo do Irão decidiram dar um passeio de bicicleta, mesmo arriscando um eventual atentado - em período de suspensão das hostilidades",Fake
Médico dono de clínica ligada à acusação contra Boulos diz que o laudo é verdadeiro,Fake
Flávio Dino disse que distribuiu cloroquina no Maranhão: ele também será investigado e preso?,Fake
"Acho que o presidente expressou a posição dele no 1º de maio, num ato das centrais sindicais, que não era ato oficial de governo, num feriado, que ele estava fora da agenda oficial, e expressou quem é o candidato dele",Fake
URGENTE MANIFESTO GIGANTESC0 EXPUL$0U LULA DA ARGENTINA,Fake
"Nos EUA, na conferência Defcon, comprovaram a existência de falhas de segurança nas urnas eletrônicas",Fake
"Foi este travestido de magistrado, que com uma só canetada proibiu Bolsonaro de mostrar as imagens do dia sete de setembro na sua propaganda eleitoral gratuita na televisão... mais uma PTralhada de toga",Fake
"Lula é eleito pela Revista Inglesa ""The Economist"" como o maior Ladrão do Mundo.

Ele e seus amigos petistas roubaram e desviaram para países Comunistas mais de 10 trilhões do Brasil.",Fake
Bolsonaro mudará imagem da padroeira do Brasil,Fake
Vídeo mostra filha de Barroso deixando os EUA e escoltada por policiais,Fake
Ponte Rollemberg-Vuolo foi inaugurada pelo ex-presidente Jair Bolsonaro,Fake
"Quantos petistas estão denunciados? [Janot] age com seletividade e só se concentra no que lhe interessa.. Esta Casa Legislativa cumpriu seu papel de não apenas legislar, mas tratar com a mesma importância as demandas da sociedade.. Nunca na história de um mandato houve tantos pedidos de impeachment.. Não declarei porque o recurso foi gerado fora do país. Pela legislação do país que ele existia, ele foi tributado. Você não tinha naquela época legislação clara sobre lucros no exterior, como tem hoje. Não houve uma evasão de divisas. O que houve foi ganhos no exterior que não foram declarados aqui.. Eu já fui réu. Um ano depois, fui inocentado por unanimidade.. Me deixam até um pouco irritado porque só tenho duas opções: aceitar ou rejeitar os pedidos de impeachment. E botar na gaveta? Qual foi o presidente da Casa que deixou na gaveta um pedido de impeachment? Tem um livro aqui com o registro de todos os pedidos de impeachment [contra outros presidentes]. Não tem um caso que ficou na gaveta. Então eu não tenho esse direito. Tenho obrigação funcional.. . Aprovamos projetos que combatem a impunidade, pois é ela que estimula o crime e amedronta a população. Com coragem e maturidade, votamos a redução da maioridade — e aprovamos o projeto com 323 votos, ampla maioria.. Colocamos em votação o projeto que regulamenta os direitos do trabalhador terceirizado com o apoio de grande parte das centrais sindicais.. Também criamos o comprovante de voto impresso em papel, garantindo que o seu voto seja respeitado, e a eleição, mais transparente.. Estamos avançando, votando temas que a sociedade aguarda há anos — em alguns casos, há décadas. Nunca a Câmara trabalhou tanto como agora.",Fake
"Ivermectina reduz mortes por covid em 56%, mostra estudo da universidade de Oxford",Fake
Ônibus da caravana do ex-presidente Lula é atingido por ovos a 10 km de Francisco Beltrão no Paraná em maio de 2021,Fake
Esquerdista tenta atacar Nikolas Ferreira em caminhada,Fake
"Alerta. Terá o seu filho tendências da Extrema-Direita? Esteja atento aos seguintes comportamentos. (...) Em caso de dúvida, contacte as autoridades ou os serviços de apoio à prevenção da radicalização.",Fake
Governo Lula embargou ponte sobre o Rio Araguaia,Fake
"Que eleição é essa onde meia dúzia de pessoas têm as chaves criptográficas, e mandam em todo o sistema, e apresentam o resultado depois de saírem de uma sala fechada onde meia dúzia apura os votos?",Fake
"""Os EUA sendo os EUA! ... A senhora é presa e enviada para quem sabe que prisão, por 'ofender' Trump em uma mensagem!""",Fake
Coronavírus não matou nenhum político,Fake
Donald Trump disse que Lula é um 'desastre total' no poder,Fake
Novos títulos de eleitor possuem QR Codes que registram votos para Lula automaticamente,Fake
Conferência anual de hackers reprovou urnas brasileiras,Fake
Eleitores de Lula não precisarão voltar às urnas no 2º turno,Fake
"Dos 193 países no mundo apenas três usam urnas eletrônicas: Brasil, Cuba e Venezuela",Fake
Suzane von Richtonfen incentiva jovens da faculdade a regularizar o título de eleitor e declara voto em Lula,Fake
Lula disse que foi tratado no SUS,Fake
Governo federal impõe imposto sobre medalhas recebidas por atletas nas Olimpíadas,Fake
Fraude desmacaradamente nas eleições em São Paulo,Fake
"Gasolina a R$9,00 no governo Lula (PT)",Fake
Lula disse que vai implementar o comunismo no Brasil se for eleito em 2022,Fake
"Nikolas Ferreira compartilha trecho do PL nº 896/2023 que pune ""interrupção da palavra""",Fake
Jornal Nacional noticiou que os Estados Unidos ameaçaram romper parcerias com o Brasil caso Jair Bolsonaro seja preso,Fake
Médico dá somente alguns dias de vida a Bolsonaro.,Fake
Tite fala em entrevista à Globo: ‘Eleitores de Bolsonaro são alienados’,Fake
"Flávio Dino é comunista e segue Lenin, que disse que “usaremos o idiota útil na linha de frente"" e ""destruiremos sua base moral, a família e a espiritualidade”.",Fake
Jean Wyllys foi chamado para ser ministro de Haddad,Fake
Congresso aprovou lei que criminaliza o uso do fogão a lenha,Fake
Uma pessoa queima votos a favor de Donald Trump em vídeo,Fake
Lula mandou cortar 76% dos empregos gerados pela Petrobras no Nordeste,Fake
Haddad afirmou que governo deve decidir o gênero das crianças,Fake
"Você não foi vacinado não, diz mulher a Lula",Fake
Estado de Wisconsin (EUA) tem mais votos que eleitores,Fake
"Governo Lula proibiu evangelização, cultos e orações em presídios.",Fake
Lula desiste de auxílio brasil de R$ 600 e admite que discurso mudou após eleição,Fake
CCJ da Câmara suspende o julgamento de Bolsonaro no STF,Fake
"Vídeo no Facebook em que uma pessoa não identificada diz ter recebido documento assinado pelo presidente Jair Bolsonaro (PL). O conteúdo mostra o suposto texto do “Ato Institucional nº 1, de 9 de dezembro de 2022”, pausadamente. Em determinado trecho, explica estar em curso uma “nova revolução”, que “destitui o governo anterior e tem a capacidade de constituir um novo governo”.",Fake
Polícia de SP prendeu enfermeiro no hospital que Bolsonaro estava internado,Fake
Aproximadamente 2.450 seções eleitorais a menos. Eram eleitores. Morreram de COVID-19.,Fake
CUT pede a cabeça e apoia a prisão de Lula,Fake
Nós terminamos o ano de 2020 com mais emprego do que dezembro de 2019,Fake
Vídeo mostra dinheiro apreendido na casa da ex-presidente da Argentina Cristina Kirchner.,Fake
"O Dino absolveu o Dino porque o Dino julgou que o Dino não deve nada à justiça! Se duvidar, pergunte ao Dino. Juiz anula a própria sentença que condenava o Maranhão a devolver 141 milhões no governo Flávio Dino",Fake
"Lula postou no Twitter que ""no nosso governo igreja vai ter seus benefícios cortados, vão pagar imposto e uma taxa de dívida histórica pelo tempo de escravidão. Também serão obrigados a casar gays. No Brasil ninguém vai mandar mais que nosso governo, nem Deus""",Fake
Documento prova que governo federal recebeu pedido de ajuda do RJ e recusou,Fake
"Isso aconteceu no Brasil inteiro! São Paulo, são 20 zonas eleitorais que votaram praticamente igual! Fraude, fraude, fraude!!!",Fake
Somente Tarcísio de Freitas mobilizou ações de combate aos incêndios em SP,Fake
"Foram anulados 7,2 milhões de votos, que levariam à vitória de Bolsonaro no primeiro turno",Fake
Vídeo mostra Dino comemorando ao lado de Brazão,Fake
Lula sancionou lei que permitiu bets no país,Fake
"O diretor-geral da Polícia Federal, Paulo Maiurino, publicou tuíte dizendo que o STF e Lula mandaram mantar o presidente Jair Bolsonaro",Fake
Este vídeo prova que nova funcionalidade das urnas pode anular voto de eleitores,Fake
A reforma tributária é inconstitucional,Fake
"Rodrigo Maia é tão FDP que questionou o por quê do presidente não fechar fronteiras. Só esqueceu da Lei 13.445/2017, que ele mesmo votou, que proíbe o mesmo fechamento.",Fake
Haddad lança bolsa travesti em 2023,Fake
Vaza áudio: Haddad e Manuela tramando contra Exército e Bolsonaro,Fake
Não é possível recontagem de votos e a população não pode auditar as eleições,Fake
Governo Lula pagará o décimo terceiro do Bolsa Família em 2023,Fake
Taxa sobre energia solar foi sancionada no governo Lula,Fake
Lula vai taxar influenciadores digitais em 4%,Fake
TV Globo apagou vídeo de golpista que prometia fraudar resultado das eleições,Fake
"Roberto Mantovani, suspeito de hostilizar Alexandre de Moraes, recebeu auxílio emergencial",Fake
"Primeira ministra da Itália, Giorgia Meloni, se recusa a abraçar o presidente comunista Lula",Fake
Trump disse que vai prender Lula e libertar Jair Bolsonaro,Fake
"“25 de milhões de pessoas estiveram nas ruas ontem para apoiar o presidente eleito (…). Quando, por algum milagre, um jornalista ousa publicar a verdade, vem a order da ‘diretoria’ de apagar e cancelar a notícia.”",Fake
"O autor da representação junto ao Tribunal de Contas da União que motivou as acusações discutidas nesse processo foi reconhecido como suspeito pelo presidente do Supremo Tribunal Federal. Soube-se ainda, pelo depoimento do auditor responsável pelo parecer técnico, que ele havia ajudado a elaborar a própria representação que auditou.",Fake
"Não foi de maldade, eu achava que era realmente desse jeito [história do pai de Tabata Amaral]. Aí depois eu fui ouvir a história dela e eu pedi perdão.",Fake
Bolsonaro disse ser a favor da venda de órgãos no Brasil,Fake
Votos para Bolsonaro não foram computados em urna em Manicoré (AM),Fake
Lula defendeu a mentira como método para enganar pobres,Fake
Lula irá congelar contas bancárias em fevereiro ou março de 2023,Fake
"Lula desabafa: eu botei o Tóffoli no STF, o Gilmar me deve favores, sou amigo do Marco Aurélio, e Lewandowsky nunca me traiu",Fake
"Apoio a proposta de impeachment. O Congresso não faz nada que não esteja em sintonia com a população. A lei no Brasil é para ser cumprida por todos, em especial pela presidente da República.",Fake
saiu o relatório que confirma podridão do stf e tse via Moraes e companhia,Fake
STF tem funcionários única e exclusivamente para empurrar cadeiras de ministros,Fake
O Ricardo Nunes botou empresas ligadas ao tráfico de drogas no transporte.,Fake
Vídeo mostra protesto no Texas contra política de imigração de Joe Biden,Fake
"O Charlie Hebdo fez uma manchete com um cartoon de Lula e o título: ""Confirmado: o Supremo brasileiro é uma merda""",Fake
Jogador Richarlison dedicou gols na Copa do Qatar a Jair Bolsonaro,Fake
Lula culpa prefeitos por casos de dengue,Fake
Nós (PT) geramos 22 milhões de empregos,Fake
"Eu sou a única candidata, entre homens e mulheres, a única que ganha de todo mundo no segundo turno. Peguem a última Atlas, eu ganho com margem do Marçal, do Nunes e do Boulos.",Fake
Dinheiro enterrado na casa de miliciano era de Flávio Bolsonaro,Fake
"Em vídeo, repórter argentino explica que Bolsonaro foi expulso de foto oficial com Javier Milei por não ser mais presidente",Fake
Erika Hilton: Presidente da Comissão da Mulher é internada às pressas com torção testicular,Fake
"Porque no governo passado ninguém se metia a fazer greve. Então, só o fato do cara falar: ‘porra, o Lula está no governo, eu posso fazer uma grevezinha’. Ótimo! Que bom que ele está exercitando o direito de reclamar, o direito de reivindicar.",Fake
Alexandre Frota confessou ter namorado Jair Bolsonaro por dois anos,Fake
Governo criou benefício exclusivo para dependentes de álcool,Fake
Vídeo mostra fraude em carros-pipa no Nordeste durante o governo Lula,Fake
Lula é hostilizado em Brasília na véspera da posse presidencial,Fake
Eduardo Campos liderava as pesquisas eleitorais quando morreu em 2014,Fake
Petista enlouquecida tenta parar caminhada de Nikolas,Fake
Lula recebeu 213 mil votos em uma cidade de 156 mil habitantes na Bahia,Fake
Nikolas Ferreira fala que vai renunciar o mandato e se mudar para os Estados Unidos,Fake
Floriano Peixoto proclamou a República,Fake
Audiência da Globo caiu após a entrevista de Bolsonaro ao Jornal Nacional,Fake
Governo Lula libera aborto em qualquer tempo gestacional.,Fake
Guilherme Boulos (PSOL) cobra dinheiro por invasão de prédios,Fake
As mulheres estão morrendo. Sobretudo as mulheres mais pobres e negras. São quatro que morrem por dia por abortos precários.,Fake
"Bolsonaro foi elogiado por Joaquim Barbosa, Alberto Youssef e Fernandinho Beira-Mar, e devolveu R$ 250 mil da JBS",Fake
Eleitores de Lula devem votar no dia 3 para evitar confusão,Fake
Adélio Bispo é o único homicida brasileiro cujo sigilo telefónico e bancário é protegido pelo STF [Supremo Tribunal Federal] e OAB [Ordem dos Advogados do Brasil]!,Fake
O Fachin foi advogado do MST,Fake
Presidente eleito de Portugal tira sarro da petezada fazendo a dancinha da picanha.,Fake
Vídeo mostra passo a passo para fraudar urna eletrônica,Fake
Governo Lula vende minas de níquel para a China,Fake
TSE probiu pessoas com febre ou diagnosticadas com Covid-19 de votar nas eleições do próximo domingo.,Fake
"PF pediu prisão de Moraes, que fraudou documentos contra Jair Bolsonaro",Fake
São Paulo não é nem uma das cinco melhores cidades para se fazer negócio no país quando você olha pro ambiente de empreendedorismo.,Fake
"ITA e IME, institutos militares, fizeram protótipo de urnas para voto impresso, mas foram vetados pelo TSE (Tribunal Superior Eleitoral)",Fake
"""O Parlamento Europeu vota uma proposta de resolução para indemnizar as vitimas da vacinação COVID-19""",Fake
O ministro do STF Alexandre de Moraes foi vaiado em evento,Fake
Nova delação de Maduro nos Estados Unidos cita Moraes e outros ministros,Fake
"Guilherme Boulos, do PSOL, é funcionário fantasma da USP",Fake
Veja publicou que Lula disse que irá rever o Pix,Fake
Governo quer confiscar FGTS para abater dívidas da União,Fake
Vídeo mostra que Michelle Bolsonaro foi a única a receber repatriados vindos de Israel,Fake
"Agora que Bolsonaro não é mais o Presidente, a vacina mata",Fake
"Silvio Almeida – ex Min. de Lula e acusado por assédio e importunação sexual (seis mulheres), pede apoio para Guilherme Boulos",Fake
A revelação de conversa gravada clandestinamente trouxe de volta os fantasmas da crise política ainda de proporção não dimensionada.,Fake
"Se eleito presidente dos Estados Unidos, Trump mandará prender o ministro Alexandre de Moraes.",Fake
Leão XIV se declara a Lula e diz que ele é o melhor presidente do mundo,Fake
Traficante na comitiva liderada por Lula morreu em voo entre o Brasil e a Etiópia,Fake
Personalides como Renato Russo alertaram no passado sobre perigo que Bolsonaro representava,Fake
"Presidente da EDP, António Mexia, ganha mais que o presidente da Apple",Fake
"Rua da Imperatriz, no Recife, entra em decadência com o governo Lula",Fake
"Carta bombástica foi postada no #Brasil pelo EXARNET, blog fechado do exército.",Fake
Congresso dos EUA diz que Bolsonaro deveria ter ido à posse,Fake
"Moraes disse que não terá voto impresso e, talvez, nem Bolsonaro em 2022",Fake
"“Congresso inimigo do povo” e entoam gritos de “Hugo Motta, traidor”.",Fake
Banner das eleições de 2022 mostra que Zema sempre apoiou Lula,Fake
Esquerda tentou envenenar André Ventura em comício,Fake
Fernando Haddad divulgou site para sacar dinheiro esquecido do PIS/PASEP,Fake
"Após derrota de Boulos, militantes do MST começam série de invasões na Grande São Paulo",Fake
"Da prisão, Lula lança filho como pré-candidato do PT à Presidência",Fake
Jair Renan filho de Bolsonaro é alvo de operação policial em 2026,Fake
Haddad defende a legalização da pedofilia',Fake
"Ao votar somente para presidente e deixar de escolher para outros cargos, o voto é anulado",Fake
"Não houve, durante minha gestão, ‘pedaladas’ como as denunciadas. Nem há como. Não há no governo de Minas sequer banco público comercial.. Ou atrasam a folha de pagamento de servidores ou o pagamento de fornecedores, ou têm gastos elevados com pessoal, entre outras irregularidades. Isso também é um descumprimento da lei orçamentária. São condições mais gravosas que a da União. Uma coisa é você contrair novas dívidas sem ter recursos; outra é, em função de queda de arrecadação, atrasar um repasse.. Veja nossa planilha com os estados e suas irregularidades.",Fake
"CGU apontou 35 mil irregularidades em processos licitatórios do governo Lula que são crimes de corrupção, fraude e lavagem de dinheiro.",Fake
Bolsonaro pede oração para não ir para Papuda,Fake
"""AGORA: Petista Fernanda Montenegro move ação contra o INSS após ter pensão suspensa pelo governo Lula.""",Fake
Urnas eletrônicas são conectadas à internet no momento da totalização dos votos,Fake
Petistas infiltrados saem pelo túnel do Congresso após atos de terrorismo em Brasília (DF),Fake
PF descobriu que Alexandre de Moraes recebeu dinheiro para condenar Jair Bolsonaro,Fake
Lula entupiu canal da Transposição do Rio São Francisco em Salgueiro (PE),Fake
Polícia descobriu 'fazenda de visualizações' com centenas de celulares para Nikolas Ferreira e Flávio Bolsonaro,Fake
Jovem Pan noticiou que presidente da Holanda confirmou fraude eleitoral no Brasil,Fake
"Não tem uma uma foto dele [Roberto Jefferson] comigo, nada",Fake
Eleitores de Bolsonaro aprovam o governo Lula,Fake
Não há nenhuma alteração à norma que isenta os partidos políticos do pagamento do IVA.,Fake
"Erika Hilton vai ser ministra da Mulher, Família e Direitos Humanos no Governo Lula",Fake
Guilherme Boulos disse que pessoas que possuírem duas casas deverão doar uma delas para quem não tem,Fake
Bolsonaro foi envenenado na prisão,Fake
"""EUA provam a vitória de Bolsonaro e a fraude dos esquerdopatas — o satanóide [Lula da Silva] não é presidente do Brasil.""",Fake
"""Enquanto Bolsonaro ia em cana… Michelle estava em Fortaleza. Sorridente com o maquiador. Ela segue firme — e maquiada.""",Fake
VEJAM O MOMENTO EXATO EM Q OS MINISTROS DO LULA ARTICULAM OS PLANO DO 8DEJANEIRO,Fake
Trump solicitou uso da base aérea de Anápolis a Lula em meio a conflito com Irã,Fake
Lula mente a data de aniversário,Fake
Foto mostra desembargador do caso das 'rachadinhas' na comitiva de Bolsonaro em Dubai,Fake
"A empresa de tecnologia Positivo, vencedora de licitação para produzir urnas eletrônicas, foi comprada pela chinesa Lenovo",Fake
"Força de Segurança do Ministro Flávio Dino, combatendo os traficantes nos morros do Rio de Janeiro-RJ. Será?! Credito não só num causo desse!",Fake
Reportagem mostra fome durante governos do PT. Esta é a era Lula que tirou a população da extrema pobreza,Fake
Alexandre de Moraes ordenou a prisão da deputada Paula Belmonte.,Fake
Governo Lula apresentou projeto de equiparação salarial que já existe desde 1952,Fake
Protesto na Hungria foi motivado por imagens de Bolsonaro na embaixada em Brasília,Fake
Moares admite possibilidade de absolvição de Bolsonaro,Fake
"Até o Ciro é 22, e você aí com essa história de voto útil",Fake
Dj Alok fez um discurso inflamando o público a entoar um coro contra Jair Bolsonaro.,Fake
TSE derrubou site e mudou tarja nas redes sociais após live argentina,Fake
Governo Lula vai taxar em 60% os medicamentos importados por pessoas físicas,Fake
STF julga se termo mãe viola direito das pessoas trans,Fake
Grok pede desculpas a Osmar Terra e mostra que ele estava certo sobre vacinas,Fake
"Conteúdo verificado: Tuíte de Roberto Jefferson no qual ele compara os valores arrecadados pelo Projeto Pátria Voluntária, administrado pela primeira-dama Michelle Bolsonaro, com os gastos do STF-Med, plano de saúde que atende funcionários do Supremo Tribunal Federal.",Fake
"""Não, quem marcou as eleições foi o Conselho Nacional contra a minha proposta que era esperar""",Fake
Vídeo mostra que Fernando Haddad é dono de Ferrari,Fake
"O Supremo Tribunal dos EUA autorizou o Poder Judiciário do Governo da Flórida a notificar, pessoalmente, Alexandre de Mores para comparecer em uma oitiva da justiça daquele Estado. Caso não compareça na audiência, a ser marcada, haverá um pedido de extradição que o Brasil obrigatoriamente terá que cumprir em consonância à Convenção de Haia",Fake
Lula acionou o STF para não devolver o dinheiro das vítimas da fraude no INSS,Fake
Anotar número de candidato ao assinar na votação evita fraude na contagem dos votos,Fake
Bolsonaro influenciou Temer a fazer cortes no SUS para saúde mental,Fake
"""O deputado do Bloco de Esquerda, Moisés Ferreira, não só escreveu como contactou o Quaresma para publicar o seu texto""",Fake
Suzane Von Richthofen será candidata a deputada federal pelo PT?,Fake
O voto em 2024 servirá de prova de vida junto ao INSS,Fake
Lula diz que se houver aumento na conta de luz não fará diferença brasileiro tem que estar é na rua trabalhando,Fake
Urnas velhas aparecem em sua maioria com ZERO voto para Bolsonaro. Na nova urna isso não acontece. A fraude foi sistémica. Lula foi só uma peça desse sistema.,Fake
Lula presenteou Janja com ovo de Páscoa de ouro,Fake
Não ao passaporte de imunização. As vacinas da COVID não seguiram os protocolos normais e reações adversas têm ocorrido.,Fake
"[Lula,] O governo do senhor é do povo, para o povo, diferentemente do governo de agora, com o qual não podemos concordar, que tem um deficit, um buraco, um rombo de R$ 139 bilhões e vai elevar para R$ 159 bilhões, enquanto corta recurso do programa Bolsa Família.",Fake
Trump proibiu Moraes de fazer transferências em 123 países,Fake
"""BOLSONARO É O MELHOR PRESIDENTE BRASILEIRO DE TODOS OS TEMPOS E O POVO O AMA!
Obs: Quem fala não sou só Eu, É também o Jornal Internacional 'THE WASHINGTON POST'""",Fake
Lula acho que seria bem recebido no AGRO. AGRO não é Lula,Fake
Enfermeira diz que Lula não tomou a vacina bivalente contra a Covid-19,Fake
"Pablo Marçal lidera a corrida eleitoral de São Paulo com 28,9% das intenções de voto",Fake
Donald Trump ligou para saber sobre estado de saúde de Bolsonaro,Fake
Ex-presidente Jair Bolsonaro acusa Flávio Bolsonaro por rachadinhas,Fake
"As invasões de grupos pró-Hamas na abertura do Mercado de Natal em Bruxelas, repetidas também na Alemanha e no Reino Unido, ultrapassam a simples expressão política.",Fake
Reunião de Lula termina em baixaria,Fake
Governo Lula mandou Globo e CNN Brasil focarem cobertura no caso das joias,Fake
Charlie Hebdo publicou charge com Lula e ofensa ao STF,Fake
Impostos federais sobre combustíveis foram zerados pelo Presidente Jair Messias Bolsonaro,Fake
"Fraude eleitoral: trecho da transmissão da TV Record mostrou a apuração das urnas eletrônicas em São Paulo aumentou repentinamente de 3,92% para 98,14%",Fake
"Em vídeo, Gilmar Mendes diz que sistema eleitoral é falho",Fake
Lula comprou avião de luxo por 400 milhões,Fake
Lula é xingado de ‘vagabundo’ em feira em Natal,Fake
José Guimarães é hostilizado em avião,Fake
BOLSONARO A QUALQUER MOMENTO PODERÁ SER PRESO CONFIRAM,Fake
"Lula diz que, se Trump invadir Cuba, Brasil estará pronto para ajudar a proteger a ‘soberania’ do país",Fake
A gasolina e o diesel estão mais baratos do que no governo Bolsonaro. E o PIS/Cofins e o imposto sobre combustível fóssil voltou a ser cobrado.,Fake
Tabata e Boulos votam contra a isenção do Imposto de Renda para até 5 mil reais!,Fake
AGORA: Pablo Marçal sofre fratura no sexto arco costal após cadeirada de Datena em debate ao vivo na TV Cultura,Fake
"Em 2006, militantes de vermelho invadiram o Congresso, quebraram tudo e um juiz decidiu que era ""liberdade de expressão""",Fake
Drex será obrigatório e implementado sem aprovação do Congresso,Fake
Áudios provam que Flávio Dino e Lula tramaram ataques de 8 de janeiro em Brasília,Fake
"Um novo programa social, criado em parceria com uma das maiores redes de farmácias do país, está facilitando o acesso a soluções modernas para quem busca mais equilíbrio com o próprio corpo.",Fake
Ato pelo impeachment de Lula e de Alexandre de Moraes na Paulista em 9 de junho teve grande presença de público,Fake
12 anos como deputado garantem pagamento de pensão vitalícia?,Fake
Walter Braga Netto afirma que vai haver intervenção militar no segundo turno das eleições de 2022,Fake
"Lula é reconhecido pelo mundo todo como bandido, antidemocrático e antipatriota",Fake
"Aquilo que Luiz Inácio Lula da Silva colocou em sigilo, Moraes mandou agora derrubar",Fake
Pablo Marçal deu entrevista em hebraico para irritar jornalistas,Fake
"Uma multidão gigantesca cercou o local, ovos voaram na comitiva e o clima ficou tão tenso que o ""pai dos pobres"" teve que fugir pelos fundos para não encarar o povo!”",Fake
OEA publicou relatório denunciando abusos do STF,Fake
Em apenas oito meses do governo Lula o Brasil cresceu mais que nos quatro anos de Bolsonaro.,Fake
A Globo já tem certeza do golpe. Já gravou o especial de fim de ano com o Lula e a Janja,Fake
Reportagem mostra reclamação sobre falta de água no atual governo Lula,Fake
Alexandre de Moraes votou a favor de si mesmo para participar de julgamento de Bolsonaro,Fake
O presidente Jair Bolsonaro desfilou com uma bandeira dos Estados Unidos durante a celebração da independência do Brasil,Fake
Tem mais casa sem gente que gente sem casa no Brasil.,Fake
Evento de recepção a Emmanuel Macron em Brasília estava esvaziado,Fake
PT pagou R$ 50 bilhões para tornar inelegíveis integrantes do PL,Fake
Taxas sobre o Pix passaram a ser cobradas após o governo Lula,Fake
"Gasolina, gás, café e picanha eram mais baratos no governo Bolsonaro que no governo Lula.",Fake
Band foi pressionada a demitir comentarista após ele criticar o conluio entre o STF e a PGR contra Bolsonaro,Fake
Governo divulgou novo site para solicitar valores esquecidos,Fake
"Não tô dizendo que eu vou sair de um tribunal. Eu só quero saber, e isso só me apareceu agora, e eu nem sabia da existência desse tribunal [tribunal de Haia], sabe? Eu só quero saber por que que os EUA não é signatário, porque a Índia não é signatária, porque a China não é signatária.",Fake
Governo Lula distribui livro que promove incesto para escolas públicas,Fake
Governo Lula (PT) interrompeu o fornecimento de água no Nordeste,Fake
Governo Lula reduziu em 50% o valor da pensão por morte,Fake
Alexandre de Moraes anunciou que Bolsonaro irá fugir para os EUA,Fake
Como Lula estava em Araraquara e em Brasília ao mesmo tempo?,Fake
Bolsonaro apareceu hoje (13/11),Fake
"Então, segundo o TCU, está aqui, que é um acórdão não conclusivo, deixo bem claro, mas com fortíssimos indícios de supernotificação [de mortes por covid-19]",Fake
Empresa investigada por roubar R$ 32 milhões de aposentados pagava cartão de Michelle Bolsonaro,Fake
"Militares brasileiros ordenaram ao presidente do TSE, Alexandre de Moraes, que houvesse segundo turno",Fake
Vídeo não mostra festa do tráfico no Vidigal após indicação de Flávio Dino ao STF,Fake
Alexandre de Moraes pode ser preso a qualquer momento,Fake
Lula e Haddad disseram que o governo vai tomar a herança dos filhos,Fake
"Se Bolsonaro bater recorde de Lula em podcast, Felipe Neto fechará canal no YouTube e sairá do país e André Janones irá entregar seu mandato.",Fake
"Ex-ministro Silvio Almeida, acusado de assédio sexual, pede votos para Guilherme Boulos nas eleições municipais de 2024",Fake
[O Brasil foi o último] a dar voto para mulher.,Fake
"Bolsonaro diz, em 2024, ter provas que foi eleito no 1º turno",Fake
General do Exército Décio Schons denuncia ao STM esquema de propina para cooptar militares em favor de ministros do STF,Fake
Falta de manutenção em urnas eletrônicas durante a pandemia levou a cortes e agrupamento de seções eleitorais,Fake
Investigação da CGU livrou Bolsonaro no caso do cartão de vacina,Fake
Live com Lula não 'bomba' e Governo Federal avalia liberar sinal de internet nas penitenciárias,Fake
Marçal grava vídeo ao lado de Trump no dia da posse,Fake
"Vídeo mostra um site que provaria que os documentos do pai do autor do post, morto há mais de duas décadas, foram usados para votar no presidente Luiz Inácio Lula da Silva (PT) nas eleições de 2022.",Fake
"Em entrevista ao deputado federal Daniel Silveira, Alessandro Loiola afirma que vacina vai alterar o código genético",Fake
Senado debate projeto de lei que prevê a prisão religiosa por pregação em horas impróprias,Fake
"Diretor-geral da PF desmente Moraes e chama história mencionada pelo ministro sobre enforcamento de ""alucinada""",Fake
"Câncer, paralisia e aids, doenças que Haddad quer tributar",Fake
Anestesista preso após estuprar paciente postou mensagem de apoio a Bolsonaro em 2018,Fake
Notícia sobre Flávio Bolsonaro afirmar que vai acabar com o PIX para agradar o Trump,Fake
"O Haddad já disse isso (...) no mesmo minuto da posse, ele assina o indulto de Lula e no momento seguinte o nomeia Chefe da Casa Civil.",Fake
Jean Wyllys transferiu R$ 50 mil à defesa de homem que atacou Bolsonaro,Fake
Exército dos EUA no Brasil,Fake
Eleitor deve aguardar a mensagem “confirma seu voto” na urna eletrônica antes de finalizar a votação,Fake
CCJ suspende julgamento sobre tentativa de golpe contra Bolsonaro,Fake
Trump manda Exército prender Alexandre,Fake
"""O General Benjamin Arrola acaba de receber um relatório oficial da consultoria norte-americana Power Guidão. Ficou constatada a fraude nas urnas e será comprovado em breve pelo porta-voz das forças armadas, Alan Berrola.""",Fake
Apresentador Luciano Huck declara voto nas redes sociais ao Lula,Fake
Bolsonaro passou mal na prisão e foi levado às pressas ao hospital nesta quinta (11),Fake
"O que está acontecendo é que nós temos o maior retrocesso da história do nosso país na agenda ambiental. Isso começou com o governo da presidente Dilma [Rousseff, do PT]. Agora estão sendo aprofundados os retrocessos que ela já vinha praticando.",Fake
Lula é proibido por segurança de se aproximar de rei árabe que cumprimentou Donald Trump,Fake
Decisão que libertou Lula vai soltar também estupradores,Fake
Alexandre de Moraes assume que houve falhas nas eleições,Fake
"Na Dinamarca, pessoas recebem ajuda social são impedidas de votar",Fake
Voto não é auditável,Fake
Vídeo mostra alerta de Otoni de Paula sobre prisão de apoiadores de Bolsonaro em em manifestação em 25 de fevereiro de 2024,Fake
"“André Silva, do PAN, tem vindo a apresentar propostas e mais propostas para a redução do IVA na ração dos cães. Já a redução do IVA na alimentação para crianças, foi chumbada porque o PAN se absteve de votar.”",Fake
Ato convocado por movimentos de esquerda teve baixa adesão do público,Fake
"LULINHA & VEJA LANÇADA ONTEM EM SP VAI QUEBRAR O PAU: O desespero do presidiário Lula, seus filhos que nunca trabalharam , Haddad, Guilherme Boulos, Marina, Ciro, Suplicy e diversos amigos do Lula estão desesperados com a verdade que veio à tona. Vai ser publicada na VEJA desse final de semana a RIQUEZA do LULINHA. Sócio majoritário dos Frigoríficos JBS (Friboi), SÓCIO majoritário da Telefonia OI, Proprietário de SEIS Fazendas que somadas dão um total de 1.400.000 hectares . Criador de mais de 500.000 cabeças de GADO no Estado do PARÁ. Sócio majoritário da cooperativa de Frigoríficos em Gurupi-TO . Cooperfrigu, este Frigorifico exporta cocaína para toda Europa .",Fake
"Se uma eleição tiver 51% dos votos nulos, o pleito é anulado.",Fake
"Príncipe William diz que Lula é ""uma espécie de Deus no Brasil""",Fake
Nicolas Maduro manda soltar todos os presos políticos na Venezuela e sugere sua renuncia,Fake
Datafolha realizou pesquisa online sobre eleição presidencial,Fake
"É o brasil começando á dar certo, parabens a o governo bolsonaro, por mais este importantissímo acordo!!!",Fake
Vídeo mostra incêndio causado por manifestantes de esquerda na França após resultado das eleições,Fake
Tratamento precoce evitou mortes em Búzios,Fake
"""A turminha que detonava o Bolsonaro.17 mil reais por mês. Olha eles aí na equipe de transição.""",Fake
Caso do cachorro Orelha Lula ficou bravo: eles vão PAGAR,Fake
Vídeo mostra Alexandre de Moraes sendo agredido na Itália em julho de 2023,Fake
"Foto mostra Adélio Bispo junto de Lula, Dilma, Gleisi e Boulos.",Fake
O botijão de gás subiu mais de 30% só no último ano,Fake
Decreto publicado pelo governo Lula transfere propriedade privada para o Estado,Fake
"Presidente eleito Lula, promete indulto para Adélio Bispo.",Fake
Nova pesquisa mostra Flávio Bolsonaro à frente de Lula em Pernambuco,Fake
"Nós aprovamos tudo o que nós mandamos para o Congresso Nacional, Milton. Não houve um projeto do governo que foi recusado. Nós aprovamos tudo.",Fake
Dino não quer que você descubra esse vídeo portanto salve,Fake
Bolsonaro criou o PIX,Fake
"A prefeitura sabia o tempo todo [sobre guardas civis investigados por integrar uma milícia na Cracolândia] e não fez nada. Sabia de tudo. É uma operação e aí ela dá uma declaração, a responsável por essa operação que está acontecendo na Cracolândia, Salus et dignitas. Tem uma declaração oficial da responsável que ela fala: ‘A prefeitura sabia e se omitiu’. Por isso que a prefeitura não vai participar dessa operação.",Fake
"Não posso, em momento algum, senhor deputado, dizer-lhe que não vai haver demolições nas ilhas barreira, porque objetivamente há casas que estão em risco e o Governo não pode fazer de conta que não as conhece. Não temos nenhuma sanha demolidora. Não temos nada contra ninguém.",Fake
Papa faz “sermão impiedoso” criticando Trump após ataques do presidente americano,Fake
Fux detona Moraes,Fake
Lula entregou reserva Raposa-Serra do Sol a George Soros,Fake
"Papa Leão XIV enviou mensagem a Ibrahim Traoré, Presidente de Burkina Faso.",Fake
Fátima Bezerra usou R$ 900 milhões de verbas do Governo Federal para pagar a folha,Fake
Judoca Beatriz Souza dedicou medalha a Jair Bolsonaro,Fake
Haddad ganhará no primeiro turno em SP segundo a pesquisa AtlasIntel,Fake
Urnas eletrônicas estão sendo modificadas no Sindicato dos Metalúrgicos de São Bernardo do Campo,Fake
Lula disse que 800 milhões passam fome no Brasil,Fake
Vídeo mostra apreensão da PRF de dinheiro que saiu do Instituto Lula e tinha a Venezuela como destino,Fake
Protógenes Queiroz fugiu para a Suíça após descobrir fraudes nas urnas eletrônicas,Fake
Governo Lula vai obrigar famílias carentes a devolver auxílio emergencial recebido durante governo Bolsonaro,Fake
"Trecho de vídeo, retirado de contexto, em que Ciro Gomes afirma que o “Brasil está na iminência de sofrer a maior fraude eleitoral”. A publicação voltou a circular nas redes sociais no dia 24 de julho, em postagens com a afirmação “Ciro avisou”, sugerindo desconfiança em relação aos resultados do processo eleitoral brasileiro.",Fake
Vídeo recente de Felipe Neto contra Lula,Fake
"Sergio Moro foi a um jantar em Fortaleza, mas o sanfoneiro é bolsonarista",Fake
Donald Trump ameaça prender Lula por envio de urânio ao Irã,Fake
"Alexandre de Moraes cometeu crime ao “invadir as fronteiras americanas para emitir um mandado de prisão contra um cidadão americano”, porque o alvo da decisão judicial tem dupla cidadania, brasileira e norte-americana, e vive nos Estados Unidos.",Fake
Vídeo mostra comício de Lula vazio em Curitiba,Fake
NYT diz que Trump mandou investigar afirmações de Eduardo Bolsonaro,Fake
Foto de Lula e Maduro de mãos dadas nos anos 80,Fake
O cantor Kim Nam-joon do grupo BTS fez discurso na ONU elogiando Bolsonaro,Fake
INSS alertou o governo Lula que está sem dinheiro para manter as atividades,Fake
"Essas acusações de atentado contra a democracia, a Constituição não fala que não pode ter anistia sobre isso.",Fake
Mais de 50kg de cocaína é apreendida na Turquia em carro diplomático do Brasil. O Flavio Dino chega aqui rapidinho,Fake
Jair Bolsonaro nvai mandar no Brasil caso o PL vença as eleições para a Câmara dos Deputados; ele não está inelegível,Fake
"Eu ouvi a declaração do ministro José Múcio, da Defesa, no Roda Viva, há poucos meses, ele falando que o 8 de Janeiro não foi golpe. Também o ex-ministro Aldo Rebelo, a mesma coisa. Também o ex-ministro da Defesa, Nelson Jobim, a mesma coisa — que foi presidente do TSE, inclusive. Outras [pessoas]... José Sarney… todo mundo falando isso, respeitosamente.",Fake
Bolsonaro recebe R$68 mil de aposentadoria pelo INSS,Fake
Trump criticou intimação enviada por Moraes a Bolsonaro,Fake
Alexandre de Moraes mandou tirar do ar ferramenta de cotação do Google,Fake
Bolsa Família vai acabar,Fake
Estados americanos paralisaram contagem de votos de forma ilegal.,Fake
Municípios do Nordeste registraram mais votos em Lula do que total de habitantes,Fake
Motociata de Bolsonaro em Ribeirão Preto (SP) em 2023,Fake
Lula disse 'tenho que mentir',Fake
Dinheiro público banca 1400 pessoas na comitiva brasileira da COP28,Fake
Governo Lula anunciou o fim do seguro-desemprego em 2025,Fake
‘Estupro é uma palavra muito forte; eu chamo de sexo forte e não acho que mereça cadeia assim tão facilmente’ — Rosa Weber,Fake
Revista Veja noticiou que Bolsonaro vai reformular Ministério da Educação,Fake
Reportagem de 2023 mostra que governo Lula cortou verba de programa de carro pipa,Fake
Randolfe comete gafe ao confundir corrida com manifestação pró-Bolsonaro,Fake
Polícia Federal achou recibo de aluguel de jatinho em nome de Nikolas Ferreira (PL-MG) e Michelle Bolsonaro em empresa que desviou R$ 32 milhões do INSS.,Fake
Vídeo publicado no Twitter mostra pessoas aglomeradas em torno de um homem que anuncia ter recebido a notícia de que o presidente Jair Bolsonaro (PL) pediu o cancelamento da diplomação do presidente eleito Luiz Inácio Lula da Silva (PT). Ele afirma que a solicitação será publicada no Diário Oficial da União (DOU) no dia 12 de dezembro e é aplaudido pelo grupo de manifestantes.,Fake
Ministro da Defesa diz que haverá intervenção militar nas eleições em 2022,Fake
Lula inventou queda para não passar pelo reconhecimento de íris na Cúpula do Brics,Fake
Bolsonaro diz que vai acabar com o 13º e com a hora extra remunerada,Fake
Ponte rodoferroviária Rollemberg-Vuolo é obra do governo Bolsonaro,Fake
É internação. E na internação constata que ele [Boulos] entrou por isso [uso de cocaína].,Fake
"Isso, dependendo de gostar do Bolsonaro ou não, foi o melhor governo do Brasil até hoje. O único que baixou imposto.",Fake
Lula afirma que está proibido criticar o presidente,Fake
O sistema de votos do TCE é invadido por rapaz de 19 anos,Fake
Lula disse para as pessoas ‘irem a pé’ para contornar aumento do preço da gasolina,Fake
Torcida do Corinthians cantou contra o ministro Alexandre de Moraes em Itaquera,Fake
Lula bloqueia WhatsApp,Fake
Autor de atentado ao STF morreu ao ser atingido por bomba arremessada contra a estátua da Justiça,Fake
Venderam o Brasil para a China,Fake
"Éramos robôs, então tomem os transformers: tratores vistos em ato de maio 2021 a favor do presidente Jair Bolsonaro",Fake
"""O TC é um tribunal de nomeação política e, por esse facto, resolveram comprar automóveis de luxo e super luxo para cada um dos juízes"".",Fake
O PT propôs a diminuição da idade para estupro de vulnerável no Código Civil,Fake
Ex-ministro Flávio Dino defende a liberação de furto no país,Fake
"Vídeo mostra que ninguém compareceu à agenda de rua do candidato Guilherme Boulos, enquanto Pablo Marçal lotou uma motociata",Fake
URGENTE General entrega tudo na CPI. Governo lula armou tudo no dia 8 de janeiro,Fake
Vídeo mostra Glauber Braga sendo retirado à força da Câmara,Fake
JBS Friboi abriu contas na Suíça com R$ 300 milhões para Lula e Dilma,Fake
Presidente de Portugal disse que Brasil não quer receber doações do país,Fake
Câmara derruba decretos de armas de Lula,Fake
PT acionou Justiça para impedir Bolsonaro de combater seca no Nordeste,Fake
"O Presidente de Portugal, André Ventura, afirma que o governo brasileiro está evitando ajuda internacional.",Fake
"OBAMA, Nobel da Paz em 2009, bombardeou 7 países em 6 anos. Só em 2017 lançou 26 mil bombas... Trump firmou 7 tratados de paz, elaborou o ""Plano Trump pela Paz"", foi o 1° presidente em 100 anos a não iniciar qualquer guerra. São factos.",Fake
"Se Flávio Bolsonaro cair, Lindbergh Farias assume vaga no Senado",Fake
"88 milhões de pessoas doaram via PIX para Jair Bolsonaro, apesar de ele só ter tido 58 milhões de votos",Fake
"Nikolas Ferreira diz: ""Água alterada com o DNA da homossexualidade é altamente contagiosa.""",Fake
Lula e Eduardo Paes tiram foto com Celsinho da Vila Vintém,Fake
Senador diz que Jean Wyllys será intimado no caso Adélio,Fake
Vídeo que circula nas redes sociais dizendo haver um censor do TSE (Tribunal Superior Eleitoral) durante a gravação de um programa da Jovem Pan,Fake
"Mike Lindell diz que 5,1 milhões de votos foram roubados de Bolsonaro",Fake
Dr. Jairinho processou vereador do PSOL por chamar Bolsonaro de miliciano,Fake
Vídeo mostra manifestação de indígenas contra o governo Lula,Fake
"""Bandeira talibãs foi hasteada no palácio presidencial de Cabul"".",Fake
Governo Lula vai aumentar o ICMS e gasolina vai ficar mais cara,Fake
"Vídeo no TikTok mostra o cantor Gusttavo Lima em show enquanto plateia grita “Ei, Bolsonaro, vai tomar no c*”. É possível ler na peça as seguintes frases: “O cantor teve três shows cancelados na Bahia”, “vai apoiar genocida tirador de direitos dos trabalhadores” e marca a localização como sendo em Aracaju, “Brazil”.",Fake
Carta de Sergio Moro ao povo brasileiro,Fake
"Daniel Vorcaro surtou na prisão e ""entregou tudo"". O nome de Lula e do STF na boca do banqueiro",Fake
Pesquisa Datafolha em Porto Alegre aponta Sebastião Melo com 54% dos votos válidos.,Fake
Um mesmo mesário ativou 5 mil urnas em 4 dias em Campinas e no Guarujá,Fake
Bolsonaro quer tirar os domingos e feriados do povo,Fake
O ex-presidente Lula pediu autorização ao Supremo Tribunal Federal (STF) para passar lua de mel em Dubai,Fake
Manifestantes ficaram nus em protesto contra Bolsonaro na UFMG,Fake
Fernando Haddad confessou ter estudado só dois meses de Economia,Fake
Site de enquetes é uma forma de saber quem realmente está na frente das pesquisas eleitorais para presidente em 2022.,Fake
"""Médico que atendeu o Presidente Bolsonaro após ele receber a facada. Ele disse tudo!!! Como estamos nos sentindo nesse momento! Chorei!!! Que Deus ilumine e abençoe o nosso querido Presidente nessa hora tão difícil!!!""",Fake
Governo federal assumirá controle das polícias militares com a PEC da Segurança Pública,Fake
Governo Lula vai descontar 35% do FGTS,Fake
Vídeo mostra manifestação no Recife contra prisão de Bolsonaro,Fake
Vídeo mostra o estado de Bolsonaro internado em 2026,Fake
Bolsonaro pretende extinguir o IPVA,Fake
Mal começou as votações e Pablo Marçal foi desmascarado ele assinou o documento falsificado Foi diretamente para o xilindró lá ele vai ver o sol nascer quadrado,Fake
"""Os media falaram tanto da ida do Presidente Bolsonaro à Aparecida, mas ficaram caladinhos com a ida do Lula ao Morro do Alemão e ainda usando boné de uma fação.""",Fake
Sanções dos EUA a Alexandre de Moraes podem paralisar trabalho do STF,Fake
"""O estado do Arizona comunicou à governadora Katie Hobbs que as urnas eletrónicas estão oficialmente banidas por não atenderem os requisitos constitucionais de segurança do voto.""",Fake
"Ministros do STF têm vale alimentação de R$ 90 mil por mês, R$ 11 mil de auxílio-aluguel e direito a 220 funcionários ao seu dispor",Fake
Lula foi xingado em apresentação de percussionistas em Paris,Fake
Metrô de Nova York exibiu anúncio que mostra Bolsonaro como Pinóquio,Fake
César Tralli e Nikolas Ferreira divulgam lista de beneficiários do INSS que podem receber indenização por descontos indevidos e dados vazados,Fake
Lula disse que vai censurar religiosos e militares,Fake
Vídeo mostra que STF poderá confiscar investimentos,Fake
"Agronegócio deve ser eliminado da Terra, diz Lula e MST",Fake
TSE descarta 200 mil urnas para apagar rastro da fraude e enterrar qualquer chance de auditoria,Fake
"""ATENÇÃO GAÚCHOS! Deputados do RS acabaram de ajudar a derrubar uma emenda que ANISTIAVA as parcelas da dívida do RS nos próximos 36 meses, ou seja, mesmo com o estado DESTRUÍDO votaram CONTRA seu próprio povo""",Fake
"""EUA reconheceram vitória da UNITA nas eleições angolanas"".",Fake
"Depois de Bolsonaro cortar 381 mil beneficiados do Bolsa Família, criado pelo PT, manipula dados dizendo que terá 13° salário.

Além dos cortes, não aumentou o ganho real, interrompeu o principal objetivo do programa, que além de distribuição de renda é manter a criança na escola.",Fake
"Quando nós peticionamos o TSE sobre possíveis vulnerabilidades, no dia seguinte não foi acolhido, não se discute nada mais além disso, e nos surpreendeu uma multa de R$ 22 milhões. Essa multa nos abalou e, no nosso entendimento, se a gente viesse a recorrer da multa ou da petição a multa poderia ser agravada e outras coisas poderiam acontecer",Fake
"Fotos mostram lideranças do PSOL sendo presas por compra de votos em Marambaia, Belém",Fake
Haddad anuncia volta do projeto bolsa travestis no valor de 1.800 reais,Fake
Messi usou camiseta com foto de Bolsonaro,Fake
Foto mostra manifestação pró-Marçal na avenida Paulista,Fake
ABSURDO: Ex-presidiário do Lula vai fazer reforma nos presídios do Brasil. 'Presídio de Luxo' #fazol,Fake
"Bolsonaro recebeu doações de 88 milhões de pessoas, diz Receita Federal",Fake
Este vídeo mostra Lula sendo alvo de protesto de seus vizinhos após de mudar para condomínio de luxo,Fake
Milagre! Logo após o Ministro Sergio Moro anunciar que a PF vai investigar os óbitos pelo Covid19 o número de mortos cai em todo país!,Fake
Ciro Gomes diz em áudio que eleição foi armada para beneficiar Lula,Fake
Foto mostra Boulos invadindo sede da Fiesp com o MTST em 2016,Fake
"7,2 milhões de votos foram anulados pelas urnas nas eleições de 2018.",Fake
"Ministro do STF, Luís Roberto Barroso, sugeriu confisco de bens e investimentos para financiar políticas de governo.",Fake
Voto não é obrigatório para eleitores com mais de 60 anos.,Fake
51% dos universitários brasileiros são negros ou pardos,Fake
Alexandre de Moraes confessou que houve fraude nas eleições,Fake
"Depois das eleições, Haddad disse que Lula irá acompanhá-lo no Planalto",Fake
É incorreto o laudo da Polícia Civil que mostrou ser falso o atestado de internação de Boulos divulgado por Pablo Marçal,Fake
Boulos ameaça tirar imóveis de seus respectivos proprietários,Fake
Foto mostra momentos antes da execução de 26 políticos corruptos na China.,Fake
"Como é competente esse STF, apenas 1 minuto e 6 segundos! Dona Carmen deu até uma risadinha. Um primor de profissionalismo!",Fake
Pablo Marçal declarou apoio e voto em Guilherme Boulos,Fake
Tornozeleira eletrônica de Bolsonaro estava contaminada por césio-137,Fake
Nikolas Ferreira divulga site brasileiros resgatarem de R$ 1 mil a 7 mil,Fake
"A Polícia Civil tem há anos levantamentos de quais são estabelecimentos que alimentam a Cracolândia: tem hotel com prostituição, tem ferro velho, tem agente público envolvido (…). A Polícia Civil vinha fornecendo isso para a prefeitura. A prefeitura, por alguma razão que seria leviano — eu tenho a minha tese, mas eu não posso dizer… A prefeitura optou por não afastar os agentes públicos e por não fechar os hotéis e ferro velho.",Fake
Bolsonaro viu imagem de Lula em museu americano,Fake
"""Avenida Paulista, 9/6/2024. Ato Fora Lula e Fora Alexandre de Moraes""",Fake
Celso de Mello se aposentou do STF por invalidez,Fake
"O presidente dos Estados Unidos, Donald Trump, se pronuncia sobre o hantavírus e diz que os “lunáticos de esquerda estão se esforçando ao máximo para trazer de volta os confinamentos e as imposições da covid com todo o seu alarmismo repentino”.",Fake
Olha o candidato a Prefeito de São Paulo na Faixa de Gaza com seus amiguinhos do grupo Hamas. Todos terroristas. Agora essa foto dá pra repassar de 5 em 5: BOULOS NA GUERRA COMO PORTA VÓS DESSA BESTA QUE ESTÁ POR TRÁS DE MUITA COISA?,Fake
Dados em post de Eduardo Bolsonaro sobre meio ambiente,Fake
Demétrio Magnoli é demitido da GloboNews após criticar a possível cassação do mandato do senador Sergio Moro.,Fake
"Governo Lula publica aumento ao Auxílio Reclusão e passará a ser R$1.754,18, maior que o salário mínimo que não teve aumento",Fake
Governo britânico anunciou indenização para vitimas de vacinas,Fake
Depoimento de Lula ao juiz Sergio Moro na Lava Jato,Fake
"PIB do Brasil despenca 1,5% com sistema do governo Lula",Fake
Reportagem do Jornal Nacional mostra que Bolsonaro é inocente da acusação de golpe de Estado,Fake
Marília Gabriela faz duras críticas ao ministro Alexandre de Moraes e ao desgoverno,Fake
Vídeo mostra motociata de Bolsonaro em Porto Alegre no dia 10 de julho de 2021,Fake
Michelle Bolsonaro diz em áudio que Deus falou com ela,Fake
André Ventura venceu a eleição em Portugal e afirmou que vai proibir a entrada do presidente brasileiro Luiz Inácio Lula da Silva no país,Fake
Lula diz que fará a maior indústria de mentiras que já viu na vida,Fake
Vídeo mostra deputado apoiador de Lula agredindo prefeita aliada de Bolsonaro,Fake
Zé Vaqueiro foi vaiado em show no Pará ao falar “Fora Bolsonaro”,Fake
IPVA para as bikes. Lula e Haddad estudam emplacar bicicletas para cobrar IPVA,Fake
Polícia descobriu ‘fazenda de celulares’ de Nikolas Ferreira em SP,Fake
A mídia não divulgou que foi o Exército que trabalhou na obra da transposição do rio São Francisco. Tudo o que Bolsonaro faz eles tentam esconder.,Fake
Um vídeo mostra parte da marcha organizada para pedir a liberdade do ex-presidente Luiz Inácio Lula da Silva,Fake
Governo estuda criar imposto sobre cães e gatos,Fake
Três fotos de Lula em Natal em 16 de junho de 2022,Fake
Governo Lula manda PRF apreender todos os pneus importados,Fake
Silas Malafaia chamou Michelle Bolsonaro de ‘linguaruda do Satanás’,Fake
"O Lula foi o presidente da República que mais ostentou. Seus ternos eram os mais caros que já fiz para um presidente. Adorava ternos confeccionados em seda palha com botões de ouro 24 quilates cobertos com prata para disfarçar. Sempre achei que ele tinha uma alma de burguês, adora o luxo e a riqueza, o resto é populismo para enganar os eleitores inocentes. Ele é bom nisso.",Fake
"Vídeo que circula no TikTok, no qual torcedores do Flamengo aparecem supostamente xingando o candidato à presidência Lula durante uma partida de futebol no Maracanã.",Fake
Título de eleitores com mais de 70 anos e sem pendências na Justiça está sendo cancelado,Fake
Ele admite que teve fraude,Fake
Lula desistiu de ir a São Paulo para não votar em Boulos,Fake
"‘Saques do Tesouro Europeu’.
A revista francesa de sátira política ‘Charlie Hebdo’ ataca o regime corrupto de Zelensky.
Os oligarcas de Kiev enriqueceram fantasticamente enquanto os europeus ficaram cada vez mais empobrecidos.",Fake
“LULA ACABA DE SER EXPULSO DA CASA BRANCA POR TRUMP! JANJA CHORA!,Fake
Montagem mostra presidiários com faixas de apoio ao PCC e pedindo que Alexandre de Moraes fosse indicado ao STF,Fake
Guilherme Boulos quer soltar 42 mil traficantes,Fake
STF quer tornar obrigatório o pagamento de R$ 500 mil em indenização para famílias de criminosos que forem mortos em operações policiais,Fake
"""Chegada de Lula em Portugal""",Fake
Blindado é socorrido e sofre outro acidente. Este é o exército de Bolsonaro a caminho do desfile para pressionar a aprovação do voto impresso hoje.,Fake
Vídeo mostra pastores abençoando tornozeleira de Bolsonaro,Fake
Bolsonaro deu cartada sobre o TSE ao assinar decreto a respeito de participação das Forças Armadas no processo eleitoral,Fake
"Lula ataca mercado financeiro e inventa dados absurdos novamente, dessa vez dizendo que 735 milhões de pessoas passam fome no Brasil",Fake
Alexandre de Moraes admitiu recentemente possibilidade de absolvição de Bolsonaro,Fake
O Gilmar Mendes gosta tanto de usar o X dele que gostaria de ajudá-lo gratuitamente a copreender como funciona a Lei Magnitsky,Fake
"É engraçado ver a Mídia Brasileira de Fake News tentando descreditar a candidatura de Jair Bolsonaro. ERRADO! O cara é o único candidato presidencial respeitoso da lei, honesto, decente e confiável que o Brasil já teve. Faça o Brasil bom de novo. Brasil acima de tudo e Deus acima de todos (em inglês)",Fake
Lula pegou inflação de 80% quando trabalhava na Villares [1966-1972],Fake
Urnas eletrônicas de Cordeiro (RJ) tinham votos computados para Lula,Fake
Vídeo mostra jovem pedindo a prisão de Lula e Moraes ao vivo,Fake
Por que que o candidato senhor Luiz Inácio Lula da Silva está como candidato a presidente da República? A lei só vale para um e outros não? Ele deveria também estar sendo impedido de ser candidato a Presidente da República.,Fake
[A jornalista da Folha Patrícia Campos Mello] procurou Hans para fazer matéria acusando Jair Bolsonaro de fazer disparos em massa de WhatsApp durante a eleição de maneira irregular.,Fake
EUA provaram que houve fraude nas eleições brasileiras de 2022,Fake
Trump vai decretar Jair Bolsonaro como cidadão americano e nomeá-lo embaixador dos EUA no Brasil.,Fake
para tornar obrigatória a ideologia de gênero nas escolas públicas e privadas,Fake
Flávio Dino sugere fechamento do Congresso com apoio do STF,Fake
"No dia do evento, 6 de setembro, o [outro] criminoso tentou entrar na Câmara com a carteira de identidade do cara [Adélio Bispo de Oliveira].",Fake
"Eu, como deputado, em um ano e meio, aprovei três projetos de lei. Dos 513 deputados que tem na Câmara, eu fiquei entre os dez que mais aprovou projetos de lei.",Fake
Vídeo mostra ato a favor da prisão de Bolsonaro na Paulista neste sábado (22),Fake
"Eleitora diz que votaram em seu lugar nas eleições de 2022, quando estava fora do país.",Fake
"A Petrobras, ao longo de 14 anos de PT, se endividou em aproximadamente 900 bilhões de reais",Fake
Foi aprovado o impeachment de Xandão,Fake
Jornalistas da Globo se assustam com fraudes nas urnas,Fake
Lula trocou acordo do Mercosul com a União Europeia por tratado com a França.,Fake
Redes sociais cogitam sair do Brasil após Resolução do TSE.,Fake
Vídeo mostra Putin imitando Bolsonaro em Nova York ao comprar sorvete na rua,Fake
Freixo entrou com ação contra polícia de Goiás por morte de Lázaro Barbosa,Fake
Empresa contratada pelo TSE tem ligação com o PT,Fake
Índios fazem a primeira indiociata e declaram apoio ao Bolsonaro,Fake
"Não caiam na nova jogada suja da esquerda. Pegaram um vídeo antigo no YouTube do então Deputado federal BOLSONARO, onde ele pede para que a população compareça às manifestações do dia 15 de março. Só que essas manifestações eram sobre o impeachment da Dilma.",Fake
"‘Se Flávio Bolsonaro vencer, eu vou embora para Cuba’, diz Lula",Fake
"E agora é montagem??? Esse é o militar que foi pego com 39 kg de cocaína e quem é esse outro de terno, alguém conhece???",Fake
"Mutreta bilionária no Fies teve participação dos réus Haddad, Mercadante, Dilma entre outros",Fake
STF confirma implantação do comunismo e marca o fim da propriedade privada,Fake
Revista Veja usou foto antiga de Lula para dar a impressão de que ele arrasta multidões em 2021,Fake
"Flávio Bolsonaro disse que vai privatizar o SUS, caso seja eleito presidente.",Fake
Ministro Alexandre de Moraes lucra milhões de dólares com o tráfico internacional de drogas,Fake
Veja os nomes dos 31 senadores que votaram contra Flávio Dino no STF,Fake
"Essa anistia, assim como foi em 1979, tem que ser ampla, tem que alcançar todo mundo, tem que ser irrestrita.",Fake
Governo Lula banca 1.337 pessoas na COP28,Fake
Lula reconduz Cerveró ao mesmo cargo na Petrobras,Fake
Ciro Gomes prometeu separar o Ceará do Brasil caso Bolsonaro seja reeleito,Fake
Protesto em Copacabana em 1º de agosto de 2021 a favor do voto impresso,Fake
Terminal do mesário mostra votos de eleitores,Fake
Boulos prometeu incluir linguagens neutras nas escolas,Fake
PEC que limita poderes do STF é aprovada no Senado em setembro de 2024,Fake
Governadores se unem para não mais enviar verbas ao governo federal,Fake
Marília Gabriela detona o ministro do STF Alexandre de Moraes,Fake
Governo mandou entulhar poços artesianos no Nordeste,Fake
Vídeo de jornalista independente afirma que software usado nos EUA e Brasil durante as eleições é passível de fraude,Fake
"""Golpe é isto. Emmanuel Macron, amigo de Lula, anunciou a dissolução do Parlamento e convocou novas eleições. Isto aconteceu depois do seu partido ter sido derrotado nas eleições para o Parlamento Europeu. O nome disso é ditadura e já podemos imaginar como essa história vai acabar.""",Fake
Luciano Hang comemora a indicação de Flávio Bolsonaro à Presidência da República,Fake
Embaixador fala que Bolsonaro é fera mesmo,Fake
Lula foi absolvido na ONU,Fake
"Flávio Dino que ladrões não sejam presos, mas quer prender quem xingar políticos",Fake
TSE admite que o PCC tem sim uma ligação com o PT de Lula,Fake
Vídeo mostra o presidente Jair Bolsonaro em Dubai em novembro de 2021,Fake
Trump disse que Lula é o maior presidente do mundo,Fake
Elon Musk dá 72 horas para que Alexandre de Moraes renuncie ao cargo de ministro do STF senão irá limitar o acesso à internet via satélite usado por companhias aéreas e sistemas de GPS.,Fake
Congresso Americano dá 48 horas para Alexandre de Moraes explicar o que está acontecendo no Brasil,Fake
Ciro Gomes choca o Brasil: ‘Reconheço que a esquerda e o centrão querem atrasar este país. A partir de hoje estou com Bolsonaro’.,Fake
Senador dos Estados Unidos quer a prisão de Alexandre de Moraes,Fake
"Em vídeo, jornalista diz que Vorcaro surtou na cadeia e confessou ter feito pagamentos a Lula e ao STF",Fake
Haddad disse que vai taxar o OnlyFans,Fake
Ministro do STF determinou soltura de Bolsonaro na terça (10),Fake
Moraes retira segurança pessoal de Bolsonaro e aumenta risco de atentado,Fake
Vídeo mostra motociata em direção a Brasília contra a prisão de Jair Bolsonaro,Fake
Barroso pagou 9 milhões para cada líder e vice-líder partidário para que trocassem os deputados que votariam a favor do voto impresso por políticos que eram contrários.,Fake
"A minha geração (...) ainda não está na política como deveria, mas vai estar. A renovação que a gente precisa passa por uma renovação geracional.",Fake
"Senador Magno Malta estava embriagado durante seu discurso na manifestação convocada pelo ex-presidente Jair Bolsonaro em 25 de fevereiro, em São Paulo",Fake
Lula prometeu acabar com trabalho por aplicativo em entrevista à Rádio Passos FM,Fake
Governo mantém lista secreta de estados onde pode ocorrer chuva preta,Fake
"Governo planeja ""Bolsa Traficante"" após operação no Rio",Fake
"Apoio a Bolsonaro neste domingo, 1° de maio em São Paulo",Fake
Lula declara que entrega a nação se o Brasil for invadido,Fake
"Deputados e Senadores brasileiros que foram para a Ucrânia declarar apoio a Zelensky, apagaram todas as postagens e fotos de apoio",Fake
O Brasil foi o último a abolir a escravidão,Fake
"""E o throwback de hoje é: por que Michelle Bolsonaro recebeu R$ 89.000,00 de Queiroz?""",Fake
Obra da transposição do rio São Francisco: o PT roubou e abandonou. Bolsonaro não roubou e terminou.,Fake
"De mim é difícil [Tabata Amaral] ter tirado [intenções de voto], porque eu cresci. Na [pesquisa] Quaest, eu cresci um ponto, na Atlas eu cresci um ponto.",Fake
Polícia Federal apreende dinheiro doado por Helder Barbalho para comprar votos a favor de Lula no segundo turno,Fake
"Enquanto o comício de Donald Trump está cheio, o de Joe Biden está vazio.",Fake
PT pede a convocação de novas eleições,Fake
Lula lendo um livro de cabeça para baixo,Fake
Europa bloqueia bens de Alexandre de Moraes após sanção pela Lei Magnitsky,Fake
Fernando Haddad fez apenas 2 meses de formação em Economia,Fake
"Haddad determinou aumento do Simples Nacional de MEIs em 7,5%",Fake
Muitas pessoas não sabem da mudança no horário de votação,Fake
Não tem explicação a gasolina brasileira estar equiparada ao preço internacional,Fake
"Bolsonaro disse ‘e daí, não sou cozinheiro’ sobre fome no Brasil",Fake
Vídeo mostra Bolsonaro deixando UTI do hospital,Fake
Lula está desfazendo acordo Mercosul-UE acertado por Bolsonaro,Fake
O sistema já sabia quem seria o novo líder religioso do catolicismo através do seriado Os Simpsons.,Fake
Vídeo em que o senador Marcos do Val afirma ter provas claras da intervenção da USAID nas eleições presidenciais brasileiras de 2022.,Fake
Vídeo que mostra tornozeleira eletrônica de Bolsonaro violada foi gerado por IA,Fake
Eduardo Bolsonaro renunciou ao cargo para morar nos EUA,Fake
Projeto prevê 7 anos de cadeia para quem duvidar do sistema eleitoral,Fake
Em pesquisa relâmpago da CNN Moro perder para Bolsonaro na disputa pela presidência em 2020,Fake
Abaixo-assinado pela libertação de Bolsonaro já tem 40 milhões de assinaturas,Fake
Foto mostra PCC com faixa de apoio à indicação de Alexandre de Moraes ao STF.,Fake
Joaquim Barbosa rasgou a Constituição brasileira diante de seus colegas do STF,Fake
"O Brasil foi classificado pela OEA, como um país governado por um ditador ! Não fará parte da comissão de Direto",Fake
E eu fui a única deputada dos mais votados [na última eleição] que conseguiu aumentar de votação.,Fake
Modelo baseado em lei matemática de Benford prova fraude em eleições,Fake
Governo concluirá pavimentação de Transamazônica,Fake
O governo Lula reconheceu que Jair Bolsonaro não é genocida,Fake
A esquerda odeia que você entenda de dinheiro porque o próprio presidente Lula falou que quem ganha mais de quatro mil reais não vota nesse tipo de partido.,Fake
Fernando Haddad (PT) vai taxar a OnlyFans e os criadores brasileiros de conteúdo da plataforma,Fake
Governo está pagando até R$ 7 mil para todos os brasileiros por causa de vazamento de dados.,Fake
Ponte do Rio Araguaia foi completamente construída no governo Lula,Fake
"PF apreende van com 152 urnas eletrônicas, dessas 121 estavam preenchidas com votos para o Haddad",Fake
"Senador Randolfe Rodrigues faz críticas a Dias Toffoli e Alexandre de Moraes, em ataque ao Estado Democrático de Direito",Fake
Bolsonaro está internado em hospital público,Fake
Bolsonaro disse que idoso só presta para gastar na farmácia,Fake
Lula foi xingado durante encontro com movimentos sociais em outubro de 2021,Fake
Esta foto mostra o presidente Jair Bolsonaro ao lado militar preso com cocaína na Espanha,Fake
"""Foi nessa de ‘não vou votar em ninguém’, que a direita entregou o Chile para os comunistas, pois eles, os comunistas, votaram em massa. Qual foi o resultado de ‘não vou votar em ninguém’? Houve 53% de abstenções nas eleições do Chile. A direita não foi votar. A esquerda agradece, otários.""",Fake
Alexandre de Moraes disse à revista Veja “Meu único erro na vida foi achar que algum dia eu errei”,Fake
"""Que estranho, um vírus tão mortal que não matou nenhum político... Será que o ""vírus"" é corrupto?""",Fake
Bombas da transposição do rio São Francisco foram desligadas após Lula assumir o poder,Fake
Guerra Diplomática no Ar: Ibrahim Traoré Revela Segredos que Ameaçam Lula,Fake
Policiais de 12 estados diz que vão parar em apoio à Bolsonaro.,Fake
"Ele arrumou esse negócio, essa bandidagem dele aí, ele colocava o computador em uma casa, e a casa só ficava lá com o computador, eu não operava esse negócio. Eu ia arrumar o computador. Só que algumas vezes ele me pedia favor. Cara, tem como você abrir uma lista aí? Tem como você mandar um email?",Fake
"Vídeo cita propostas de Lula, como perseguir religiosos e acabar com a família",Fake
Nikolas Ferreira vota para encarecer a conta de luz e foge das redes,Fake
"Cobradora diz que homem que incendiou ônibus em Brasília gritou ‘Fora, Bolsonaro!’",Fake
"O PT foi tão bom para o trabalhador, mas tão bom, que o salário mínimo é menor que o auxílio reclusão. No governo do PT, o ladrão ganha mais do que o trabalhador.",Fake
"""O recado da maioria do congresso Nacional está claro para o Presidente, deixe a gente roubar, ou você não governa""",Fake
Lula quer implantar restrições autoritárias contra religiosos inspiradas na China,Fake
"Vídeo publicado no YouTube com um trecho de uma coletiva de imprensa. Na gravação, o senador Alessandro Vieira (PSDB-SE), acompanhado do também senador Randolfe Rodrigues (Rede-AP), fala sobre a apresentação de um pedido de impeachment contra dois ministros do STF, Alexandre de Moraes e Dias Toffoli. A motivação seria o inquérito sobre ataques ao STF, do início de 2019, por meio do qual ministros chegaram a retirar do ar reportagens com citações sobre o então presidente da Corte, que era Toffoli.",Fake
"Postagens no Twitter, no Facebook e no grupo de Telegram do deputado federal Deltan Dallagnol (Podemos-PR), em 24 de abril, afirmam que alguns versículos da Bíblia serão banidos das redes sociais caso o Projeto de Lei 2630/2020, o “PL das Fake News”, seja aprovado. Em uma imagem, há menção a 11 versículos bíblicos que tratam de temas como submissão feminina, relações homossexuais e aplicação de castigos físicos às crianças. “Até a fé será censurada se nós não impedirmos a aprovação do PL da Censura que terá sua primeira votação AMANHÃ!”, escreveu.",Fake
"A pedido do MJ, STF torna ilegal operação que apreendeu 45 fuzis de guerra em mansão na Barra da Tijuca",Fake
Lula disse que comprou votos para vencer as eleições de 2022,Fake
"Reportagem mostra fraude nas urnas eletrônicas de Caxias, no Maranhão",Fake
Comparação entre foto do Diretas Já e imagem do ato pelo voto impresso,Fake
Lula visita Marcola e Fernandinho Beira-Mar na penitenciária,Fake
Governo do Ceará não foi buscar avião com vacinas enviadas pelo governo federal,Fake
WhatsApp está banindo temporariamente usuários que façam parte de grupos antidemocráticos ou que tenham criticado o ministro do STF Alexandre de Moraes no X. A Polícia Federal está confiscando essas contas e as investigando.,Fake
Cármen Lúcia confessa que Lula não foi eleito,Fake
"""Governo de António Costa recusa divulgar nomes de quem recebe pensão vitalícia"".",Fake
Fernando Haddad criou o Enem,Fake
Ministro Alexandre de Moraes é dono de uma fazenda avaliada em R$ 100 milhões,Fake
Flávio Dino diz ser fã de primeira dama do CV em vídeo,Fake
Lula desistiu de apoiar Boulos e não vai viajar a São Paulo para votar no segundo turno,Fake
Mulher de reeducando (preso) não paga mais passagem de ônibus; Lula liberou a carteirinha,Fake
Polícia descobriu galpão com 100 mil celulares em fazenda de engajamento de Nikolas Ferreira e Flávio Bolsonaro,Fake
Ciro Gomes volta da Europa e vota em Bolsonaro,Fake
"Renato Barroso, apresentador de um canal no Youtube, afirma que não tem como fazer recontagem ou auditoria dos votos dessa eleição",Fake
Governo Lula excluiu a arte religiosa da Lei Rouanet,Fake
"O Mantovani, um dos agressores de Moraes, que é um empresário rico, teve a cara de pau de pegar o auxílio emergencial, tirando o lugar de quem precisava",Fake
Vídeo de cerca de nove minutos publicado no YouTube mostra uma sequência de imagens de manifestações e invasões para sugerir que eleitores de Luiz Inácio Lula da Silva (PT) estariam promovendo ilegalidades após o petista vencer as eleições. O conteúdo é acompanhado do título “Urgente! Eleitores do LULA já começaram a aterrorizar o Brasil. Cenas fortes”.,Fake
Jair Bolsonaro admitiu que Flávio Bolsonaro participou de esquema de “rachadinha” e desvio de R$ 54 milhões,Fake
Bolsonaristas incendiaram banheiros químicos em Brasília durante voto de Moraes,Fake
STF autorizou monitoramento de todas as comunicações de brasileiros,Fake
Bolsonaro disse que enfermeiros só servem para servir sopa,Fake
Lula foi o que mais gastou em viagens na história do mundo,Fake
"Nas eleições gerais de 2022 foram anulados 7,2 milhões de votos pelo TSE",Fake
Mário Sérgio Cortella escreveu texto sobre não atirar pedras nos políticos durante a pandemia,Fake
VEJAM ESSE VÍDEO: FLAVIO DINO ABRAÇADO COM O ASSASSINO DE MARIELLE FRANCO,Fake
Declarações de Lula (PT) e Jair Bolsonaro (PL) sobre o aumento de preços de combustíveis,Fake
"Eu tenho convicção de que realmente tem fraude. As informações que nós temos aqui, um dia a gente quem sabe a gente vai disponibilizar, é que o Aécio ganhou em 2014, é que eu ganhei em 2018 em primeiro turno",Fake
"""Bolsonaro venceu as eleições do Brasil com 73,5% dos votos"".",Fake
"""Fraude explícita. O TSE [Tribunal Superior Eleitoral do Brasil] cometeu uma ""falha"" e acabou a mostrar a vitória de Bolsonaro com 55% dos votos.""",Fake
"Lurian, filha do Lula, criou em 2003 a Rede 13, ONG para arrecadar alimentos para os pobres. Após receber repasse de 7 milhões do Governo Federal, embolsou o dinheiro e fechou a ONG. Os pobres ficaram sem a comida",Fake
"Lamentavelmente, a obra [do Hospital Regional de Divinópolis] está parada há quatro anos; o atual governo [Pimentel] não colocou, aqui, um tijolo",Fake
QR code do título de eleitor vira voto para Lula,Fake
Alckmin e Moraes são cercados e vaiados em Brasília,Fake
STF decidiu em 2018 que vacinação obrigatória seria inconstitucional ao analisar ação movida pelo PSOL,Fake
Mesária bolsonarista desesperada com alta adesão a Lula em Londres tentou incitar fraude falando que as pessoas eram obrigadas as votar no Bolsonaro. Deu confusão e quebraram a urna. A votação teve de ser feita em papel.,Fake
"Post reproduz três vezes, em looping, imagens gravadas em uma área rural com um helicóptero decolando e outro em terra, e uma pessoa mostrando um documento. Na primeira vez, uma mulher diz: “Eles tão notificando as áreas embargadas e estão dando cinco dias para tirar os animal (sic)”. Na segunda, um homem afirma que a Amazônia foi vendida na época dos governos de Dilma Rousseff e Luiz Inácio Lula da Silva (PT) e que ONGs estrangeiras se beneficiariam. Na terceira e última vez em que a gravação é exibida, outra voz cita que, no governo de Jair Bolsonaro (PL), foram retomadas terras que o PT havia entregado a outros países.",Fake
Marçal se uniu a Janones e Boulos,Fake
Lula tuitou que irá bloquear poupanças para manter Auxílio Brasil,Fake
Marcos do Val recebeu R$ 50 milhões para apoiar Pacheco à presidência do Senado em 2023,Fake
Bolsonaro é recebido por apoiadores durante passeio de carro nos Estados Unidos,Fake
Kiev está acabada. Irão os russos parar lá ou irão mais além? Descobre mais no Political Briefing.,Fake
Fraude nas urnas.,Fake
Lula disse que quem não tem cartão de vacina não vai poder trabalhar,Fake
“Temos de ter a consciência que 42.000 enfermeiros custam 17 milhões ano” e “230 deputados custam 105 milhões”,Fake
O Globo já sabe resultado do segundo turno e mostra vitória de Lula,Fake
Alexandre de Moraes tenha proibiu vídeos com falas de Fux e Barroso sobre corrupção,Fake
"Nós acabamos com a fome em 2014. Quando eu voltei [à Presidência], tinha 33 milhões de pessoas passando fome.",Fake
Decisão do STF 'liberou' presos por roubo de celulares de até R$ 500,Fake
Exército brasileiro rompe com o governo federal e faz acordo com Exército americano,Fake
Capa da Veja mostra declarações do ex-presidente Lula sobre ministros do STF,Fake
"Olha gente, eu apertei 17, e tá aparecendo nulo olha aqui. Sou eleitor do Bolsonaro. Urna adulterada, pode chamar a polícia pra me prender",Fake
Autor de música que critica STF foi preso a pedido de Alexandre de Moraes,Fake
TV americana veicula gráfico distorcido sobre resultados eleitorais na Flórida.,Fake
"As urnas chegando de táxi aqui no Colégio Suécia. As urnas chegando de táxi, nem polícia é",Fake
Pesquisas apontam que 95% dos brasileiros apoiam Alexandre de Moraes e exigem Bolsonaro e seus cúmplices na cadeia,Fake
Governo Lula está cobrando 200 reais para donos de poços artesianos usarem a instalação,Fake
"Dória recebeu R$ 19,5 bilhões de Bolsonaro para o combate à covid-19",Fake
Irmãos de Lula e Flávio Dino estão envolvidos no esquema do INSS,Fake
Renan Calheiros elogiou Bolsonaro em conversa vazada pela Lava Jato,Fake
"Ali era uma relação de trabalho. Os computadores ficavam em alguns ambientes, ele me ligava “parou de funcionar”, eu ia, desligava os cabos, limpava a memória, colocava o computador para funcionar, abria um programa e deixava aberto, ele fazia acesso remoto, e eu ia embora. Eu não ficava o tempo inteiro. Por R$ 350 tomei um processo de 13 anos e tenho que ficar ouvindo que sou ladrão por isso.",Fake
Colocar número do candidato ao lado de assinatura no caderno de votação é uma maneira de auditar as eleições,Fake
"Em 23 de outubro de 2009, portanto são oito anos e meio, a numeração do habeas corpus, em de mais de 100 anos de corte constitucional, estava em 99 mil.",Fake
"URGENTE: Presidente Lula acaba de anunciar que a partir do dia (18/03) quem ganha até R$ 5 mil, não vai pagar mais imposto de renda no Brasil.",Fake
Lula disse que eleições na Venezuela terão resultado que Maduro quiser,Fake
"O presidente LULA acaba de virar capa da TIME, uma das maiores revistas do mundo!",Fake
Governo Lula vai pra cima dos pobres e pode confiscar FGTS de endividados,Fake
Medida Judicial permite obtenção de cashback via Procon,Fake
Donald Trump declarou apoio a Jair Bolsonaro em 2026,Fake
Portugueses montam outdoors em várias praças pedindo um ‘Bolsonaro’ para Portugal,Fake
"Homem afirma, em vídeo, que o eleitor pode perder o voto caso aperte a tecla “Confirma” ao aparecer mensagem de verificação “Confira seu voto” na tela da urna eletrônica.",Fake
Governo editou decreto que aumenta alíquota do Imposto de Renda,Fake
Esquerda derrubou MP proposta por Bolsonaro que melhorava fiscalização do INSS,Fake
Shakira delcarou apoio a Flávio e a Jair Bolsonaro durante show em Copacabana,Fake
"O Governo tem violado a diretiva comunitária, em especial na parte em que não se deve fazer o transporte no verão e que este não deve exceder as 8 horas.",Fake
"BONNER MANIFESTA PREOCUPAÇÃO COM O GOVERNO LULA. FAZ O ""L"" AGORA",Fake
Lula foi capa da revista Time de maio de 2026,Fake
"Governo de Santa Catarina isentou IPVA para barcos e aviões, enquanto carros continuarão pagando",Fake
Alexandre de Moraes admitiu que é comunista e que o STF é socialista,Fake
"""O Governo guardou 98% da verba que tinha para os cuidadores informais na gaveta.""",Fake
"Foto de duas caixas com ""cédulas rejeitadas como ilegais"" e ""cédulas aceitas como legais"" provam a fraude nas eleições dos Estados Unidos em 2020.",Fake
G1 noticia que Lula disse que nem Deus tira a eleição dele,Fake
"A vice-presidente argentina se vacinou contra a Covid-19 sem máscara, e a enfermeira sem luva.",Fake
Eduardo Paes levou Lula ao jogo do Vasco e eles foram recebidos com xingamentos,Fake
Boslonaro e Nikolas Ferreira pedem doações via vaquinha para manifestação do dia 25,Fake
Comediante é preso a mando do STF,Fake
Projeto do presidente Lula para confiscar bens e heranças como patrimônio do governo foi derrotado,Fake
Barroso mentiu ao dizer que parlamentares defenderam contagem manual dos votos nas eleições,Fake
"Presidente do México, Claudia Sheinbaum, oferece proteção a Maduro",Fake
"O presidente do Paraguay decidiu ELIMINAR as ""bolsas-tudo-que-é-coisa"" porque diz que isso cria vagabundos e eterniza a pobreza",Fake
Coca-Cola vai passar a vender produtos menores no Brasil pelo mesmo preço por conta do governo Lula,Fake
STF teve despesas no valor de R$ 555 bilhões em 2016,Fake
Lula cobra R$ 247 milhões para que nordestinos tenham água da Transposição do São Francisco,Fake
"Flávio Dino foi pra lá [Natal (RN)] e liberou 100 milhões de reais para o 'fundo carcerário'. Para melhorar a vida dos prisioneiros, para melhorar pros presidiários. Ou seja, ele foi lá e negociou com o crime organizado",Fake
"Prestem muita atenção! Esse é Frei Betto, irmão de Lula. Veja o que ele disse.",Fake
"Sob Lula, brasileiros estão indo embora do país no maior movimento de migração da história",Fake
Michelle Bolsonaro foi recepcionada por Donald Trump no após desembarcar de avião nos EUA,Fake
"vazou um áudio do ministro Flávio Dino falando que seu objetivo é arruinar a economia, aumentar o desemprego, destruir o comércio e deixar o povo desabastecido",Fake
Bolsonaro foi hostilizado em restaurante de Buenos Aires com gritos a favor de Lula,Fake
"Fui absolvido pela Suprema Corte, fui absolvido na ONU, na primeira e na segunda instância",Fake
Fies foi criado no governo Lula,Fake
Capa da ‘Veja’ descarta possibilidade de reeleição de Bolsonaro,Fake
Governo Lula quer banir o WhatsApp do Brasil,Fake
Exército sairá da Amazônia e da fronteira por ordem do governo Lula,Fake
Tarcísio de Freitas divulga link para consulta e saque de indenização por vazamento de dados,Fake
"Lula gastou R$ 1,4 bi no cartão corporativo e Bolsonaro apenas R$ 27 milhões",Fake
Lula rebate Trump e diz que o povo brasileiro está disposto a dar a vida por ele numa eventual guerra,Fake
Lula diz em palestra do UOL que acabará com o PIX,Fake
Lula não consegue sair do Paraná em setembro de 2022 devido à fúria do povo,Fake
Lula vetou vacina contra a meningite,Fake
Governo anunciou que vai suspender contratos com Starlink,Fake
"Bolsonaro: O novo coronavírus “se dá melhor” em climas frios, jovens podem ficar tranquilos, hidroxicloroquina e azitromicina são úteis",Fake
Vídeo mostra Eduardo Bolsonaro apanhando de população,Fake
"""Moro escreveu carta defendendo redução de Congresso e voto facultativo?""",Fake
Votos pró-Trump foram encontrados em uma estrada no estado de Michigan,Fake
Policiais militares denunciam fraude em urnas do DF,Fake
O presidente da Holanda confirma que teve fraude na eleição presidencial no Brasil,Fake
Militar preso com os 39 quilos de cocaína em avião presidencial. Só coincidência.,Fake
Seções nas quais Bolsonaro obteve zero votos provam que houve fraude eleitoral,Fake
"Quem que apresentou projeto que ataca a corrupção nos últimos governos durante todos esses escândalos de corrupção, pelo menos desde 2014? Praticamente ninguém apresentou nada.",Fake
Foto mostra comparação do estado da BR-163 nas gestões de Lula e Bolsonaro,Fake
Lula diz no Piauí que políticos não devem cuidar de pobres,Fake
Governo Lula anunciou que vai acabar com o Bolsa Família,Fake
Igrejas Católicas estão sendo perseguidas pelo atual governo. Alexandre de Moraes ameaçou prender Dom Paulo Garcia por causa de desabafo,Fake
"Depois que Lula assumiu a presidência, a fome aumentou",Fake
"Nos EUA, outrora referência em liberdade, garota de 9 anos é detida pela polícia por estar dentro de um museu e não ter se vacinado.",Fake
Decreto 11273 coloca o Brasil em Estado de Guerra e dá a Bolsonaro o controle de todas as polícias,Fake
Flávio Dino estava envolvido em esquema de desvio de verba da saúde no Maranhão e mesmo assim virou ministro da Justiça,Fake
"""Quem não fizer a biometria eleitoral terá de pagar multa de R$ 150""",Fake
O Nunes colocou as câmeras na cidade e não tem um trabalho feito com essas câmeras.,Fake
Artista criou escultura de Lula na praia,Fake
"Parabéns ao primeiro vice-presidente católico da América. Orgulha a maior igreja do mundo, JD Vance.",Fake
Juiz de Sergipe morreu após pedir inclusão de irmão de Lula em inquérito sobre fraudes no INSS,Fake
Governo Lula vendeu precatórios para bancos,Fake
"Barreiras tem mais votantes que habitantes, em 2022",Fake
Bolsonaro descobriu uma conta de 600 bilhões no Banco Central,Fake
Foto mostra manifestação pró-Bolsonaro em Copacabana no dia 7 de setembro,Fake
Existe uma narrativa de que na Venezuela não existe democracia,Fake
Hackers invadiram o sistema do TSE durante a totalização de votos do primeiro turno das Eleições 2022,Fake
Moraes e Barroso estão escondidos na embaixada do Brasil em Roma,Fake
"""Sem saber que estava sendo filmado, Klaus Schwab, presidente do Fórum Económico Mundial, diz: temos todos eles em nossos bolsos, políticos, mídia e, acima de tudo, os nossos especialistas e cientistas""",Fake
"Durante o ""salve geral"" do PCC em 2006 foi colocada uma faixa que dizia ""Alexandre de Moraes no STF""",Fake
"Mais de 20 ONGs brasileiras receberam dinheiro da USAID nos anos de 2023 e 2024, coincidentemente após o início do mandato de Lula",Fake
Site do TSE mostra o total de doações recentes feitas por apoiadores para Bolsonaro via Pix,Fake
"Invasão no Congresso de 2006 foi considerada ""liberdade de expressão""",Fake
Eduardo Bolsonaro disse que o governo dos EUA virá ao Brasil resgatar Jair Bolsonaro,Fake
Comício de Lula em Florianópolis não teve público.,Fake
Muitos corpos dos que morreram na queda do helicóptero do Presidente Raisi foram queimados e não podem ser identificados.,Fake
Senador Marcos do Val recebeu 50 milhões em agradecimento ao apoio à reeleição de Rodrigo Pacheco,Fake
Gráfico mostra que Bolsonaro teve recorde de lucro de R$ 170 bilhões nas estatais; Lula teve déficit de 7 bilhões,Fake
Janja disse que compra em libras enquanto Michelle Bolsonaro fala em Libras,Fake
"Bolsonaro criou o PIX, que tira bilhões dos bancos em tarifas abusivas e ajuda o microempreendedor, autônomos e informais",Fake
"Lula confirma que Bolsonaro deixou Presidência com R$ 1,45 trilhão em reservas internacionais",Fake
CCJ suspendeu o julgamento da trama golpista,Fake
Alexandre de Moraes visitou Marcola em presídio em Brasília em 2023,Fake
"Quando fui presidente, geramos 22 milhões de empregos com carteira assinada.",Fake
Luana Piovani diz que a fraude nas eleições presidenciais estará comprovada caso Jair Bolsonaro não seja eleito em primeiro turno e que não gostaria de ter filhos homossexuais.,Fake
"Torcida do Fluminense grita ""volta, Bolsonaro"" no Maracanã em 2024",Fake
Quadro de saúde de Lula piorou e Alckmin se prepara para trocar ministérios,Fake
Vídeo de Alexandre Moraes sendo hostilizado na Itália,Fake
Drones escrevem Pablo no céu para Marçal,Fake
Lula aparece em foto apertando a mão de Vorcaro,Fake
Gestões petistas demarcaram mais terras indígenas do que outros governos,Fake
Vídeo mostra ato pró-Islã após Zohran Mamdani ser eleito prefeito de Nova York,Fake
Foto mostra Alexandre de Moraes com boné da USAID,Fake
Escultura em Homenagem a Jair Bolsonaro na praia de Copacabana,Fake
"Advogado divulga ""Indeniza Brasil"", programa do governo federal para compensação financeira por dados vazados",Fake
Eleitor morto em 2010 teve voto computado para Lula em 2022,Fake
Governo Lula vai taxar o Pix,Fake
"Luís Roberto Barroso (STF) disse, em live com juízes franceses, que “Bolsonaro será reeleito se passarem por cima do meu cadáver”.",Fake
STF decide que dinheiro público roubado não precisa ser devolvido passados cinco anos da descoberta do caso,Fake
"Instituto Lula fica no mesmo endereço do Ipec, que realiza pesquisas eleitorais",Fake
"Policiais federais, civis e militares invadiram o congresso nacional hoje e a mídia ficou caladinha.",Fake
"Eu não interferi no TSE, o outro lado interferiu.",Fake
Ovos foram atirados em Lula durante comício,Fake
Este vídeo mostra o presidente da Ucrânia cantando com sua esposa,Fake
"“O CDS celebrou um acordo para a formação de governo apenas com o PSD e com o PPM, isto que fique muito claro”. O Chega ""está fora, não pertence"" à solução de Governo.",Fake
Tenho muito orgulho do que estava a fazer em 2009. Estava a reduzir em 40% a dívida da câmara de Lisboa depois de um conhecido apoiante seu ter conduzido a câmara a uma crise tal que levou às primeiras eleições antecipadas numa câmara por rutura financeira e política.,Fake
Lula manda resposta afiada para Estados Unidos,Fake
Lula é contra o auxílio e contra a distribuição de renda para os mais pobres,Fake
Lula disse que o Brasil está sob ameaça real de invasão durante visita de Cyril Ramaphosa,Fake
"A questão é que o Conselho de Ética da Câmara, do qual eu sou membro, tem uma jurisprudência que é a seguinte: você só pode julgar o deputado por algo praticado naquela legislatura",Fake
Bolsonaro confessou: Lula foi preso em 2018 para eu vencer as eleições,Fake
Haddad andou de Ferrari na campanha eleitoral,Fake
Juíza dos Estados Unidos manda recado a Alexandre de Moraes,Fake
"Governo Lula gastou R$ 1,4 bilhão em cartão corporativo e Bolsonaro, R$ 27 milhões",Fake
Bolsonaro diz em vídeo que será candidato em 2026,Fake
"Mortes na pandemia em Taiwan, Austrália e Japão mostram que as vacinas contra a covid-19 não são eficazes",Fake
"Barroso disse que 'eleição não se ganha, se toma'",Fake
Nunca vi o Lula pronunciar essa palavra [fascista] para se referir a ninguém.,Fake
Intercept pediu desculpas e disse não ter provas para reportagem sobre cinebiografia de Jair Bolsonaro,Fake
Bolsonaro disse que vai cortar o salário mínimo e as aposentadorias,Fake
Supercomputador do TSE não é físico e tribunal não controla equipamento,Fake
Eleitor que não levar caneta não poderá votar,Fake
Fui o primeiro presidente a pegar a lei de teto [de gastos],Fake
"Posts que circulam nas redes sociais mentem ao afirmar que ""mesários bolsonaristas não vão entregar aos eleitores os comprovantes de votação e nem exigir assinatura no livro de registro"" para, ao fim da apuração, ""alegarem que há mais votos nas urnas do que eleitores confirmados"".",Fake
Plano de governo petista prevê nova Constituição e descriminalização das drogas,Fake
Bolsonaro diz que tumulto em Aparecida mostra fracasso da igreja de Roma e que nenhum padre ou bispo pode dizer onde ele pode fazer campanha,Fake
A Tesla de Elon Musk já perdeu R$ 186 bilhões em valor de mercado após os ataques do ex-trilionário a Alexandre de Moraes!!,Fake
"Fernando Pigatto, presidente do Conselho Nacional de Saúde, pediu para cancelar o piso salarial dos enfermeiros",Fake
Governo vai embolsar parte do lucro do FGTS que não será distribuído a trabalhadores,Fake
Senadores da Pensilvânia declararam fraude na eleição presidencial no estado,Fake
"Em 2022, o número de Jair Bolsonaro na urna é 17",Fake
Vídeo no Japão mostra que Lula foi substituído por sósia de 10 dedos,Fake
Consulta Brasil. Notícia: Até o fim desse mês este valor está disponível para mais de 8 milhões de pessoas! Consulte gratuitamente o valor disponível para você por tempo limitado,Fake
Bastaram dois anos para que o Brasil voltasse ao mapa da fome.,Fake
Haddad declarou a impossibilidade de o governo pagar funcionários públicos e PIB está caindo,Fake
O ex-presidente Lula disse que negros são escravos e vagabundos.,Fake
sso é grave. Ministro Cássio Nunes lê texto que revela as fr4ld3s. Explica isso TSE. Urnas adulteradas ou fraudadas,Fake
Trump disse que reconhece somente Lula como presidente e que não concederia asilo político a Bolsonaro.,Fake
Fernando Haddad é investigado por rombo no Fies,Fake
Chefe do servidor do TSE exonerado que apontou falhas na fiscalização das inserções também faz o L,Fake
"Quando foi criada e aprovada a lei do piso do magistério em 2008, Jair Bolsonaro era deputado e votou contra",Fake
"Publicação afirma que o site Intercept publicou a denúncia de que o deputado Eduardo Bolsonaro doou R$ 160 mil em dinheiro público para a campanha de Donald Trump, que é novamente candidato à presidência dos EUA. O post utiliza uma foto do candidato ao lado do filho de Jair Bolsonaro e do deputado Mário Frias (PL-SP).",Fake
"Cena mostra Jair Bolsonaro caminhando após receber alta da UTI e ser transferido para um quarto no hospital DF Star, em Brasília",Fake
Nós encontramos 186 mil casas abandonadas do Minha Casa Minha Vida,Fake
Os deputados do Rio de Janeiro aprovam ‘Bolsa Preso’ e vale-transporte para parente de detento,Fake
Lula pede para presidente da Bolívia cortar 30% dos gás que vem para o Brasil para prejudicar Bolsonaro,Fake
Alexandre de Moraes passou a presidência do TSE para Dias Toffoli,Fake
Governo havia permitido o aborto até os nove meses de gestação,Fake
Ministro do STF Luís Roberto Barroso confessa ter participado de orgia em Cuba,Fake
"Em São Paulo, 61,09% dos eleitores aptos escolheram se abster ou votar em branco ou nulo no segundo turno das eleições municipais de 2020",Fake
"Àudio vazado do diretor do Datafolha, Mauro Paulino, confessa plano de fraude nas urnas",Fake
Governo italiano pede que Brasil não os envolva em ‘travessuras de bairro’ em referência a suposta agressão à família de Moraes,Fake
Jantar oferecido pelo governo Lula a líderes sul-americanos foi cancelado,Fake
"O ministro da Fazenda, Fernando Haddad, ostenta vida milionária com apartamento, carro, fazenda e acessórios de luxo.",Fake
Lula foi chamado de 'ladrão' na Câmara dos Deputados em fevereiro de 2025,Fake
Protesto contra a prisão de Bolsonaro.,Fake
Lula foi chamado de mentiroso por Biden ao criticar Jair Bolsonaro,Fake
Vídeo de curto-circuito durante temporal compartilhado por Guilherme Boulos foi gravado em São Paulo,Fake
Kit odontológico superfaturado foi comprado pelo governo Lula,Fake
Puma aumenta patrocínio de Neymar após hit no TikTok apoiando Bolsonaro,Fake
A reforma dos políticos é dada ao fim de 15 anos de atividade política.,Fake
"Não é verdade que o governador de São Paulo, Rodrigo Garcia (PSDB), se reeleito, será a favor de fechar Delegacias de Defesa da Mulher, como sugeriu no Twitter Márcio França (PSB), que concorre ao Senado com o apoio de Fernando Haddad (PT), opositor do tucano que tem Lúcia França, mulher do pessebista, como vice.",Fake
Alexandre de Moraes está preocupado com a qualidade das drogas no país,Fake
Lula não foi vacinado contra a covid-19,Fake
STF determina demissão e bloqueio das redes sociais do jornalista Augusto Nunes,Fake
Lula é chamado de ladrão em comício em Belo Horizonte,Fake
"GLO foi assinada e, com isso, as Forças Armadas estão assumindo o controle da nação para diplomar Bolsonaro",Fake
STF proíbe revistas íntimas nos presídios,Fake
Deputado do RN ameaça Lula com arma,Fake
"Com os olhos cheios de lágrimas e gaguejando o Lula fala pela primeira vez sobre a captura de Nicolas Maduro na Venezuela. ""Calma que o grosso ainda vem"".",Fake
Lula aparece em sítio de Atibaia em propaganda eleitoral,Fake
"Trump chamou Moraes de ‘tirano’, ‘psicopata’ e ‘endemoniado’ em anúncio na Casa Branca no último dia 2",Fake
Pilota à frente do avião presidencial é novidade do governo Bolsonaro,Fake
Lula colocou sigilo eterno no cartão corportativo,Fake
"TRE suspendeu o resultado das eleições no site e no aplicativo, apenas em Queimados!",Fake
Ex-presidente Lula crítica depoimento de Antonio Palocci,Fake
Pastor Malafaia atacou Bolsonaro no segundo turno,Fake
Band excluiu vídeocom críticas a ministro do STF e o sistema eleitoral após sofrer ameaças do Congresso e Senado,Fake
Flávio Dino defendeu a desmilitarização das policias do país,Fake
Lula diz que foliões não devem levar celular no Carnaval para evitar roubos,Fake
"Vídeo insinua que Moraes teria envolvimento com a morte do delegado de Angra dos Reis (RJ) Adriano Antônio Soares, responsável por abrir o inquérito para investigar a morte de Zavascki",Fake
Rodrigo Pacheco acatou projeto do voto impresso e abriu votação no site do Senado,Fake
Cantor de paródia é preso por ordem de Alexandre de Moraes,Fake
Lula vai emprestar 5 bilhões para o Caribe,Fake
Daniel Vorcaro surta na prisão e delata Lula e membros do STF,Fake
Gestão de Bolsonaro atinge recorde de médicos no programa Mais Médicos,Fake
Lula fretou o avião mais caro do mundo por R$ 1 milhão,Fake
Prefeito de RS escancara mais uma fake news do ministro do Lula - Mortes na UTI,Fake
Tribunal Militar nega pedido para cassar patente de Bolsonaro.,Fake
The New York Times divulgou delação em que Maduro incrimina Lula e Moraes,Fake
"Deu no Charlie Hebdo: Um mar de corrupção! Não adianta mais processar ninguém, o fuxico já se espalhou pelo mundo! A não ser que o STF queira bloquear o mundo inteiro!",Fake
Lula e o PT têm ligação com o tráfico de drogas no Rio de Janeiro e com as FARC,Fake
Entrevista com cientista política norueguesa Frida Ruzzo sobre fraude eleitoral no Brasil,Fake
"80% do PIB vem do Sul, Sudeste e Centro-Oeste, porém essas três regiões têm 41% das cadeiras no Senado",Fake
Governo divulga lista de beneficiários do INSS que têm direito ao ressarcimento de valores descontados indevidamente,Fake
"Vídeo mostra os feitos do governo Bolsonaro, que incluem aumento do poder de compra e criação do PIX",Fake
Lula confessou que gastou US$ 60 bilhões para comprar votos e vencer as eleições,Fake
"""Instituto Alemão Gefälschte Nachrichten afirma que houve fraude nas eleições do Brasil.""",Fake
Boulos e Marta Suplicy são expulsos de Parelheiros por comerciantes locais,Fake
Foto mostra Jorge Messias chorando após indicação rejeitada ao STF,Fake
STF autorizou o cancelamento da CNH em caso de IPVA atrasado,Fake
"Governo federal e Seara lançam ""Ceia para todos""",Fake
Vergonha no G7: Lula aparece embriagado e constrange delegação brasileira.,Fake
Alexandre de Moraes mandou a PF vigiar e prender Flávia Magalhães nos Estados Unidos ilegalmente,Fake
Ex-médico que estuprou 37 pacientes é solto pelo STF.,Fake
Moraes diz em tom de ameaça depois de 7 de setembro quem comemorar está cometendo crime,Fake
STF decide que furtar celular deixará de ser crime,Fake
"""URGENTE: A invasão hacker do TSE revela a fraude nas urnas com a chancela da justiça eleitoral. Os votos válidos e os de quem justifica estão em banco de dados diferentes. Eles podem descarregar os votos de quem vai justificar na esquerda""",Fake
Desmatamento na Amazônia acelera 67% sob governo Bolsonaro em 2019,Fake
Ministro Alexandre de Moraes hostilizado recentemente,Fake
"Aplicativo Pardal, da Justiça Eleitoral, proíbe denúncias contra o PT",Fake
"Adivinha quem é a mãe dessa pobre moça drogada e perdida??? Pasmem, mas essa moça é filha da deputada Maria do Rosário, a defensora de bandidos que, segundo ela, são pobres vítimas da sociedade. Pois foram essas ""pobres vítimas da sociedade"" que transformaram a filha dela nesse zumbi, vendendo para a guria muitas drogas e bebidas.",Fake
Justiça Eleitoral proibiu relacionar Lula a Maduro,Fake
Flávio Dino se encontrou com líderes de uma das maiores organizações criminosas do mundo,Fake
Trinta mil cabeças de gado foram apreendidas e levadas para Cuba pelo governo Lula,Fake
Vídeo mostra o presidente da Ucrânia e a esposa cantando,Fake
Flávio Dino defendeu cloroquina em entrevista no dia 02/03/2023,Fake
Lula decreta a instalação de banheiros unissex em escolas e instituições de ensino,Fake
STF decidiu que a maconha está liberada para consumo,Fake
Lula da silva interrompido por estar totalmente confuso e bêbedo em público,Fake
Fotos de mulher que produz conteúdo adulto seriam de Tabata Amaral,Fake
Ministro Luís Roberto Barroso já defendeu voto impresso,Fake
Hoje 26-08-25 URGENTE. Moraes foi condenado. Pronunciamento oficial sobre os crimes de Moraes contra os EUA,Fake
"""Em 2019 não era possível fazer eleições internas por estarmos a 4 meses das europeias. No Conselho Nacional não havia problema, porque não ia haver legislativas. Agora, há legislativas dentro de 3 meses, mas já se pode misturar tudo.""",Fake
"25 mil entrevistados no Paraná Pesquisas, registrado no TSE. Bolsonaro vence hoje em todos os estados",Fake
Deputado do PT anunciou que Bolsa Família será de R$ 175,Fake
[Os governos do PT] Fizeram a economia crescer em média 4% ao ano.,Fake
Bolsonaro não manda dinheiro para as emissoras de televisão,Fake
Lula disse que direitos trabalhistas são caros e precisam acabar,Fake
Votos pró-Trump foram encontrados enterrados no Arizona,Fake
Lula disse que não haverá eleições em 2026,Fake
Dezoito governadores declararam desobediência cívica contra o STF,Fake
Katy Perry pede para o povo brasileiro continuar com o Bolsonaro,Fake
Braga Netto é o novo presidente do Brasil,Fake
Polícia bate recorde de apreensão de compra de votos em Fortaleza,Fake
Governo Lula isenta as empresas de recolherem o FGTS dos empregados,Fake
Conde de Portugal escreveu texto laudatório sobre Bolsonaro.,Fake
"O celular de Adélio Bispo, autor da facada contra Jair Bolsonaro, nunca foi periciado",Fake
"""Maçonaria apela ao voto em António José Seguro""",Fake
EUA e Itália podem dar a Bolsonaro passaporte para que ele acompanhe a posse de Trump,Fake
"Taxa do IOF foi reduzido por Lula de 6,38% para 3,5%",Fake
MP Eleitoral cassou direitos políticos de Nikolas Ferreira (PL-MG),Fake
Haddad fica em segundo lugar na eleição para síndico de prédio e culpa grupos de WhatsApp,Fake
120 mil militares da ativa do Exército estão prontos para prender Alexandre de Moraes,Fake
Eu tinha uma cópia do Diário do Congresso. Tá comigo até hoje. O resto foi incinerado ou pintado de negrito,Fake
"O PT quer estabelecer políticas de 36 anos a partir do PL 1/2023, o que é quase uma nova Constituição",Fake
"Indígena discursa na COP-30 e chama governo de ""enfraquecido""",Fake
Flávio Dino exime governo da responsabilidade pelo combate ao armamento de traficantes.,Fake
"ISRAEL: Depois que o povo incendiou a casa do primeiro-ministro há duas semanas em uma grande mobilização, o governo aconselhado pelos ‘especialistas’ decidiu revogar o PASSE DE SAÚDE obrigatório",Fake
"Não tenho patrimônio, vivo do meu salário",Fake
"Fernanda Torres disse: ""Dane-se o povo e os cadáveres, se o vírus cumprir ‘sua missão’ de ‘abreviar’ o governo, tudo está bem""",Fake
"O Brasil inteiro sabe que eu sempre fui rival do PT. Mas agora não há saída: entre Haddad e Bolsonaro, vou de Haddad.",Fake
BMW lança moto em homenagem a Jair Bolsonaro,Fake
Jornal italiano diz que o filho do Alexandre de Moraes agrediu Roberto Mantovani,Fake
PL 982/2025 acaba com necessidade de exame de corpo de delito em todos os casos de violência doméstica,Fake
Frases de Jair Bolsonaro,Fake
Lula foi preso.,True
Lula já foi preso.,True
Lula foi preso em 2018.,True
Luiz Inácio Lula da Silva foi preso em 2018.,True
Lula ficou preso em Curitiba.,True
Lula ficou preso por 580 dias.,True
Lula foi solto em 2019.,True
Lula foi solto em novembro de 2019.,True
Lula não está preso atualmente.,True
Lula está solto atualmente.,True
Lula exerce a Presidência da República em 2026.,True
Lula é presidente do Brasil em 2026.,True
As condenações de Lula na Lava Jato foram anuladas pelo STF.,True
O STF anulou as condenações de Lula na Lava Jato.,True
Lula teve as condenações anuladas pelo STF.,True
Lula recuperou os direitos políticos após a anulação das condenações.,True
O Supremo Tribunal Federal fica em Brasília.,True
O STF fica em Brasília.,True
O STF está localizado em Brasília.,True
O Brasil tem eleições presidenciais.,True
No Brasil há eleições presidenciais.,True
O Brasil realiza eleição presidencial.,True
O presidente do Brasil é escolhido por eleição.,True
O TSE organiza as eleições no Brasil.,True
A Justiça Eleitoral organiza as eleições.,True
A votação no Brasil usa urna eletrônica.,True
Lula está preso.,Fake
Lula está preso atualmente.,Fake
Lula continua preso.,Fake
Lula está na cadeia.,Fake
Lula está detido atualmente.,Fake
Lula foi preso em 2026.,Fake
Lula foi preso preventivamente em Brasília.,Fake
Lula foi preso pelo STF em Brasília.,Fake
Lula nunca foi preso.,Fake
Lula não foi preso em 2018.,Fake
Lula ainda cumpre pena em Curitiba.,Fake
Lula foi declarado culpado pelo STF em 2021.,Fake
O STF fica no Rio de Janeiro.,Fake
O STF fica em São Paulo.,Fake
O Brasil não tem eleições presidenciais.,Fake
O presidente do Brasil não é escolhido por eleição.,Fake
